customer_id,first_name,last_name,email,phone,city,emirate,loyalty_tier,marketing_opt_in,signup_date,updated_at
C00413,Noura,Pillai,noura.pillai413@example.com,+971502511336,Dubai,Dubai,Silver,true,2020-07-01,2025-01-01T00:00:00
C00578,Hassan,Menon,hassan.menon578@example.com,+971505262908,Dubai,Dubai,Platinum,true,2021-05-07,2025-01-01T00:00:00
C01441,Emma,Smith,emma.smith1441@example.com,+971504955049,Fujairah,Fujairah,Bronze,true,2023-01-22,2025-01-01T00:00:00
C00744,Omar,Haddad,omar.haddad744@example.com,+971506585238,Ras Al Khaimah,Ras Al Khaimah,Bronze,false,2023-07-08,2025-01-01T00:00:00
C01544,Hessa,Khan,hessa.khan1544@example.com,+971505904531,Dubai,Dubai,Bronze,true,2021-08-26,2025-01-01T00:00:00
C01381,Zainab,Brown,zainab.brown1381@example.com,+971507286684,Umm Al Quwain,Umm Al Quwain,Gold,true,2024-06-02,2025-01-01T00:00:00
C02172,Olivia,Fernandes,olivia.fernandes2172@example.com,+971504293914,Dubai,Dubai,Silver,false,2024-11-12,2025-01-01T00:00:00
C00320,Ayesha,Santos,ayesha.santos320@example.com,+971504883465,Dubai,Dubai,Silver,true,2020-10-18,2025-01-01T00:00:00
C00081,Oliver,Saleh,oliver.saleh81@example.com,+971502919549,Dubai,Dubai,Bronze,false,2022-07-18,2025-01-01T00:00:00
C00716,Farhan,Khan,farhan.khan716@example.com,+971501838156,Dubai,Dubai,Gold,true,2021-05-12,2025-01-01T00:00:00
C01326,Vikram,Al Falasi,vikram.alfalasi1326@example.com,+971501363358,Abu Dhabi,Abu Dhabi,Bronze,false,2024-10-25,2025-01-01T00:00:00
C02511,Saeed,Mansour,saeed.mansour2511@example.com,+971501360106,Dubai,Dubai,Gold,true,2021-05-26,2025-01-01T00:00:00
C01044,Shamma,Patel,shamma.patel1044@example.com,+971508151117,Al Ain,Abu Dhabi,Bronze,true,2023-01-29,2025-01-01T00:00:00
C00964,Saeed,Saleh,saeed.saleh964@example.com,+971505194038,Fujairah,Fujairah,Bronze,true,2024-02-19,2025-01-01T00:00:00
C00561,Khalid,Khan,khalid.khan561@example.com,+971506314007,Al Ain,Abu Dhabi,Silver,false,2023-01-03,2025-01-01T00:00:00
C01881,Rodel,D'Souza,rodel.dsouza1881@example.com,+971507627284,Sharjah,Sharjah,Gold,true,2021-08-11,2025-01-01T00:00:00
C01997,Hessa,Nasser,hessa.nasser1997@example.com,+971504846296,Dubai,Dubai,Bronze,true,2020-05-29,2025-01-01T00:00:00
C02260,Layla,Al Falasi,layla.alfalasi2260@example.com,+971505934386,Dubai,Dubai,Platinum,false,2020-11-24,2025-01-01T00:00:00
C00548,Dina,Santos,dina.santos548@example.com,+971509924543,Dubai,Dubai,Bronze,false,2024-06-26,2025-01-01T00:00:00
C01807,Olivia,Sharma,olivia.sharma1807@example.com,+971506618685,Sharjah,Sharjah,Bronze,false,2020-12-03,2025-01-01T00:00:00
C00062,Lucas,Taylor,lucas.taylor62@example.com,+971505572250,Abu Dhabi,Abu Dhabi,Bronze,false,2020-09-27,2025-01-01T00:00:00
C00418,Arjun,Haddad,arjun.haddad418@example.com,+971509023619,Sharjah,Sharjah,Silver,false,2022-07-23,2025-01-01T00:00:00
C00815,Farhan,Al Zaabi,farhan.alzaabi815@example.com,+971502920509,Ajman,Ajman,Bronze,true,2020-06-22,2025-01-01T00:00:00
C00127,Lucas,Al Nuaimi,lucas.alnuaimi127@example.com,+971505059048,Al Ain,Abu Dhabi,Bronze,true,2023-05-07,2025-01-01T00:00:00
C02106,Farhan,Sharma,farhan.sharma2106@example.com,+971508267065,Al Ain,Abu Dhabi,Silver,false,2023-05-24,2025-01-01T00:00:00
C00478,Saeed,Cruz,saeed.cruz478@example.com,+971509407451,Dubai,Dubai,Bronze,true,2022-03-14,2025-01-01T00:00:00
C00259,Oliver,D'Souza,oliver.dsouza259@example.com,+971504708297,Abu Dhabi,Abu Dhabi,Bronze,true,2021-03-30,2025-01-01T00:00:00
C02020,Jose,Reyes,jose.reyes2020@example.com,+971503084811,Ajman,Ajman,Bronze,false,2024-11-07,2025-01-01T00:00:00
C02446,Omar,Taylor,omar.taylor2446@example.com,+971505490726,Dubai,Dubai,Bronze,false,2023-09-13,2025-01-01T00:00:00
C02487,Hessa,Al Suwaidi,hessa.alsuwaidi2487@example.com,+971509175462,Abu Dhabi,Abu Dhabi,Gold,true,2020-04-12,2025-01-01T00:00:00
C02323,Khalid,Al Suwaidi,khalid.alsuwaidi2323@example.com,+971508170643,Dubai,Dubai,Silver,true,2024-12-19,2025-01-01T00:00:00
C02531,Grace,D'Souza,grace.dsouza2531@example.com,+971506262649,Al Ain,Abu Dhabi,Bronze,false,2022-10-16,2025-01-01T00:00:00
C00820,Hassan,Khoury,hassan.khoury820@example.com,+971502542796,Sharjah,Sharjah,Silver,true,2021-08-31,2025-01-01T00:00:00
C00296,Olivia,Sheikh,olivia.sheikh296@example.com,+971508421969,Ras Al Khaimah,Ras Al Khaimah,Bronze,true,2023-07-10,2025-01-01T00:00:00
C00004,Vikram,Al Falasi,vikram.alfalasi4@example.com,+971504656838,Abu Dhabi,Abu Dhabi,Silver,false,2022-08-27,2025-01-01T00:00:00
C02512,Maria,Qureshi,maria.qureshi2512@example.com,+971506377143,Dubai,Dubai,Silver,false,2020-08-19,2025-01-01T00:00:00
C02212,Angela,Haddad,angela.haddad2212@example.com,+971503490407,Fujairah,Fujairah,Bronze,false,2020-07-28,2025-01-01T00:00:00
C01066,Omar,Brown,omar.brown1066@example.com,+971504938956,Dubai,Dubai,Bronze,false,2021-07-20,2025-01-01T00:00:00
C02225,Rania,Santos,rania.santos2225@example.com,+971508104723,Sharjah,Sharjah,Bronze,false,2024-07-31,2025-01-01T00:00:00
C00075,Vikram,Al Nuaimi,vikram.alnuaimi75@example.com,+971507010308,Dubai,Dubai,Silver,true,2020-08-13,2025-01-01T00:00:00
C02258,Yousef,Qureshi,yousef.qureshi2258@example.com,+971506645656,Sharjah,Sharjah,Bronze,true,2022-02-19,2025-01-01T00:00:00
C01862,Grace,Sheikh,grace.sheikh1862@example.com,+971507450428,Sharjah,Sharjah,Bronze,false,2022-06-28,2025-01-01T00:00:00
C01687,Sana,Qureshi,sana.qureshi1687@example.com,+971504831443,Umm Al Quwain,Umm Al Quwain,Gold,true,2024-07-24,2025-01-01T00:00:00
C00115,Oliver,D'Souza,oliver.dsouza115@example.com,+971506649968,Dubai,Dubai,Silver,true,2020-07-26,2025-01-01T00:00:00
C00922,Meera,D'Souza,meera.dsouza922@example.com,+971509706452,Abu Dhabi,Abu Dhabi,Gold,true,2022-01-26,2025-01-01T00:00:00
C00531,Priya,Wilson,priya.wilson531@example.com,+971503034027,Dubai,Dubai,Gold,false,2024-07-16,2025-01-01T00:00:00
C02094,Mariam,Pillai,mariam.pillai2094@example.com,+971509996681,Ras Al Khaimah,Ras Al Khaimah,Bronze,true,2023-08-01,2025-01-01T00:00:00
C01464,Mohammed,Iyer,mohammed.iyer1464@example.com,+971508624921,Umm Al Quwain,Umm Al Quwain,Bronze,false,2024-08-13,2025-01-01T00:00:00
C00784,Yousef,Al Nuaimi,yousef.alnuaimi784@example.com,+971506227335,Al Ain,Abu Dhabi,Bronze,false,2024-08-03,2025-01-01T00:00:00
C00112,Anjali,Khoury,anjali.khoury112@example.com,+971502421349,Dubai,Dubai,Silver,false,2021-12-17,2025-01-01T00:00:00
C02430,Farhan,Sharma,farhan.sharma2430@example.com,+971504783293,Sharjah,Sharjah,Bronze,true,2022-08-28,2025-01-01T00:00:00
C00581,Hassan,Sheikh,hassan.sheikh581@example.com,+971508723723,Dubai,Dubai,Bronze,true,2023-03-14,2025-01-01T00:00:00
C02201,Mark,Qureshi,mark.qureshi2201@example.com,+971509860422,Dubai,Dubai,Bronze,false,2023-03-03,2025-01-01T00:00:00
C01234,Layla,Hussain,layla.hussain1234@example.com,+971507401570,Abu Dhabi,Abu Dhabi,Gold,false,2022-02-03,2025-01-01T00:00:00
C01949,Rodel,Al Suwaidi,rodel.alsuwaidi1949@example.com,+971502610232,Dubai,Dubai,Silver,true,2024-10-31,2025-01-01T00:00:00
C00170,Ayesha,Brown,ayesha.brown170@example.com,+971509712957,Sharjah,Sharjah,Bronze,false,2020-10-07,2025-01-01T00:00:00
C02126,Aisha,Nair,aisha.nair2126@example.com,+971506597133,Al Ain,Abu Dhabi,Bronze,false,2020-12-03,2025-01-01T00:00:00
C00327,Jose,Fernandes,jose.fernandes327@example.com,+971506013715,Dubai,Dubai,Gold,true,2021-12-29,2025-01-01T00:00:00
C02299,Omar,Brown,omar.brown2299@example.com,+971501773047,Dubai,Dubai,Bronze,false,2022-06-15,2025-01-01T00:00:00
C00633,Fatima,Al Suwaidi,fatima.alsuwaidi633@example.com,+971506416051,Sharjah,Sharjah,Gold,false,2022-01-07,2025-01-01T00:00:00
C01183,Omar,Al Mansoori,omar.almansoori1183@example.com,+971503493814,Ajman,Ajman,Bronze,true,2023-12-27,2025-01-01T00:00:00
C02152,Salma,Mansour,salma.mansour2152@example.com,+971505044801,Al Ain,Abu Dhabi,Bronze,true,2024-07-30,2025-01-01T00:00:00
C01212,Hassan,Taylor,hassan.taylor1212@example.com,+971502193429,Dubai,Dubai,Silver,true,2021-07-27,2025-01-01T00:00:00
C01818,James,Reyes,james.reyes1818@example.com,+971502391916,Abu Dhabi,Abu Dhabi,Silver,false,2020-06-26,2025-01-01T00:00:00
C00159,Anjali,Mansour,anjali.mansour159@example.com,+971502005173,Dubai,Dubai,Bronze,true,2022-04-11,2025-01-01T00:00:00
C02488,Hamdan,Al Shamsi,hamdan.alshamsi2488@example.com,+971506344163,Dubai,Dubai,Bronze,true,2021-06-23,2025-01-01T00:00:00
C01524,Olivia,Khoury,olivia.khoury1524@example.com,+971506905993,Abu Dhabi,Abu Dhabi,Bronze,true,2024-05-11,2025-01-01T00:00:00
C01195,Angela,Brown,angela.brown1195@example.com,+971501221617,Abu Dhabi,Abu Dhabi,Bronze,true,2022-08-20,2025-01-01T00:00:00
C01165,Aisha,Al Mansoori,aisha.almansoori1165@example.com,+971504678901,Sharjah,Sharjah,Bronze,false,2021-10-26,2025-01-01T00:00:00
C00785,Tariq,D'Souza,tariq.dsouza785@example.com,+971506738565,Sharjah,Sharjah,Silver,true,2024-12-27,2025-01-01T00:00:00
C00805,Imran,Sheikh,imran.sheikh805@example.com,+971502616210,Dubai,Dubai,Silver,true,2023-10-23,2025-01-01T00:00:00
C00881,Layla,Khoury,layla.khoury881@example.com,+971507983542,Dubai,Dubai,Bronze,false,2021-01-02,2025-01-01T00:00:00
C02479,Rodel,Brown,rodel.brown2479@example.com,+971506976699,Ajman,Ajman,Bronze,true,2024-02-11,2025-01-01T00:00:00
C00323,Grace,Santos,grace.santos323@example.com,+971504400953,Dubai,Dubai,Silver,true,2021-10-13,2025-01-01T00:00:00
C01542,Arjun,Al Shamsi,arjun.alshamsi1542@example.com,+971503483430,Sharjah,Sharjah,Bronze,false,2023-03-09,2025-01-01T00:00:00
C02252,Ahmed,Al Ketbi,ahmed.alketbi2252@example.com,+971506052169,Dubai,Dubai,Bronze,false,2022-09-21,2025-01-01T00:00:00
C00494,James,Al Shamsi,james.alshamsi494@example.com,+971509915915,Ajman,Ajman,Bronze,false,2020-12-29,2025-01-01T00:00:00
C01665,Noura,Brown,noura.brown1665@example.com,+971507770534,Dubai,Dubai,Silver,true,2024-02-01,2025-01-01T00:00:00
C02293,Oliver,Iyer,oliver.iyer2293@example.com,+971503041832,Sharjah,Sharjah,Bronze,false,2020-03-02,2025-01-01T00:00:00
C02535,Rashid,Reyes,rashid.reyes2535@example.com,+971502891931,Abu Dhabi,Abu Dhabi,Silver,false,2021-08-05,2025-01-01T00:00:00
C01960,Reem,Al Suwaidi,reem.alsuwaidi1960@example.com,+971504105952,Dubai,Dubai,Silver,true,2024-06-14,2025-01-01T00:00:00
C01591,Salma,Wilson,salma.wilson1591@example.com,+971508375951,Dubai,Dubai,Gold,true,2021-03-20,2025-01-01T00:00:00
C01594,Olivia,Wilson,olivia.wilson1594@example.com,+971506316357,Sharjah,Sharjah,Bronze,false,2022-09-28,2025-01-01T00:00:00
C00709,Karim,Al Suwaidi,karim.alsuwaidi709@example.com,+971506705306,Dubai,Dubai,Gold,false,2020-04-23,2025-01-01T00:00:00
C00522,Salma,Qureshi,salma.qureshi522@example.com,+971503019442,Al Ain,Abu Dhabi,Bronze,true,2023-11-06,2025-01-01T00:00:00
C01757,Ravi,Brown,ravi.brown1757@example.com,+971503149723,Sharjah,Sharjah,Silver,true,2022-12-20,2025-01-01T00:00:00
C02453,James,Sharma,james.sharma2453@example.com,+971504110064,Dubai,Dubai,Bronze,true,2022-10-01,2025-01-01T00:00:00
C00169,Zainab,Sheikh,zainab.sheikh169@example.com,+971509541658,Dubai,Dubai,Bronze,true,2023-02-16,2025-01-01T00:00:00
C00862,Hessa,Farouk,hessa.farouk862@example.com,+971503493443,Dubai,Dubai,Bronze,true,2024-04-13,2025-01-01T00:00:00
C01340,Yousef,Nair,yousef.nair1340@example.com,+971509239341,Dubai,Dubai,Silver,true,2022-02-12,2025-01-01T00:00:00
C00341,Layla,Patel,layla.patel341@example.com,+971507019382,Al Ain,Abu Dhabi,Bronze,false,2020-12-21,2025-01-01T00:00:00
C01255,Sophie,Fernandes,sophie.fernandes1255@example.com,+971504629021,Sharjah,Sharjah,Bronze,true,2020-02-17,2025-01-01T00:00:00
C02589,Layla,Garcia,layla.garcia2589@example.com,+971506809536,Dubai,Dubai,Silver,true,2020-12-16,2025-01-01T00:00:00
C00739,Angela,Al Shamsi,angela.alshamsi739@example.com,+971508896240,Dubai,Dubai,Bronze,true,2020-01-11,2025-01-01T00:00:00
C00431,Vikram,Sharma,vikram.sharma431@example.com,+971506958243,Dubai,Dubai,Bronze,true,2024-04-04,2025-01-01T00:00:00
C00038,Grace,Pillai,grace.pillai38@example.com,+971505014745,Dubai,Dubai,Bronze,true,2021-08-12,2025-01-01T00:00:00
C00428,Yasmin,Al Nuaimi,yasmin.alnuaimi428@example.com,+971507917892,Dubai,Dubai,Silver,true,2024-03-06,2025-01-01T00:00:00
C02462,Sana,Al Shamsi,sana.alshamsi2462@example.com,+971505098068,Dubai,Dubai,Bronze,true,2024-10-22,2025-01-01T00:00:00
C02390,Zainab,Nasser,zainab.nasser2390@example.com,+971507597744,Ajman,Ajman,Platinum,false,2024-12-17,2025-01-01T00:00:00
C00325,Shamma,Farouk,shamma.farouk325@example.com,+971505446095,Dubai,Dubai,Bronze,false,2024-04-26,2025-01-01T00:00:00
C00931,Liam,Smith,liam.smith931@example.com,+971507872422,Dubai,Dubai,Bronze,true,2020-11-01,2025-01-01T00:00:00
C02586,Tariq,Al Ketbi,tariq.alketbi2586@example.com,+971505179822,Dubai,Dubai,Bronze,true,2024-10-31,2025-01-01T00:00:00
C01612,Hessa,Al Shamsi,hessa.alshamsi1612@example.com,+971504990114,Ajman,Ajman,Bronze,true,2020-01-30,2025-01-01T00:00:00
C00871,Chloe,Haddad,chloe.haddad871@example.com,+971505280939,Dubai,Dubai,Bronze,false,2020-05-24,2025-01-01T00:00:00
C01330,Anjali,Al Shamsi,anjali.alshamsi1330@example.com,+971508457126,Abu Dhabi,Abu Dhabi,Gold,true,2023-04-03,2025-01-01T00:00:00
C00750,Noura,Iyer,noura.iyer750@example.com,+971509939831,Sharjah,Sharjah,Bronze,true,2022-12-14,2025-01-01T00:00:00
C02044,Sophie,Cruz,sophie.cruz2044@example.com,+971505903032,Dubai,Dubai,Bronze,true,2020-09-09,2025-01-01T00:00:00
C01983,Reem,Smith,reem.smith1983@example.com,+971506639627,Dubai,Dubai,Bronze,true,2024-12-28,2025-01-01T00:00:00
C01991,Ali,Farouk,ali.farouk1991@example.com,+971503756401,Abu Dhabi,Abu Dhabi,Silver,false,2021-12-31,2025-01-01T00:00:00
C01008,Meera,Qureshi,meera.qureshi1008@example.com,+971509197571,Dubai,Dubai,Bronze,true,2020-08-01,2025-01-01T00:00:00
C01120,Vikram,Khan,vikram.khan1120@example.com,+971505485722,Dubai,Dubai,Gold,false,2020-11-14,2025-01-01T00:00:00
C02228,Chloe,Patel,chloe.patel2228@example.com,+971505766700,Dubai,Dubai,Bronze,true,2022-10-09,2025-01-01T00:00:00
C02004,Tariq,Al Zaabi,tariq.alzaabi2004@example.com,+971502402036,Dubai,Dubai,Bronze,true,2024-10-23,2025-01-01T00:00:00
C02310,Rodel,Taylor,rodel.taylor2310@example.com,+971506273994,Dubai,Dubai,Bronze,true,2024-05-24,2025-01-01T00:00:00
C02508,Ravi,Al Shamsi,ravi.alshamsi2508@example.com,+971504783854,Sharjah,Sharjah,Bronze,true,2022-09-19,2025-01-01T00:00:00
C02528,Lucas,Nasser,lucas.nasser2528@example.com,+971507735438,Abu Dhabi,Abu Dhabi,Gold,true,2022-06-10,2025-01-01T00:00:00
C01617,Rodel,Al Falasi,rodel.alfalasi1617@example.com,+971505961248,Dubai,Dubai,Gold,true,2021-04-10,2025-01-01T00:00:00
C01304,Sana,Khoury,sana.khoury1304@example.com,+971505634657,Abu Dhabi,Abu Dhabi,Bronze,true,2024-12-23,2025-01-01T00:00:00
C02215,Priya,Hussain,priya.hussain2215@example.com,+971503341538,Ajman,Ajman,Bronze,true,2023-12-28,2025-01-01T00:00:00
C00294,Imran,Taylor,imran.taylor294@example.com,+971503300647,Ajman,Ajman,Silver,false,2020-07-30,2025-01-01T00:00:00
C00389,Aisha,Khoury,aisha.khoury389@example.com,+971503347627,Al Ain,Abu Dhabi,Bronze,true,2021-05-07,2025-01-01T00:00:00
C00886,Ahmed,Nair,ahmed.nair886@example.com,+971501266510,Dubai,Dubai,Gold,true,2020-10-03,2025-01-01T00:00:00
C01451,Liam,Garcia,liam.garcia1451@example.com,+971507765720,Dubai,Dubai,Silver,false,2023-04-11,2025-01-01T00:00:00
C00154,Sophie,Cruz,sophie.cruz154@example.com,+971505204459,Ajman,Ajman,Silver,true,2021-12-09,2025-01-01T00:00:00
C01680,Chloe,Iyer,chloe.iyer1680@example.com,+971506132109,Abu Dhabi,Abu Dhabi,Platinum,false,2021-10-20,2025-01-01T00:00:00
C02374,Sana,Patel,sana.patel2374@example.com,+971504622993,Abu Dhabi,Abu Dhabi,Bronze,true,2024-05-02,2025-01-01T00:00:00
C00034,James,Wilson,james.wilson34@example.com,+971506386463,Al Ain,Abu Dhabi,Bronze,true,2020-07-05,2025-01-01T00:00:00
C02206,Sana,Al Nuaimi,sana.alnuaimi2206@example.com,+971502954202,Sharjah,Sharjah,Bronze,true,2021-09-28,2025-01-01T00:00:00
C01888,Aisha,Patel,aisha.patel1888@example.com,+971502699277,Fujairah,Fujairah,Bronze,true,2022-05-01,2025-01-01T00:00:00
C00749,Meera,Saleh,meera.saleh749@example.com,+971502063158,Dubai,Dubai,Bronze,true,2022-10-28,2025-01-01T00:00:00
C00957,Ayesha,Menon,ayesha.menon957@example.com,+971507645223,Dubai,Dubai,Gold,true,2023-12-12,2025-01-01T00:00:00
C00554,Priya,Haddad,priya.haddad554@example.com,+971503046175,Sharjah,Sharjah,Bronze,false,2024-09-19,2025-01-01T00:00:00
C02503,Layla,Sheikh,layla.sheikh2503@example.com,+971501672820,Dubai,Dubai,Bronze,false,2020-05-11,2025-01-01T00:00:00
C02269,Ali,Al Ketbi,ali.alketbi2269@example.com,+971506877971,Al Ain,Abu Dhabi,Bronze,false,2024-11-09,2025-01-01T00:00:00
C00759,Vikram,Sheikh,vikram.sheikh759@example.com,+971502961547,Dubai,Dubai,Platinum,true,2023-11-19,2025-01-01T00:00:00
C01117,Layla,D'Souza,layla.dsouza1117@example.com,+971506143048,Sharjah,Sharjah,Bronze,true,2020-09-09,2025-01-01T00:00:00
C02243,Tariq,Al Shamsi,tariq.alshamsi2243@example.com,+971501047841,Abu Dhabi,Abu Dhabi,Bronze,true,2021-06-13,2025-01-01T00:00:00
C00408,Aisha,Al Falasi,aisha.alfalasi408@example.com,+971507379599,Abu Dhabi,Abu Dhabi,Bronze,true,2020-02-10,2025-01-01T00:00:00
C01080,Yousef,Pillai,yousef.pillai1080@example.com,+971506583476,Dubai,Dubai,Gold,false,2023-09-24,2025-01-01T00:00:00
C02387,Olivia,D'Souza,olivia.dsouza2387@example.com,+971501489418,Dubai,Dubai,Bronze,false,2023-04-07,2025-01-01T00:00:00
C01469,Vikram,Al Ketbi,vikram.alketbi1469@example.com,+971509414204,Dubai,Dubai,Silver,true,2024-09-11,2025-01-01T00:00:00
C00414,Yasmin,Sharma,yasmin.sharma414@example.com,+971505966428,Abu Dhabi,Abu Dhabi,Bronze,true,2021-06-08,2025-01-01T00:00:00
C00453,Bilal,Sharma,bilal.sharma453@example.com,+971506568081,Ajman,Ajman,Bronze,true,2020-07-07,2025-01-01T00:00:00
C02297,Imran,Al Hashmi,imran.alhashmi2297@example.com,+971504331212,Dubai,Dubai,Bronze,false,2023-04-20,2025-01-01T00:00:00
C00150,Mariam,Al Zaabi,mariam.alzaabi150@example.com,+971509030667,Dubai,Dubai,Silver,false,2023-06-07,2025-01-01T00:00:00
C01107,Zainab,Hussain,zainab.hussain1107@example.com,+971501001435,Abu Dhabi,Abu Dhabi,Bronze,false,2021-09-03,2025-01-01T00:00:00
C02060,Karim,Nasser,karim.nasser2060@example.com,+971507306018,Sharjah,Sharjah,Gold,false,2023-07-01,2025-01-01T00:00:00
C01557,Anjali,Al Mansoori,anjali.almansoori1557@example.com,+971502871060,Al Ain,Abu Dhabi,Gold,false,2022-09-24,2025-01-01T00:00:00
C00644,Aisha,D'Souza,aisha.dsouza644@example.com,+971506293259,Dubai,Dubai,Bronze,false,2024-02-29,2025-01-01T00:00:00
C00985,Shamma,Garcia,shamma.garcia985@example.com,+971507201541,Abu Dhabi,Abu Dhabi,Silver,false,2021-11-24,2025-01-01T00:00:00
C00707,Emma,Iyer,emma.iyer707@example.com,+971502176077,Al Ain,Abu Dhabi,Bronze,true,2024-04-27,2025-01-01T00:00:00
C00044,Maria,Mansour,maria.mansour44@example.com,+971504165061,Ras Al Khaimah,Ras Al Khaimah,Silver,true,2023-01-17,2025-01-01T00:00:00
C00973,Yousef,Fernandes,yousef.fernandes973@example.com,+971508063325,Dubai,Dubai,Silver,true,2023-03-19,2025-01-01T00:00:00
C01115,Chloe,Nasser,chloe.nasser1115@example.com,+971502492738,Dubai,Dubai,Gold,false,2023-11-01,2025-01-01T00:00:00
C00703,Dina,Khoury,dina.khoury703@example.com,+971509255351,Dubai,Dubai,Bronze,false,2021-02-14,2025-01-01T00:00:00
C02309,Ahmed,Garcia,ahmed.garcia2309@example.com,+971501098052,Umm Al Quwain,Umm Al Quwain,Gold,false,2022-02-17,2025-01-01T00:00:00
C01827,Tariq,Al Nuaimi,tariq.alnuaimi1827@example.com,+971507151796,Al Ain,Abu Dhabi,Bronze,false,2024-02-25,2025-01-01T00:00:00
C00847,Jose,Haddad,jose.haddad847@example.com,+971504766269,Fujairah,Fujairah,Gold,false,2021-01-07,2025-01-01T00:00:00
C01534,Yasmin,Al Falasi,yasmin.alfalasi1534@example.com,+971506557607,Sharjah,Sharjah,Bronze,false,2022-10-21,2025-01-01T00:00:00
C01185,Layla,Haddad,layla.haddad1185@example.com,+971509291408,Dubai,Dubai,Bronze,false,2020-09-18,2025-01-01T00:00:00
C01913,Emma,Al Hashmi,emma.alhashmi1913@example.com,+971505889357,Dubai,Dubai,Gold,true,2024-08-14,2025-01-01T00:00:00
C01795,Rania,Santos,rania.santos1795@example.com,+971509048449,Dubai,Dubai,Silver,true,2024-12-20,2025-01-01T00:00:00
C00557,James,Garcia,james.garcia557@example.com,+971501873883,Dubai,Dubai,Platinum,true,2021-06-02,2025-01-01T00:00:00
C00224,Hassan,Patel,hassan.patel224@example.com,+971506663388,Abu Dhabi,Abu Dhabi,Silver,true,2022-02-16,2025-01-01T00:00:00
C00164,Anjali,Pillai,anjali.pillai164@example.com,+971507597509,Dubai,Dubai,Platinum,true,2024-12-05,2025-01-01T00:00:00
C01017,Hassan,Al Hashmi,hassan.alhashmi1017@example.com,+971501732568,Abu Dhabi,Abu Dhabi,Gold,true,2023-12-01,2025-01-01T00:00:00
C02563,Anjali,Al Falasi,anjali.alfalasi2563@example.com,+971505069009,Abu Dhabi,Abu Dhabi,Gold,true,2022-10-29,2025-01-01T00:00:00
C00358,Lucas,Reyes,lucas.reyes358@example.com,+971505989554,Abu Dhabi,Abu Dhabi,Bronze,true,2024-02-03,2025-01-01T00:00:00
C00498,Ravi,Nasser,ravi.nasser498@example.com,+971501091762,Dubai,Dubai,Silver,true,2020-06-20,2025-01-01T00:00:00
C00486,Arjun,Menon,arjun.menon486@example.com,+971503640018,Dubai,Dubai,Silver,false,2023-08-10,2025-01-01T00:00:00
C01383,Oliver,Fernandes,oliver.fernandes1383@example.com,+971506772247,Sharjah,Sharjah,Bronze,true,2021-10-03,2025-01-01T00:00:00
C00658,Rania,Farouk,rania.farouk658@example.com,+971506241884,Abu Dhabi,Abu Dhabi,Silver,false,2023-05-05,2025-01-01T00:00:00
C02448,Maria,Menon,maria.menon2448@example.com,+971508564163,Al Ain,Abu Dhabi,Bronze,false,2024-01-16,2025-01-01T00:00:00
C00533,Olivia,Farouk,olivia.farouk533@example.com,+971507393310,Ajman,Ajman,Bronze,false,2024-05-05,2025-01-01T00:00:00
C00108,Grace,Al Hashmi,grace.alhashmi108@example.com,+971506761929,Sharjah,Sharjah,Bronze,true,2020-05-06,2025-01-01T00:00:00
C01006,Hassan,Khoury,hassan.khoury1006@example.com,+971504425984,Umm Al Quwain,Umm Al Quwain,Bronze,true,2021-11-07,2025-01-01T00:00:00
C02472,Farhan,Hussain,farhan.hussain2472@example.com,+971501801015,Dubai,Dubai,Bronze,true,2023-09-08,2025-01-01T00:00:00
C01168,Jose,Sheikh,jose.sheikh1168@example.com,+971508279693,Abu Dhabi,Abu Dhabi,Bronze,true,2024-03-21,2025-01-01T00:00:00
C01167,Shamma,Farouk,shamma.farouk1167@example.com,+971505509606,Dubai,Dubai,Silver,false,2023-02-02,2025-01-01T00:00:00
C00091,Imran,Al Suwaidi,imran.alsuwaidi91@example.com,+971503610197,Ajman,Ajman,Silver,true,2024-01-17,2025-01-01T00:00:00
C01327,Rashid,Fernandes,rashid.fernandes1327@example.com,+971504361332,Sharjah,Sharjah,Bronze,true,2021-05-07,2025-01-01T00:00:00
C01253,Karim,Al Shamsi,karim.alshamsi1253@example.com,+971506751404,Dubai,Dubai,Bronze,true,2023-03-07,2025-01-01T00:00:00
C00343,Mariam,Al Ketbi,mariam.alketbi343@example.com,+971504671004,Dubai,Dubai,Bronze,true,2020-03-18,2025-01-01T00:00:00
C00593,Yasmin,Al Nuaimi,yasmin.alnuaimi593@example.com,+971503839632,Sharjah,Sharjah,Silver,false,2023-05-01,2025-01-01T00:00:00
C01648,Oliver,Cruz,oliver.cruz1648@example.com,+971503984802,Sharjah,Sharjah,Silver,true,2021-09-27,2025-01-01T00:00:00
C00663,Rashid,Cruz,rashid.cruz663@example.com,+971503137316,Sharjah,Sharjah,Bronze,false,2024-09-28,2025-01-01T00:00:00
C00846,Priya,Qureshi,priya.qureshi846@example.com,+971506495887,Sharjah,Sharjah,Bronze,true,2020-09-30,2025-01-01T00:00:00
C01175,Hassan,Farouk,hassan.farouk1175@example.com,+971506157064,Sharjah,Sharjah,Bronze,true,2024-04-04,2025-01-01T00:00:00
C01628,Hessa,Menon,hessa.menon1628@example.com,+971505621624,Abu Dhabi,Abu Dhabi,Bronze,true,2023-10-08,2025-01-01T00:00:00
C00612,Dina,Santos,dina.santos612@example.com,+971504874049,Al Ain,Abu Dhabi,Bronze,false,2023-06-07,2025-01-01T00:00:00
C01357,Grace,Qureshi,grace.qureshi1357@example.com,+971506270157,Dubai,Dubai,Silver,false,2020-09-16,2025-01-01T00:00:00
C00253,Rodel,Menon,rodel.menon253@example.com,+971505887726,Al Ain,Abu Dhabi,Bronze,false,2024-01-29,2025-01-01T00:00:00
C01921,Hamdan,Wilson,hamdan.wilson1921@example.com,+971501526460,Dubai,Dubai,Bronze,false,2022-03-11,2025-01-01T00:00:00
C00565,Priya,Taylor,priya.taylor565@example.com,+971509488562,Abu Dhabi,Abu Dhabi,Silver,false,2024-08-05,2025-01-01T00:00:00
C02183,Olivia,Al Mansoori,olivia.almansoori2183@example.com,+971504600695,Sharjah,Sharjah,Bronze,false,2024-02-28,2025-01-01T00:00:00
C00617,Olivia,Haddad,olivia.haddad617@example.com,+971507612751,Sharjah,Sharjah,Bronze,true,2023-05-30,2025-01-01T00:00:00
C01744,Ravi,Hussain,ravi.hussain1744@example.com,+971502053323,Dubai,Dubai,Bronze,false,2021-05-30,2025-01-01T00:00:00
C01898,Fatima,Reyes,fatima.reyes1898@example.com,+971502108790,Sharjah,Sharjah,Bronze,false,2024-10-24,2025-01-01T00:00:00
C00547,Maria,Haddad,maria.haddad547@example.com,+971502328918,Dubai,Dubai,Silver,true,2023-08-15,2025-01-01T00:00:00
C01258,Priya,Qureshi,priya.qureshi1258@example.com,+971505715786,Dubai,Dubai,Bronze,false,2021-01-30,2025-01-01T00:00:00
C00767,Aisha,Taylor,aisha.taylor767@example.com,+971508174616,Abu Dhabi,Abu Dhabi,Bronze,true,2022-11-13,2025-01-01T00:00:00
C02345,Farhan,Al Ketbi,farhan.alketbi2345@example.com,+971502862166,Dubai,Dubai,Bronze,false,2024-07-21,2025-01-01T00:00:00
C02303,Zainab,Nair,zainab.nair2303@example.com,+971504394065,Abu Dhabi,Abu Dhabi,Silver,true,2020-01-31,2025-01-01T00:00:00
C02420,Rodel,Al Mansoori,rodel.almansoori2420@example.com,+971502039271,Dubai,Dubai,Gold,false,2021-02-03,2025-01-01T00:00:00
C00901,Vikram,Al Hashmi,vikram.alhashmi901@example.com,+971508345513,Sharjah,Sharjah,Platinum,false,2023-05-22,2025-01-01T00:00:00
C01809,Ali,Al Hashmi,ali.alhashmi1809@example.com,+971508611052,Dubai,Dubai,Gold,false,2023-11-09,2025-01-01T00:00:00
C01156,Omar,Iyer,omar.iyer1156@example.com,+971509453526,Abu Dhabi,Abu Dhabi,Bronze,true,2022-06-12,2025-01-01T00:00:00
C01576,Reem,Smith,reem.smith1576@example.com,+971505374141,Al Ain,Abu Dhabi,Bronze,true,2022-06-16,2025-01-01T00:00:00
C00946,Dina,Cruz,dina.cruz946@example.com,+971503808198,Abu Dhabi,Abu Dhabi,Bronze,false,2022-08-09,2025-01-01T00:00:00
C01409,Sana,Santos,sana.santos1409@example.com,+971509604096,Al Ain,Abu Dhabi,Silver,false,2022-11-04,2025-01-01T00:00:00
C00909,Omar,Al Suwaidi,omar.alsuwaidi909@example.com,+971507738583,Dubai,Dubai,Bronze,true,2022-11-25,2025-01-01T00:00:00
C00375,Anjali,Santos,anjali.santos375@example.com,+971502647814,Ajman,Ajman,Bronze,false,2021-09-12,2025-01-01T00:00:00
C00870,Hassan,Khan,hassan.khan870@example.com,+971501816752,Dubai,Dubai,Bronze,true,2024-02-12,2025-01-01T00:00:00
C00289,Hamdan,Khan,hamdan.khan289@example.com,+971506064462,Ajman,Ajman,Gold,false,2022-05-26,2025-01-01T00:00:00
C01582,Omar,Al Suwaidi,omar.alsuwaidi1582@example.com,+971502884667,Umm Al Quwain,Umm Al Quwain,Silver,false,2024-02-13,2025-01-01T00:00:00
C01529,Dina,Fernandes,dina.fernandes1529@example.com,+971507858110,Umm Al Quwain,Umm Al Quwain,Bronze,true,2020-10-10,2025-01-01T00:00:00
C00800,Khalid,Hussain,khalid.hussain800@example.com,+971504340115,Dubai,Dubai,Bronze,false,2023-04-24,2025-01-01T00:00:00
C00068,Noura,Al Hashmi,noura.alhashmi68@example.com,+971503276065,Dubai,Dubai,Bronze,false,2022-10-05,2025-01-01T00:00:00
C02189,Saeed,Khan,saeed.khan2189@example.com,+971505721088,Dubai,Dubai,Bronze,true,2022-04-24,2025-01-01T00:00:00
C01702,Lucas,Al Nuaimi,lucas.alnuaimi1702@example.com,+971503850704,Al Ain,Abu Dhabi,Gold,true,2022-11-26,2025-01-01T00:00:00
C01852,Rania,Santos,rania.santos1852@example.com,+971508054705,Abu Dhabi,Abu Dhabi,Bronze,false,2023-02-01,2025-01-01T00:00:00
C00546,Zainab,Nair,zainab.nair546@example.com,+971508333427,Abu Dhabi,Abu Dhabi,Bronze,false,2023-01-27,2025-01-01T00:00:00
C00953,Yasmin,Al Zaabi,yasmin.alzaabi953@example.com,+971508468826,Al Ain,Abu Dhabi,Bronze,false,2023-08-22,2025-01-01T00:00:00
C01093,Chloe,Khoury,chloe.khoury1093@example.com,+971506426063,Dubai,Dubai,Gold,false,2024-10-19,2025-01-01T00:00:00
C00671,Mark,Wilson,mark.wilson671@example.com,+971501136218,Umm Al Quwain,Umm Al Quwain,Gold,false,2021-09-15,2025-01-01T00:00:00
C00515,Sophie,Al Mansoori,sophie.almansoori515@example.com,+971505418274,Sharjah,Sharjah,Bronze,true,2021-12-24,2025-01-01T00:00:00
C01232,Noura,Pillai,noura.pillai1232@example.com,+971508650368,Abu Dhabi,Abu Dhabi,Bronze,true,2024-08-04,2025-01-01T00:00:00
C02403,Arjun,Taylor,arjun.taylor2403@example.com,+971507549897,Ajman,Ajman,Bronze,false,2024-01-12,2025-01-01T00:00:00
C01144,Mark,Nair,mark.nair1144@example.com,+971502729141,Al Ain,Abu Dhabi,Silver,true,2024-08-07,2025-01-01T00:00:00
C00043,Rania,Pillai,rania.pillai43@example.com,+971508491822,Ajman,Ajman,Bronze,true,2021-09-03,2025-01-01T00:00:00
C02478,Aisha,Al Nuaimi,aisha.alnuaimi2478@example.com,+971506968855,Dubai,Dubai,Bronze,true,2023-03-06,2025-01-01T00:00:00
C00129,Omar,D'Souza,omar.dsouza129@example.com,+971509516493,Al Ain,Abu Dhabi,Bronze,false,2022-01-08,2025-01-01T00:00:00
C01420,Emma,Nasser,emma.nasser1420@example.com,+971501485910,Sharjah,Sharjah,Bronze,true,2024-07-06,2025-01-01T00:00:00
C00350,Dina,Sharma,dina.sharma350@example.com,+971502746679,Abu Dhabi,Abu Dhabi,Bronze,false,2024-07-14,2025-01-01T00:00:00
C01132,Emma,Al Ketbi,emma.alketbi1132@example.com,+971508723456,Dubai,Dubai,Bronze,true,2024-10-03,2025-01-01T00:00:00
C01917,Anjali,Smith,anjali.smith1917@example.com,+971508739107,Dubai,Dubai,Silver,true,2024-09-30,2025-01-01T00:00:00
C01427,Ayesha,Sharma,ayesha.sharma1427@example.com,+971503707912,Dubai,Dubai,Bronze,true,2022-03-21,2025-01-01T00:00:00
C01448,Omar,Al Mansoori,omar.almansoori1448@example.com,+971504148654,Dubai,Dubai,Silver,true,2022-08-21,2025-01-01T00:00:00
C01954,Layla,Al Suwaidi,layla.alsuwaidi1954@example.com,+971509807272,Ajman,Ajman,Bronze,true,2021-11-02,2025-01-01T00:00:00
C00738,Reem,Smith,reem.smith738@example.com,+971504731363,Al Ain,Abu Dhabi,Gold,false,2021-05-20,2025-01-01T00:00:00
C02053,Layla,Saleh,layla.saleh2053@example.com,+971509143427,Al Ain,Abu Dhabi,Gold,true,2023-01-31,2025-01-01T00:00:00
C01317,Chloe,Al Nuaimi,chloe.alnuaimi1317@example.com,+971508061842,Fujairah,Fujairah,Silver,true,2020-02-26,2025-01-01T00:00:00
C01173,Ahmed,Al Shamsi,ahmed.alshamsi1173@example.com,+971502402500,Dubai,Dubai,Bronze,false,2024-08-19,2025-01-01T00:00:00
C01056,Ayesha,Al Nuaimi,ayesha.alnuaimi1056@example.com,+971503481086,Sharjah,Sharjah,Silver,false,2023-07-16,2025-01-01T00:00:00
C00727,Arjun,Al Ketbi,arjun.alketbi727@example.com,+971503503452,Dubai,Dubai,Bronze,true,2021-03-02,2025-01-01T00:00:00
C01026,Shamma,Farouk,shamma.farouk1026@example.com,+971509772377,Sharjah,Sharjah,Bronze,true,2022-12-26,2025-01-01T00:00:00
C01283,Yousef,Sharma,yousef.sharma1283@example.com,+971507468887,Ras Al Khaimah,Ras Al Khaimah,Gold,true,2020-08-04,2025-01-01T00:00:00
C02142,Layla,Al Hashmi,layla.alhashmi2142@example.com,+971505770818,Dubai,Dubai,Bronze,true,2024-02-20,2025-01-01T00:00:00
C01875,Hamdan,Al Zaabi,hamdan.alzaabi1875@example.com,+971502703060,Dubai,Dubai,Silver,true,2024-07-12,2025-01-01T00:00:00
C00508,Reem,Al Mansoori,reem.almansoori508@example.com,+971502456980,Umm Al Quwain,Umm Al Quwain,Silver,true,2022-01-06,2025-01-01T00:00:00
C00898,Rashid,Qureshi,rashid.qureshi898@example.com,+971509446974,Sharjah,Sharjah,Silver,true,2023-10-18,2025-01-01T00:00:00
C01691,Jose,Al Shamsi,jose.alshamsi1691@example.com,+971508535120,Sharjah,Sharjah,Silver,true,2023-11-19,2025-01-01T00:00:00
C00225,Yasmin,Pillai,yasmin.pillai225@example.com,+971506908535,Abu Dhabi,Abu Dhabi,Bronze,true,2024-01-21,2025-01-01T00:00:00
C01204,Ahmed,Wilson,ahmed.wilson1204@example.com,+971507679620,Sharjah,Sharjah,Bronze,true,2021-09-24,2025-01-01T00:00:00
C01003,Mark,Nasser,mark.nasser1003@example.com,+971508549276,Dubai,Dubai,Bronze,true,2021-01-19,2025-01-01T00:00:00
C01233,Mark,D'Souza,mark.dsouza1233@example.com,+971506634235,Umm Al Quwain,Umm Al Quwain,Gold,true,2023-01-15,2025-01-01T00:00:00
C01633,Zainab,Patel,zainab.patel1633@example.com,+971509296866,Ajman,Ajman,Bronze,false,2023-05-11,2025-01-01T00:00:00
C00933,Salma,Garcia,salma.garcia933@example.com,+971503076710,Al Ain,Abu Dhabi,Silver,true,2024-06-18,2025-01-01T00:00:00
C00866,Salma,Qureshi,salma.qureshi866@example.com,+971502289085,Abu Dhabi,Abu Dhabi,Silver,false,2022-12-13,2025-01-01T00:00:00
C00080,Omar,Khan,omar.khan80@example.com,+971506455706,Dubai,Dubai,Platinum,true,2020-10-30,2025-01-01T00:00:00
C02346,Bilal,Reyes,bilal.reyes2346@example.com,+971506700634,Abu Dhabi,Abu Dhabi,Bronze,true,2021-01-09,2025-01-01T00:00:00
C01964,Ravi,Santos,ravi.santos1964@example.com,+971503091259,Dubai,Dubai,Bronze,true,2023-03-30,2025-01-01T00:00:00
C00896,James,Khan,james.khan896@example.com,+971503622515,Dubai,Dubai,Bronze,true,2023-09-28,2025-01-01T00:00:00
C00559,Rania,Iyer,rania.iyer559@example.com,+971503600333,Sharjah,Sharjah,Silver,true,2020-03-27,2025-01-01T00:00:00
C01710,Angela,Mansour,angela.mansour1710@example.com,+971508447286,Sharjah,Sharjah,Bronze,true,2024-12-14,2025-01-01T00:00:00
C01908,Reem,Hussain,reem.hussain1908@example.com,+971506488547,Dubai,Dubai,Gold,true,2021-08-09,2025-01-01T00:00:00
C00280,Bilal,Santos,bilal.santos280@example.com,+971503824903,Abu Dhabi,Abu Dhabi,Platinum,true,2023-03-13,2025-01-01T00:00:00
C02569,Khalid,Sharma,khalid.sharma2569@example.com,+971504186897,Dubai,Dubai,Bronze,true,2022-12-01,2025-01-01T00:00:00
C01874,Olivia,Qureshi,olivia.qureshi1874@example.com,+971508889458,Dubai,Dubai,Gold,true,2024-05-22,2025-01-01T00:00:00
C01049,Lucas,Sheikh,lucas.sheikh1049@example.com,+971503947745,Abu Dhabi,Abu Dhabi,Bronze,true,2023-05-03,2025-01-01T00:00:00
C00762,Rodel,Smith,rodel.smith762@example.com,+971509512910,Dubai,Dubai,Silver,true,2020-10-24,2025-01-01T00:00:00
C02023,Hessa,Khoury,hessa.khoury2023@example.com,+971505951813,Al Ain,Abu Dhabi,Bronze,true,2020-05-14,2025-01-01T00:00:00
C02416,Rashid,Menon,rashid.menon2416@example.com,+971505686885,Dubai,Dubai,Bronze,false,2021-10-13,2025-01-01T00:00:00
C01172,Liam,D'Souza,liam.dsouza1172@example.com,+971501197778,Dubai,Dubai,Bronze,true,2020-07-24,2025-01-01T00:00:00
C01136,Khalid,Farouk,khalid.farouk1136@example.com,+971508371182,Abu Dhabi,Abu Dhabi,Bronze,false,2021-07-05,2025-01-01T00:00:00
C01796,Jose,Haddad,jose.haddad1796@example.com,+971509345380,Dubai,Dubai,Gold,true,2020-05-13,2025-01-01T00:00:00
C01278,Sophie,Patel,sophie.patel1278@example.com,+971509222577,Abu Dhabi,Abu Dhabi,Bronze,false,2022-12-04,2025-01-01T00:00:00
C01694,Noura,Khoury,noura.khoury1694@example.com,+971504391113,Sharjah,Sharjah,Silver,true,2024-04-07,2025-01-01T00:00:00
C00270,Layla,Taylor,layla.taylor270@example.com,+971509570219,Sharjah,Sharjah,Bronze,true,2020-08-27,2025-01-01T00:00:00
C00859,Rodel,Khan,rodel.khan859@example.com,+971509899034,Dubai,Dubai,Bronze,true,2024-12-02,2025-01-01T00:00:00
C02033,Ravi,Patel,ravi.patel2033@example.com,+971504626117,Dubai,Dubai,Platinum,false,2024-10-12,2025-01-01T00:00:00
C01892,Jose,Brown,jose.brown1892@example.com,+971508722401,Sharjah,Sharjah,Silver,true,2022-07-07,2025-01-01T00:00:00
C02213,James,Santos,james.santos2213@example.com,+971503922514,Dubai,Dubai,Bronze,true,2022-09-20,2025-01-01T00:00:00
C01979,Ravi,Reyes,ravi.reyes1979@example.com,+971509890570,Sharjah,Sharjah,Silver,false,2021-05-09,2025-01-01T00:00:00
C01681,Meera,Al Ketbi,meera.alketbi1681@example.com,+971501698478,Abu Dhabi,Abu Dhabi,Gold,true,2024-04-27,2025-01-01T00:00:00
C02551,Ali,Taylor,ali.taylor2551@example.com,+971503802602,Sharjah,Sharjah,Silver,false,2022-05-15,2025-01-01T00:00:00
C00683,Ravi,Cruz,ravi.cruz683@example.com,+971506101462,Dubai,Dubai,Bronze,true,2021-12-23,2025-01-01T00:00:00
C00511,Hassan,Al Mansoori,hassan.almansoori511@example.com,+971507830585,Dubai,Dubai,Silver,true,2022-04-07,2025-01-01T00:00:00
C00923,Mark,Farouk,mark.farouk923@example.com,+971509213136,Sharjah,Sharjah,Gold,true,2023-07-27,2025-01-01T00:00:00
C00758,Dina,Hussain,dina.hussain758@example.com,+971505785643,Sharjah,Sharjah,Platinum,false,2020-12-06,2025-01-01T00:00:00
C01727,Mariam,Wilson,mariam.wilson1727@example.com,+971509300525,Abu Dhabi,Abu Dhabi,Silver,true,2023-12-27,2025-01-01T00:00:00
C00681,Dina,Al Suwaidi,dina.alsuwaidi681@example.com,+971502309997,Dubai,Dubai,Silver,false,2024-12-27,2025-01-01T00:00:00
C01352,Yasmin,Wilson,yasmin.wilson1352@example.com,+971506090515,Abu Dhabi,Abu Dhabi,Bronze,true,2021-04-06,2025-01-01T00:00:00
C00460,Ayesha,Brown,ayesha.brown460@example.com,+971502228898,Dubai,Dubai,Bronze,true,2022-07-29,2025-01-01T00:00:00
C01235,Karim,Cruz,karim.cruz1235@example.com,+971502664720,Sharjah,Sharjah,Silver,true,2022-06-14,2025-01-01T00:00:00
C00250,Yasmin,Khan,yasmin.khan250@example.com,+971504369728,Dubai,Dubai,Bronze,false,2024-08-13,2025-01-01T00:00:00
C00299,Anjali,Menon,anjali.menon299@example.com,+971509548370,Abu Dhabi,Abu Dhabi,Silver,true,2024-11-28,2025-01-01T00:00:00
C00473,Reem,Sharma,reem.sharma473@example.com,+971508316947,Sharjah,Sharjah,Gold,true,2021-10-03,2025-01-01T00:00:00
C02052,Layla,Menon,layla.menon2052@example.com,+971506713202,Dubai,Dubai,Bronze,true,2020-07-23,2025-01-01T00:00:00
C01321,Aisha,Al Falasi,aisha.alfalasi1321@example.com,+971509570152,Sharjah,Sharjah,Silver,true,2024-11-05,2025-01-01T00:00:00
C02591,Sophie,Al Ketbi,sophie.alketbi2591@example.com,+971502556022,Dubai,Dubai,Bronze,true,2020-04-16,2025-01-01T00:00:00
C01552,Sophie,Patel,sophie.patel1552@example.com,+971504064939,Dubai,Dubai,Bronze,false,2023-03-06,2025-01-01T00:00:00
C00883,Shamma,Qureshi,shamma.qureshi883@example.com,+971505350628,Dubai,Dubai,Bronze,true,2021-01-18,2025-01-01T00:00:00
C00157,Fatima,Reyes,fatima.reyes157@example.com,+971507989166,Al Ain,Abu Dhabi,Silver,true,2020-06-15,2025-01-01T00:00:00
C00865,Layla,Hussain,layla.hussain865@example.com,+971505576682,Sharjah,Sharjah,Silver,false,2021-08-04,2025-01-01T00:00:00
C01406,Mark,Farouk,mark.farouk1406@example.com,+971508614329,Abu Dhabi,Abu Dhabi,Gold,false,2023-03-15,2025-01-01T00:00:00
C02048,Fatima,Taylor,fatima.taylor2048@example.com,+971506662173,Abu Dhabi,Abu Dhabi,Bronze,true,2024-03-10,2025-01-01T00:00:00
C02219,Mohammed,Fernandes,mohammed.fernandes2219@example.com,+971505861477,Al Ain,Abu Dhabi,Bronze,false,2022-06-29,2025-01-01T00:00:00
C00142,Yasmin,Taylor,yasmin.taylor142@example.com,+971501543335,Dubai,Dubai,Silver,false,2024-05-13,2025-01-01T00:00:00
C02494,Dina,Wilson,dina.wilson2494@example.com,+971506287988,Sharjah,Sharjah,Gold,true,2022-09-06,2025-01-01T00:00:00
C01606,Tariq,Al Mansoori,tariq.almansoori1606@example.com,+971508876684,Dubai,Dubai,Bronze,false,2020-10-02,2025-01-01T00:00:00
C01060,Angela,Al Suwaidi,angela.alsuwaidi1060@example.com,+971506777952,Dubai,Dubai,Bronze,true,2024-02-12,2025-01-01T00:00:00
C01280,Yasmin,Menon,yasmin.menon1280@example.com,+971502260713,Sharjah,Sharjah,Bronze,true,2023-09-12,2025-01-01T00:00:00
C00834,Arjun,Farouk,arjun.farouk834@example.com,+971501938272,Abu Dhabi,Abu Dhabi,Bronze,false,2021-03-14,2025-01-01T00:00:00
C00656,Ravi,Patel,ravi.patel656@example.com,+971506224048,Dubai,Dubai,Bronze,true,2024-07-04,2025-01-01T00:00:00
C02118,Ravi,Qureshi,ravi.qureshi2118@example.com,+971503233012,Al Ain,Abu Dhabi,Bronze,true,2023-06-06,2025-01-01T00:00:00
C01019,Angela,Al Falasi,angela.alfalasi1019@example.com,+971502284021,Umm Al Quwain,Umm Al Quwain,Bronze,false,2022-10-07,2025-01-01T00:00:00
C00986,Dina,Saleh,dina.saleh986@example.com,+971502096852,Ajman,Ajman,Bronze,false,2024-06-24,2025-01-01T00:00:00
C01069,Sana,Taylor,sana.taylor1069@example.com,+971506755884,Sharjah,Sharjah,Silver,false,2022-05-29,2025-01-01T00:00:00
C00303,Fatima,Al Ketbi,fatima.alketbi303@example.com,+971507676912,Fujairah,Fujairah,Silver,true,2021-03-17,2025-01-01T00:00:00
C00638,Saeed,Cruz,saeed.cruz638@example.com,+971501026523,Umm Al Quwain,Umm Al Quwain,Bronze,false,2023-06-02,2025-01-01T00:00:00
C01254,Ahmed,Hussain,ahmed.hussain1254@example.com,+971505269818,Abu Dhabi,Abu Dhabi,Bronze,true,2023-01-24,2025-01-01T00:00:00
C01266,Tariq,Al Zaabi,tariq.alzaabi1266@example.com,+971508075793,Al Ain,Abu Dhabi,Silver,true,2024-01-06,2025-01-01T00:00:00
C02560,Ali,Farouk,ali.farouk2560@example.com,+971507649771,Abu Dhabi,Abu Dhabi,Bronze,true,2020-05-08,2025-01-01T00:00:00
C01564,James,Al Hashmi,james.alhashmi1564@example.com,+971504528113,Sharjah,Sharjah,Bronze,true,2022-12-22,2025-01-01T00:00:00
C00818,Meera,Menon,meera.menon818@example.com,+971509435056,Dubai,Dubai,Bronze,true,2023-11-15,2025-01-01T00:00:00
C00601,Maria,Fernandes,maria.fernandes601@example.com,+971502671072,Umm Al Quwain,Umm Al Quwain,Bronze,true,2021-04-18,2025-01-01T00:00:00
C02190,Rashid,Al Mansoori,rashid.almansoori2190@example.com,+971505789153,Dubai,Dubai,Bronze,true,2024-11-04,2025-01-01T00:00:00
C00629,Emma,Patel,emma.patel629@example.com,+971508981122,Dubai,Dubai,Bronze,true,2024-12-12,2025-01-01T00:00:00
C00390,Priya,Nasser,priya.nasser390@example.com,+971501592554,Al Ain,Abu Dhabi,Silver,true,2021-08-28,2025-01-01T00:00:00
C02489,Zainab,Al Ketbi,zainab.alketbi2489@example.com,+971505703172,Dubai,Dubai,Bronze,true,2024-06-08,2025-01-01T00:00:00
C00695,Meera,Patel,meera.patel695@example.com,+971504270310,Sharjah,Sharjah,Silver,false,2024-05-02,2025-01-01T00:00:00
C02506,Sophie,Mansour,sophie.mansour2506@example.com,+971501704032,Fujairah,Fujairah,Silver,false,2020-09-01,2025-01-01T00:00:00
C02066,Angela,Al Nuaimi,angela.alnuaimi2066@example.com,+971503917803,Al Ain,Abu Dhabi,Bronze,true,2024-04-13,2025-01-01T00:00:00
C00369,Omar,Al Suwaidi,omar.alsuwaidi369@example.com,+971507666510,Al Ain,Abu Dhabi,Bronze,true,2024-07-11,2025-01-01T00:00:00
C01714,Dina,Nasser,dina.nasser1714@example.com,+971504643644,Dubai,Dubai,Silver,true,2024-11-16,2025-01-01T00:00:00
C00802,Arjun,Khoury,arjun.khoury802@example.com,+971507785437,Dubai,Dubai,Bronze,true,2023-04-30,2025-01-01T00:00:00
C01445,Liam,Santos,liam.santos1445@example.com,+971507234947,Al Ain,Abu Dhabi,Silver,true,2021-08-25,2025-01-01T00:00:00
C01320,Yasmin,Al Hashmi,yasmin.alhashmi1320@example.com,+971502634085,Dubai,Dubai,Silver,false,2021-07-07,2025-01-01T00:00:00
C01188,Saeed,Al Suwaidi,saeed.alsuwaidi1188@example.com,+971501048085,Dubai,Dubai,Platinum,true,2024-03-12,2025-01-01T00:00:00
C00324,Khalid,Hussain,khalid.hussain324@example.com,+971506268604,Abu Dhabi,Abu Dhabi,Bronze,true,2020-11-14,2025-01-01T00:00:00
C00373,Jose,Sheikh,jose.sheikh373@example.com,+971507739741,Abu Dhabi,Abu Dhabi,Bronze,false,2021-07-18,2025-01-01T00:00:00
C02532,Karim,Khoury,karim.khoury2532@example.com,+971507699071,Dubai,Dubai,Silver,true,2022-03-05,2025-01-01T00:00:00
C00211,Liam,Smith,liam.smith211@example.com,+971506379867,Abu Dhabi,Abu Dhabi,Bronze,true,2024-07-28,2025-01-01T00:00:00
C01050,Maria,Iyer,maria.iyer1050@example.com,+971503292713,Dubai,Dubai,Bronze,false,2021-08-03,2025-01-01T00:00:00
C00409,Shamma,Al Mansoori,shamma.almansoori409@example.com,+971502694160,Dubai,Dubai,Silver,false,2020-11-09,2025-01-01T00:00:00
C01058,Maria,Khoury,maria.khoury1058@example.com,+971502348021,Sharjah,Sharjah,Gold,true,2023-12-28,2025-01-01T00:00:00
C01220,Shamma,Iyer,shamma.iyer1220@example.com,+971508626564,Dubai,Dubai,Bronze,false,2022-09-22,2025-01-01T00:00:00
C00756,Chloe,Farouk,chloe.farouk756@example.com,+971503213824,Abu Dhabi,Abu Dhabi,Bronze,true,2024-09-20,2025-01-01T00:00:00
C00188,Jose,Pillai,jose.pillai188@example.com,+971505856449,Dubai,Dubai,Bronze,true,2020-03-15,2025-01-01T00:00:00
C02057,Noura,Al Ketbi,noura.alketbi2057@example.com,+971507217012,Dubai,Dubai,Silver,true,2024-01-22,2025-01-01T00:00:00
C01984,Emma,Sharma,emma.sharma1984@example.com,+971501275672,Al Ain,Abu Dhabi,Bronze,true,2021-11-13,2025-01-01T00:00:00
C01203,Hassan,Al Shamsi,hassan.alshamsi1203@example.com,+971509116934,Abu Dhabi,Abu Dhabi,Bronze,true,2023-03-13,2025-01-01T00:00:00
C01488,Hessa,Wilson,hessa.wilson1488@example.com,+971503773979,Abu Dhabi,Abu Dhabi,Bronze,true,2024-04-17,2025-01-01T00:00:00
C01439,Aisha,Pillai,aisha.pillai1439@example.com,+971506225347,Dubai,Dubai,Gold,true,2021-04-21,2025-01-01T00:00:00
C01228,Emma,Smith,emma.smith1228@example.com,+971507818036,Dubai,Dubai,Bronze,true,2020-10-29,2025-01-01T00:00:00
C01826,Rania,Pillai,rania.pillai1826@example.com,+971508460264,Dubai,Dubai,Bronze,true,2023-10-30,2025-01-01T00:00:00
C01942,Mariam,Wilson,mariam.wilson1942@example.com,+971504175929,Dubai,Dubai,Silver,false,2021-12-30,2025-01-01T00:00:00
C02182,Farhan,Taylor,farhan.taylor2182@example.com,+971506871611,Umm Al Quwain,Umm Al Quwain,Gold,true,2021-01-31,2025-01-01T00:00:00
C01779,Imran,Haddad,imran.haddad1779@example.com,+971507640569,Sharjah,Sharjah,Bronze,true,2021-10-16,2025-01-01T00:00:00
C02150,Bilal,Iyer,bilal.iyer2150@example.com,+971505367791,Al Ain,Abu Dhabi,Platinum,true,2021-01-05,2025-01-01T00:00:00
C02127,Zainab,Menon,zainab.menon2127@example.com,+971502479872,Abu Dhabi,Abu Dhabi,Bronze,true,2020-06-25,2025-01-01T00:00:00
C02329,Liam,Al Suwaidi,liam.alsuwaidi2329@example.com,+971509634736,Fujairah,Fujairah,Platinum,true,2022-04-26,2025-01-01T00:00:00
C02063,Hassan,Nair,hassan.nair2063@example.com,+971504193974,Fujairah,Fujairah,Bronze,false,2021-09-26,2025-01-01T00:00:00
C00191,Ayesha,Qureshi,ayesha.qureshi191@example.com,+971506655803,Dubai,Dubai,Silver,false,2021-06-10,2025-01-01T00:00:00
C00595,Mariam,Al Falasi,mariam.alfalasi595@example.com,+971505077673,Sharjah,Sharjah,Gold,false,2024-01-31,2025-01-01T00:00:00
C00771,Maria,Al Suwaidi,maria.alsuwaidi771@example.com,+971505585697,Dubai,Dubai,Bronze,true,2024-03-28,2025-01-01T00:00:00
C01421,Angela,Al Ketbi,angela.alketbi1421@example.com,+971506422262,Abu Dhabi,Abu Dhabi,Silver,true,2024-10-08,2025-01-01T00:00:00
C02393,Jose,Nair,jose.nair2393@example.com,+971504163587,Sharjah,Sharjah,Silver,true,2022-06-02,2025-01-01T00:00:00
C00024,Mark,Garcia,mark.garcia24@example.com,+971502010496,Al Ain,Abu Dhabi,Platinum,true,2023-04-20,2025-01-01T00:00:00
C00489,Oliver,Al Shamsi,oliver.alshamsi489@example.com,+971503463987,Ras Al Khaimah,Ras Al Khaimah,Bronze,false,2023-07-13,2025-01-01T00:00:00
C00330,Rania,Reyes,rania.reyes330@example.com,+971502258076,Ras Al Khaimah,Ras Al Khaimah,Platinum,true,2020-06-21,2025-01-01T00:00:00
C01181,Sana,Qureshi,sana.qureshi1181@example.com,+971503520273,Al Ain,Abu Dhabi,Silver,false,2022-12-22,2025-01-01T00:00:00
C00921,Angela,Al Suwaidi,angela.alsuwaidi921@example.com,+971508128416,Dubai,Dubai,Bronze,true,2022-05-21,2025-01-01T00:00:00
C00539,Yasmin,Haddad,yasmin.haddad539@example.com,+971505150624,Dubai,Dubai,Bronze,true,2020-06-21,2025-01-01T00:00:00
C00597,Shamma,D'Souza,shamma.dsouza597@example.com,+971509103837,Sharjah,Sharjah,Silver,false,2021-03-09,2025-01-01T00:00:00
C00031,Olivia,Smith,olivia.smith31@example.com,+971501433940,Abu Dhabi,Abu Dhabi,Bronze,false,2022-06-03,2025-01-01T00:00:00
C01108,Ravi,Farouk,ravi.farouk1108@example.com,+971509228265,Dubai,Dubai,Bronze,false,2022-11-29,2025-01-01T00:00:00
C01766,Sophie,Fernandes,sophie.fernandes1766@example.com,+971507308382,Dubai,Dubai,Silver,false,2021-02-03,2025-01-01T00:00:00
C00107,Rania,Al Shamsi,rania.alshamsi107@example.com,+971504158134,Abu Dhabi,Abu Dhabi,Silver,true,2022-08-05,2025-01-01T00:00:00
C00242,Karim,Sheikh,karim.sheikh242@example.com,+971506312979,Sharjah,Sharjah,Bronze,true,2024-05-24,2025-01-01T00:00:00
C00163,Imran,Smith,imran.smith163@example.com,+971503673322,Dubai,Dubai,Platinum,true,2024-07-24,2025-01-01T00:00:00
C01036,Grace,Haddad,grace.haddad1036@example.com,+971504899452,Al Ain,Abu Dhabi,Silver,false,2023-04-13,2025-01-01T00:00:00
C02422,Sophie,Al Shamsi,sophie.alshamsi2422@example.com,+971503549852,Dubai,Dubai,Gold,true,2023-08-22,2025-01-01T00:00:00
C02165,Chloe,Nair,chloe.nair2165@example.com,+971501746009,Dubai,Dubai,Silver,true,2020-04-21,2025-01-01T00:00:00
C01492,Khalid,Haddad,khalid.haddad1492@example.com,+971503240199,Dubai,Dubai,Silver,false,2024-04-11,2025-01-01T00:00:00
C00712,Liam,Patel,liam.patel712@example.com,+971502056840,Al Ain,Abu Dhabi,Silver,true,2020-02-21,2025-01-01T00:00:00
C01124,Hassan,Al Ketbi,hassan.alketbi1124@example.com,+971505795781,Dubai,Dubai,Silver,true,2020-12-04,2025-01-01T00:00:00
C01733,Liam,Reyes,liam.reyes1733@example.com,+971509201213,Abu Dhabi,Abu Dhabi,Bronze,false,2021-12-10,2025-01-01T00:00:00
C01150,Khalid,Saleh,khalid.saleh1150@example.com,+971509242417,Dubai,Dubai,Bronze,true,2023-05-27,2025-01-01T00:00:00
C02381,Arjun,Sheikh,arjun.sheikh2381@example.com,+971503201179,Dubai,Dubai,Silver,true,2020-04-13,2025-01-01T00:00:00
C00436,Oliver,Qureshi,oliver.qureshi436@example.com,+971503913368,Sharjah,Sharjah,Bronze,false,2022-09-16,2025-01-01T00:00:00
C02317,Liam,Al Ketbi,liam.alketbi2317@example.com,+971507699116,Dubai,Dubai,Gold,false,2020-02-06,2025-01-01T00:00:00
C00959,Priya,Sharma,priya.sharma959@example.com,+971505602459,Ajman,Ajman,Gold,true,2020-09-17,2025-01-01T00:00:00
C00246,Reem,D'Souza,reem.dsouza246@example.com,+971507387623,Dubai,Dubai,Bronze,true,2023-02-19,2025-01-01T00:00:00
C00911,Chloe,Garcia,chloe.garcia911@example.com,+971506262932,Sharjah,Sharjah,Bronze,true,2023-12-06,2025-01-01T00:00:00
C00077,Zainab,Fernandes,zainab.fernandes77@example.com,+971508583392,Al Ain,Abu Dhabi,Bronze,true,2024-05-12,2025-01-01T00:00:00
C00775,Reem,Al Nuaimi,reem.alnuaimi775@example.com,+971505650930,Dubai,Dubai,Platinum,true,2023-08-13,2025-01-01T00:00:00
C01440,Hassan,Nasser,hassan.nasser1440@example.com,+971505498724,Ajman,Ajman,Silver,false,2023-11-12,2025-01-01T00:00:00
C01380,Meera,Nasser,meera.nasser1380@example.com,+971508155068,Dubai,Dubai,Bronze,true,2024-08-11,2025-01-01T00:00:00
C00406,Shamma,Al Nuaimi,shamma.alnuaimi406@example.com,+971503835093,Abu Dhabi,Abu Dhabi,Bronze,false,2020-09-25,2025-01-01T00:00:00
C02146,Layla,Al Hashmi,layla.alhashmi2146@example.com,+971504194779,Sharjah,Sharjah,Bronze,true,2021-03-23,2025-01-01T00:00:00
C02173,Shamma,Pillai,shamma.pillai2173@example.com,+971502932234,Dubai,Dubai,Bronze,false,2020-06-18,2025-01-01T00:00:00
C01759,Karim,Iyer,karim.iyer1759@example.com,+971506716959,Sharjah,Sharjah,Silver,false,2021-10-02,2025-01-01T00:00:00
C00200,Sophie,Farouk,sophie.farouk200@example.com,+971504446065,Dubai,Dubai,Bronze,true,2021-11-02,2025-01-01T00:00:00
C00728,Aisha,Taylor,aisha.taylor728@example.com,+971508292580,Dubai,Dubai,Bronze,false,2020-03-29,2025-01-01T00:00:00
C00424,Vikram,Haddad,vikram.haddad424@example.com,+971501915467,Dubai,Dubai,Silver,true,2021-12-09,2025-01-01T00:00:00
C02077,Hamdan,Al Zaabi,hamdan.alzaabi2077@example.com,+971504243587,Dubai,Dubai,Gold,false,2022-10-28,2025-01-01T00:00:00
C00605,Maria,Al Nuaimi,maria.alnuaimi605@example.com,+971505700872,Fujairah,Fujairah,Bronze,false,2024-12-04,2025-01-01T00:00:00
C01909,Olivia,Al Mansoori,olivia.almansoori1909@example.com,+971508189752,Dubai,Dubai,Gold,false,2020-06-17,2025-01-01T00:00:00
C01646,Karim,Qureshi,karim.qureshi1646@example.com,+971504391499,Sharjah,Sharjah,Gold,true,2022-10-15,2025-01-01T00:00:00
C01971,Vikram,Patel,vikram.patel1971@example.com,+971505595236,Abu Dhabi,Abu Dhabi,Bronze,true,2021-01-20,2025-01-01T00:00:00
C02002,Lucas,Al Falasi,lucas.alfalasi2002@example.com,+971507620407,Al Ain,Abu Dhabi,Silver,false,2023-12-05,2025-01-01T00:00:00
C00384,Salma,Al Mansoori,salma.almansoori384@example.com,+971503219862,Al Ain,Abu Dhabi,Bronze,false,2024-05-17,2025-01-01T00:00:00
C02091,Jose,Cruz,jose.cruz2091@example.com,+971502585719,Abu Dhabi,Abu Dhabi,Bronze,false,2020-10-15,2025-01-01T00:00:00
C01980,Hessa,Al Nuaimi,hessa.alnuaimi1980@example.com,+971508041836,Dubai,Dubai,Bronze,true,2020-01-07,2025-01-01T00:00:00
C00998,Zainab,Al Shamsi,zainab.alshamsi998@example.com,+971506599527,Abu Dhabi,Abu Dhabi,Silver,true,2020-05-26,2025-01-01T00:00:00
C00912,Dina,Sheikh,dina.sheikh912@example.com,+971508485810,Sharjah,Sharjah,Gold,false,2022-12-16,2025-01-01T00:00:00
C01430,Maria,Khoury,maria.khoury1430@example.com,+971505529825,Dubai,Dubai,Bronze,true,2024-07-23,2025-01-01T00:00:00
C01856,Arjun,Cruz,arjun.cruz1856@example.com,+971504866952,Abu Dhabi,Abu Dhabi,Silver,true,2024-01-13,2025-01-01T00:00:00
C01661,Jose,Menon,jose.menon1661@example.com,+971506198005,Al Ain,Abu Dhabi,Silver,true,2020-09-30,2025-01-01T00:00:00
C00995,Mark,Farouk,mark.farouk995@example.com,+971507861089,Abu Dhabi,Abu Dhabi,Silver,true,2021-11-19,2025-01-01T00:00:00
C02548,Saeed,Sheikh,saeed.sheikh2548@example.com,+971509524533,Dubai,Dubai,Bronze,true,2021-02-15,2025-01-01T00:00:00
C01845,Imran,Smith,imran.smith1845@example.com,+971504208920,Ras Al Khaimah,Ras Al Khaimah,Platinum,true,2021-04-11,2025-01-01T00:00:00
C02473,James,Menon,james.menon2473@example.com,+971509945252,Umm Al Quwain,Umm Al Quwain,Bronze,true,2024-01-20,2025-01-01T00:00:00
C02415,Mariam,Taylor,mariam.taylor2415@example.com,+971508493277,Sharjah,Sharjah,Gold,true,2020-09-03,2025-01-01T00:00:00
C02047,Mariam,Reyes,mariam.reyes2047@example.com,+971505931635,Ras Al Khaimah,Ras Al Khaimah,Bronze,true,2020-06-06,2025-01-01T00:00:00
C02522,Jose,Sharma,jose.sharma2522@example.com,+971508772420,Al Ain,Abu Dhabi,Silver,true,2023-04-06,2025-01-01T00:00:00
C01885,Mohammed,Menon,mohammed.menon1885@example.com,+971503469105,Abu Dhabi,Abu Dhabi,Gold,false,2024-03-16,2025-01-01T00:00:00
C00192,Dina,Khoury,dina.khoury192@example.com,+971509644974,Sharjah,Sharjah,Bronze,false,2020-12-25,2025-01-01T00:00:00
C00396,Meera,Haddad,meera.haddad396@example.com,+971507930789,Abu Dhabi,Abu Dhabi,Gold,true,2024-11-11,2025-01-01T00:00:00
C00743,Ayesha,Khoury,ayesha.khoury743@example.com,+971507214624,Dubai,Dubai,Silver,true,2020-10-10,2025-01-01T00:00:00
C00774,Anjali,Iyer,anjali.iyer774@example.com,+971505826621,Dubai,Dubai,Bronze,false,2021-06-21,2025-01-01T00:00:00
C02045,Mohammed,Khan,mohammed.khan2045@example.com,+971507833008,Sharjah,Sharjah,Bronze,false,2021-12-03,2025-01-01T00:00:00
C02360,Ravi,Al Hashmi,ravi.alhashmi2360@example.com,+971505274350,Abu Dhabi,Abu Dhabi,Silver,false,2021-01-11,2025-01-01T00:00:00
C00544,Ali,Khan,ali.khan544@example.com,+971508871835,Dubai,Dubai,Silver,true,2022-12-07,2025-01-01T00:00:00
C00545,James,Garcia,james.garcia545@example.com,+971508221506,Dubai,Dubai,Silver,false,2024-03-27,2025-01-01T00:00:00
C00310,Emma,Mansour,emma.mansour310@example.com,+971501930113,Abu Dhabi,Abu Dhabi,Gold,true,2020-06-06,2025-01-01T00:00:00
C02332,Liam,Taylor,liam.taylor2332@example.com,+971509791561,Abu Dhabi,Abu Dhabi,Bronze,false,2024-12-10,2025-01-01T00:00:00
C00315,Jose,Al Zaabi,jose.alzaabi315@example.com,+971505736323,Ajman,Ajman,Bronze,true,2020-04-04,2025-01-01T00:00:00
C02049,Olivia,Al Shamsi,olivia.alshamsi2049@example.com,+971502610366,Abu Dhabi,Abu Dhabi,Silver,true,2022-06-10,2025-01-01T00:00:00
C00874,Tariq,Khan,tariq.khan874@example.com,+971502612483,Dubai,Dubai,Bronze,true,2023-11-03,2025-01-01T00:00:00
C01452,Omar,Sheikh,omar.sheikh1452@example.com,+971504631285,Dubai,Dubai,Bronze,true,2021-02-18,2025-01-01T00:00:00
C01276,Anjali,Al Zaabi,anjali.alzaabi1276@example.com,+971507367900,Dubai,Dubai,Silver,false,2020-04-08,2025-01-01T00:00:00
C00509,Jose,Nair,jose.nair509@example.com,+971502151205,Abu Dhabi,Abu Dhabi,Bronze,false,2022-03-20,2025-01-01T00:00:00
C01723,Noura,Sheikh,noura.sheikh1723@example.com,+971502628546,Ras Al Khaimah,Ras Al Khaimah,Bronze,true,2021-05-25,2025-01-01T00:00:00
C00541,Lucas,Santos,lucas.santos541@example.com,+971503266851,Al Ain,Abu Dhabi,Bronze,true,2024-11-18,2025-01-01T00:00:00
C00488,Rashid,Nasser,rashid.nasser488@example.com,+971501723841,Dubai,Dubai,Silver,true,2023-04-24,2025-01-01T00:00:00
C01841,Hessa,Al Shamsi,hessa.alshamsi1841@example.com,+971507597931,Dubai,Dubai,Bronze,false,2024-05-10,2025-01-01T00:00:00
C00070,Angela,Santos,angela.santos70@example.com,+971507216461,Dubai,Dubai,Bronze,false,2023-06-14,2025-01-01T00:00:00
C00928,Ravi,Menon,ravi.menon928@example.com,+971509200596,Dubai,Dubai,Bronze,true,2021-09-16,2025-01-01T00:00:00
C01186,Karim,Brown,karim.brown1186@example.com,+971505125653,Dubai,Dubai,Bronze,true,2023-05-17,2025-01-01T00:00:00
C00089,Sana,Wilson,sana.wilson89@example.com,+971503403361,Dubai,Dubai,Bronze,false,2021-09-24,2025-01-01T00:00:00
C01512,James,Menon,james.menon1512@example.com,+971508330731,Sharjah,Sharjah,Silver,false,2023-03-20,2025-01-01T00:00:00
C02534,Hessa,Qureshi,hessa.qureshi2534@example.com,+971504070595,Dubai,Dubai,Bronze,true,2022-06-12,2025-01-01T00:00:00
C00566,Zainab,Patel,zainab.patel566@example.com,+971502062698,Dubai,Dubai,Bronze,false,2023-06-23,2025-01-01T00:00:00
C00902,Dina,Al Hashmi,dina.alhashmi902@example.com,+971501704130,Sharjah,Sharjah,Bronze,true,2020-08-04,2025-01-01T00:00:00
C00692,Ahmed,Cruz,ahmed.cruz692@example.com,+971508529960,Ras Al Khaimah,Ras Al Khaimah,Silver,false,2022-06-09,2025-01-01T00:00:00
C00630,Ahmed,Patel,ahmed.patel630@example.com,+971505665960,Ajman,Ajman,Bronze,true,2023-05-14,2025-01-01T00:00:00
C00144,Noura,Al Nuaimi,noura.alnuaimi144@example.com,+971509372568,Sharjah,Sharjah,Gold,true,2021-05-26,2025-01-01T00:00:00
C01522,Emma,Patel,emma.patel1522@example.com,+971503209515,Dubai,Dubai,Silver,false,2024-03-03,2025-01-01T00:00:00
C01963,Hamdan,D'Souza,hamdan.dsouza1963@example.com,+971503285233,Dubai,Dubai,Platinum,true,2022-03-06,2025-01-01T00:00:00
C00454,Dina,D'Souza,dina.dsouza454@example.com,+971501147701,Abu Dhabi,Abu Dhabi,Silver,true,2024-03-21,2025-01-01T00:00:00
C00064,Meera,Khoury,meera.khoury64@example.com,+971507136687,Fujairah,Fujairah,Silver,true,2024-10-27,2025-01-01T00:00:00
C01776,Yasmin,Khoury,yasmin.khoury1776@example.com,+971502501119,Sharjah,Sharjah,Bronze,true,2022-05-02,2025-01-01T00:00:00
C00113,Yousef,D'Souza,yousef.dsouza113@example.com,+971508103580,Dubai,Dubai,Bronze,true,2021-11-03,2025-01-01T00:00:00
C00452,Layla,D'Souza,layla.dsouza452@example.com,+971509474848,Dubai,Dubai,Bronze,true,2021-03-26,2025-01-01T00:00:00
C02075,Rashid,Iyer,rashid.iyer2075@example.com,+971501016411,Sharjah,Sharjah,Silver,true,2020-03-01,2025-01-01T00:00:00
C00025,Shamma,Menon,shamma.menon25@example.com,+971502362099,Dubai,Dubai,Bronze,true,2024-04-11,2025-01-01T00:00:00
C00462,Mohammed,Haddad,mohammed.haddad462@example.com,+971509973031,Abu Dhabi,Abu Dhabi,Silver,true,2021-10-09,2025-01-01T00:00:00
C01655,Imran,Wilson,imran.wilson1655@example.com,+971503256414,Dubai,Dubai,Gold,false,2021-04-25,2025-01-01T00:00:00
C02153,Layla,Farouk,layla.farouk2153@example.com,+971508864697,Fujairah,Fujairah,Bronze,false,2024-11-14,2025-01-01T00:00:00
C02305,Chloe,D'Souza,chloe.dsouza2305@example.com,+971502984967,Ras Al Khaimah,Ras Al Khaimah,Bronze,false,2023-02-16,2025-01-01T00:00:00
C00245,Imran,Haddad,imran.haddad245@example.com,+971507942580,Dubai,Dubai,Silver,false,2023-05-09,2025-01-01T00:00:00
C00668,Anjali,Khoury,anjali.khoury668@example.com,+971502824432,Dubai,Dubai,Bronze,false,2020-12-26,2025-01-01T00:00:00
C00216,Angela,Nasser,angela.nasser216@example.com,+971503249703,Abu Dhabi,Abu Dhabi,Bronze,true,2023-02-25,2025-01-01T00:00:00
C00348,Bilal,Sharma,bilal.sharma348@example.com,+971503941912,Abu Dhabi,Abu Dhabi,Bronze,false,2023-06-10,2025-01-01T00:00:00
C01300,Bilal,Garcia,bilal.garcia1300@example.com,+971509687763,Sharjah,Sharjah,Bronze,false,2024-08-22,2025-01-01T00:00:00
C00885,Tariq,Pillai,tariq.pillai885@example.com,+971507052024,Dubai,Dubai,Silver,true,2024-03-04,2025-01-01T00:00:00
C02505,Hassan,Al Zaabi,hassan.alzaabi2505@example.com,+971502673186,Sharjah,Sharjah,Bronze,false,2022-07-13,2025-01-01T00:00:00
C01001,Jose,Sharma,jose.sharma1001@example.com,+971504521118,Dubai,Dubai,Bronze,true,2020-11-01,2025-01-01T00:00:00
C01716,Layla,Santos,layla.santos1716@example.com,+971503614824,Umm Al Quwain,Umm Al Quwain,Silver,false,2023-09-28,2025-01-01T00:00:00
C00974,Yousef,Al Shamsi,yousef.alshamsi974@example.com,+971506228902,Dubai,Dubai,Bronze,false,2021-05-12,2025-01-01T00:00:00
C02046,Tariq,Fernandes,tariq.fernandes2046@example.com,+971505028920,Dubai,Dubai,Bronze,true,2021-03-17,2025-01-01T00:00:00
C00699,Vikram,Qureshi,vikram.qureshi699@example.com,+971504091420,Ras Al Khaimah,Ras Al Khaimah,Bronze,false,2022-02-08,2025-01-01T00:00:00
C01296,Omar,Hussain,omar.hussain1296@example.com,+971501163307,Al Ain,Abu Dhabi,Bronze,true,2021-06-24,2025-01-01T00:00:00
C00120,Zainab,Al Hashmi,zainab.alhashmi120@example.com,+971509655523,Sharjah,Sharjah,Bronze,false,2022-09-11,2025-01-01T00:00:00
C02327,Yasmin,Sheikh,yasmin.sheikh2327@example.com,+971509756078,Sharjah,Sharjah,Bronze,true,2021-04-09,2025-01-01T00:00:00
C01572,James,Iyer,james.iyer1572@example.com,+971501771751,Fujairah,Fujairah,Silver,false,2024-01-20,2025-01-01T00:00:00
C01704,Saeed,Al Shamsi,saeed.alshamsi1704@example.com,+971502240239,Abu Dhabi,Abu Dhabi,Silver,false,2020-09-02,2025-01-01T00:00:00
C00857,Ayesha,Al Shamsi,ayesha.alshamsi857@example.com,+971509464810,Dubai,Dubai,Bronze,true,2023-05-10,2025-01-01T00:00:00
C02018,Tariq,Mansour,tariq.mansour2018@example.com,+971501285118,Al Ain,Abu Dhabi,Silver,false,2022-04-20,2025-01-01T00:00:00
C00307,Vikram,Qureshi,vikram.qureshi307@example.com,+971503302031,Dubai,Dubai,Bronze,false,2021-09-25,2025-01-01T00:00:00
C00400,Dina,Saleh,dina.saleh400@example.com,+971507767819,Abu Dhabi,Abu Dhabi,Platinum,true,2020-09-22,2025-01-01T00:00:00
C00718,Omar,Nair,omar.nair718@example.com,+971507744585,Abu Dhabi,Abu Dhabi,Bronze,false,2021-03-27,2025-01-01T00:00:00
C01062,Angela,D'Souza,angela.dsouza1062@example.com,+971505837546,Al Ain,Abu Dhabi,Bronze,true,2023-11-27,2025-01-01T00:00:00
C02177,Sophie,Farouk,sophie.farouk2177@example.com,+971504321072,Ras Al Khaimah,Ras Al Khaimah,Bronze,true,2024-02-29,2025-01-01T00:00:00
C01372,Yasmin,Al Mansoori,yasmin.almansoori1372@example.com,+971506385308,Dubai,Dubai,Gold,true,2021-05-28,2025-01-01T00:00:00
C01516,Ayesha,Mansour,ayesha.mansour1516@example.com,+971506515543,Al Ain,Abu Dhabi,Bronze,false,2024-01-31,2025-01-01T00:00:00
C01277,Rodel,Al Falasi,rodel.alfalasi1277@example.com,+971503483052,Dubai,Dubai,Silver,false,2023-04-09,2025-01-01T00:00:00
C01293,Karim,Cruz,karim.cruz1293@example.com,+971505831479,Sharjah,Sharjah,Bronze,true,2021-12-12,2025-01-01T00:00:00
C02015,Zainab,D'Souza,zainab.dsouza2015@example.com,+971503515887,Dubai,Dubai,Bronze,true,2020-06-30,2025-01-01T00:00:00
C00156,Hessa,Hussain,hessa.hussain156@example.com,+971506664316,Al Ain,Abu Dhabi,Bronze,false,2023-04-04,2025-01-01T00:00:00
C01100,Karim,Farouk,karim.farouk1100@example.com,+971503013272,Dubai,Dubai,Bronze,true,2021-07-17,2025-01-01T00:00:00
C01781,Emma,Al Mansoori,emma.almansoori1781@example.com,+971502352703,Dubai,Dubai,Bronze,false,2023-04-08,2025-01-01T00:00:00
C01034,Ayesha,Hussain,ayesha.hussain1034@example.com,+971502589550,Dubai,Dubai,Platinum,false,2020-07-27,2025-01-01T00:00:00
C02093,Rodel,Pillai,rodel.pillai2093@example.com,+971503857465,Abu Dhabi,Abu Dhabi,Bronze,false,2020-10-17,2025-01-01T00:00:00
C02504,Ayesha,Reyes,ayesha.reyes2504@example.com,+971503473513,Ras Al Khaimah,Ras Al Khaimah,Bronze,false,2021-07-31,2025-01-01T00:00:00
C00485,James,Al Mansoori,james.almansoori485@example.com,+971503331501,Abu Dhabi,Abu Dhabi,Bronze,true,2022-09-24,2025-01-01T00:00:00
C02467,Dina,Cruz,dina.cruz2467@example.com,+971506627064,Ras Al Khaimah,Ras Al Khaimah,Bronze,true,2021-10-05,2025-01-01T00:00:00
C01375,Arjun,Reyes,arjun.reyes1375@example.com,+971503134439,Ajman,Ajman,Silver,true,2024-05-30,2025-01-01T00:00:00
C01079,Salma,Santos,salma.santos1079@example.com,+971505322289,Dubai,Dubai,Platinum,false,2022-02-24,2025-01-01T00:00:00
C00588,Grace,Fernandes,grace.fernandes588@example.com,+971508246678,Dubai,Dubai,Silver,true,2022-03-15,2025-01-01T00:00:00
C00397,Sana,Nasser,sana.nasser397@example.com,+971508676774,Umm Al Quwain,Umm Al Quwain,Bronze,false,2021-02-14,2025-01-01T00:00:00
C00222,James,Smith,james.smith222@example.com,+971507219396,Ras Al Khaimah,Ras Al Khaimah,Bronze,true,2024-01-19,2025-01-01T00:00:00
C02384,Aisha,Wilson,aisha.wilson2384@example.com,+971504872334,Sharjah,Sharjah,Bronze,true,2023-10-29,2025-01-01T00:00:00
C01349,Sana,Al Ketbi,sana.alketbi1349@example.com,+971506529924,Dubai,Dubai,Bronze,true,2021-02-14,2025-01-01T00:00:00
C00824,Olivia,Mansour,olivia.mansour824@example.com,+971509937547,Dubai,Dubai,Gold,false,2024-08-14,2025-01-01T00:00:00
C01840,Omar,Saleh,omar.saleh1840@example.com,+971508001408,Abu Dhabi,Abu Dhabi,Silver,false,2024-05-02,2025-01-01T00:00:00
C00471,Khalid,Cruz,khalid.cruz471@example.com,+971504246367,Abu Dhabi,Abu Dhabi,Bronze,true,2021-04-25,2025-01-01T00:00:00
C00502,Anjali,Wilson,anjali.wilson502@example.com,+971507679508,Sharjah,Sharjah,Gold,false,2021-06-03,2025-01-01T00:00:00
C00151,Yousef,Smith,yousef.smith151@example.com,+971508549319,Abu Dhabi,Abu Dhabi,Silver,true,2020-05-31,2025-01-01T00:00:00
C01030,Khalid,Smith,khalid.smith1030@example.com,+971504180079,Dubai,Dubai,Gold,true,2022-11-15,2025-01-01T00:00:00
C02378,Yousef,Sheikh,yousef.sheikh2378@example.com,+971502487812,Dubai,Dubai,Bronze,false,2021-04-13,2025-01-01T00:00:00
C00746,Zainab,Al Ketbi,zainab.alketbi746@example.com,+971507133596,Dubai,Dubai,Silver,true,2023-10-13,2025-01-01T00:00:00
C01227,Omar,Sheikh,omar.sheikh1227@example.com,+971506310245,Dubai,Dubai,Bronze,true,2021-02-10,2025-01-01T00:00:00
C01287,Mariam,Wilson,mariam.wilson1287@example.com,+971503526985,Abu Dhabi,Abu Dhabi,Bronze,true,2023-02-01,2025-01-01T00:00:00
C00535,Imran,Cruz,imran.cruz535@example.com,+971507634639,Sharjah,Sharjah,Gold,false,2021-10-04,2025-01-01T00:00:00
C01082,Ravi,Al Suwaidi,ravi.alsuwaidi1082@example.com,+971506708243,Dubai,Dubai,Silver,true,2020-08-24,2025-01-01T00:00:00
C02463,Fatima,Haddad,fatima.haddad2463@example.com,+971508157573,Umm Al Quwain,Umm Al Quwain,Platinum,true,2021-02-11,2025-01-01T00:00:00
C02513,Hamdan,Nair,hamdan.nair2513@example.com,+971501025295,Sharjah,Sharjah,Bronze,true,2024-10-06,2025-01-01T00:00:00
C00145,Priya,Farouk,priya.farouk145@example.com,+971505791184,Dubai,Dubai,Bronze,true,2024-05-06,2025-01-01T00:00:00
C00082,Sana,Mansour,sana.mansour82@example.com,+971502595275,Abu Dhabi,Abu Dhabi,Bronze,false,2022-04-27,2025-01-01T00:00:00
C00631,Bilal,Al Shamsi,bilal.alshamsi631@example.com,+971501544120,Dubai,Dubai,Bronze,true,2023-08-30,2025-01-01T00:00:00
C00087,Zainab,Al Falasi,zainab.alfalasi87@example.com,+971504794319,Sharjah,Sharjah,Gold,false,2023-02-13,2025-01-01T00:00:00
C01244,Yousef,Fernandes,yousef.fernandes1244@example.com,+971507576872,Dubai,Dubai,Gold,true,2024-06-28,2025-01-01T00:00:00
C01992,Mohammed,Santos,mohammed.santos1992@example.com,+971503633253,Dubai,Dubai,Silver,false,2023-03-16,2025-01-01T00:00:00
C00827,Yasmin,Hussain,yasmin.hussain827@example.com,+971504961601,Dubai,Dubai,Bronze,true,2021-08-10,2025-01-01T00:00:00
C01528,Maria,Nasser,maria.nasser1528@example.com,+971507883587,Umm Al Quwain,Umm Al Quwain,Silver,true,2020-07-20,2025-01-01T00:00:00
C00840,Karim,Smith,karim.smith840@example.com,+971507816395,Ajman,Ajman,Bronze,true,2022-06-17,2025-01-01T00:00:00
C01654,Jose,Haddad,jose.haddad1654@example.com,+971507106385,Sharjah,Sharjah,Bronze,true,2023-04-04,2025-01-01T00:00:00
C01701,Chloe,Hussain,chloe.hussain1701@example.com,+971506327664,Dubai,Dubai,Bronze,true,2021-08-12,2025-01-01T00:00:00
C01883,Emma,Khan,emma.khan1883@example.com,+971504471088,Sharjah,Sharjah,Silver,true,2022-10-27,2025-01-01T00:00:00
C02056,James,D'Souza,james.dsouza2056@example.com,+971501773774,Dubai,Dubai,Bronze,true,2021-05-01,2025-01-01T00:00:00
C01094,Yasmin,Hussain,yasmin.hussain1094@example.com,+971508413578,Al Ain,Abu Dhabi,Bronze,false,2022-07-26,2025-01-01T00:00:00
C00967,Reem,Al Zaabi,reem.alzaabi967@example.com,+971508357303,Sharjah,Sharjah,Silver,true,2022-11-30,2025-01-01T00:00:00
C00589,Mariam,Iyer,mariam.iyer589@example.com,+971501827302,Al Ain,Abu Dhabi,Bronze,true,2021-11-19,2025-01-01T00:00:00
C00894,Saeed,Brown,saeed.brown894@example.com,+971508859576,Ras Al Khaimah,Ras Al Khaimah,Gold,false,2022-11-05,2025-01-01T00:00:00
C01096,Hessa,Haddad,hessa.haddad1096@example.com,+971508165734,Fujairah,Fujairah,Gold,true,2023-10-21,2025-01-01T00:00:00
C01040,Fatima,D'Souza,fatima.dsouza1040@example.com,+971507960756,Sharjah,Sharjah,Silver,true,2024-04-06,2025-01-01T00:00:00
C01999,Vikram,Menon,vikram.menon1999@example.com,+971508128409,Fujairah,Fujairah,Silver,false,2022-12-27,2025-01-01T00:00:00
C00309,Sana,Saleh,sana.saleh309@example.com,+971502071594,Dubai,Dubai,Silver,true,2020-03-01,2025-01-01T00:00:00
C01916,Anjali,Cruz,anjali.cruz1916@example.com,+971507729241,Abu Dhabi,Abu Dhabi,Silver,true,2022-11-08,2025-01-01T00:00:00
C01745,Ali,Saleh,ali.saleh1745@example.com,+971508481497,Dubai,Dubai,Platinum,false,2023-06-23,2025-01-01T00:00:00
C01289,Hamdan,Khoury,hamdan.khoury1289@example.com,+971505629265,Dubai,Dubai,Bronze,true,2021-08-25,2025-01-01T00:00:00
C01939,Lucas,Al Zaabi,lucas.alzaabi1939@example.com,+971503610008,Dubai,Dubai,Gold,true,2021-09-25,2025-01-01T00:00:00
C01539,Rania,Al Falasi,rania.alfalasi1539@example.com,+971507148254,Sharjah,Sharjah,Silver,true,2024-08-17,2025-01-01T00:00:00
C00640,Karim,Menon,karim.menon640@example.com,+971504375360,Dubai,Dubai,Bronze,true,2024-07-08,2025-01-01T00:00:00
C01065,Karim,Al Hashmi,karim.alhashmi1065@example.com,+971503787134,Ajman,Ajman,Bronze,true,2022-06-21,2025-01-01T00:00:00
C00807,Lucas,Al Nuaimi,lucas.alnuaimi807@example.com,+971501530135,Fujairah,Fujairah,Gold,true,2024-07-15,2025-01-01T00:00:00
C02174,Hessa,Al Falasi,hessa.alfalasi2174@example.com,+971502981040,Dubai,Dubai,Bronze,false,2024-02-07,2025-01-01T00:00:00
C02325,Mark,Smith,mark.smith2325@example.com,+971501077233,Sharjah,Sharjah,Bronze,false,2024-07-16,2025-01-01T00:00:00
C02224,Jose,Al Suwaidi,jose.alsuwaidi2224@example.com,+971502409831,Sharjah,Sharjah,Bronze,true,2023-05-04,2025-01-01T00:00:00
C02537,Tariq,Santos,tariq.santos2537@example.com,+971509839008,Abu Dhabi,Abu Dhabi,Silver,true,2023-06-02,2025-01-01T00:00:00
C02588,Lucas,Patel,lucas.patel2588@example.com,+971506385234,Al Ain,Abu Dhabi,Silver,true,2021-07-08,2025-01-01T00:00:00
C01169,Layla,Mansour,layla.mansour1169@example.com,+971503954644,Dubai,Dubai,Silver,false,2022-10-12,2025-01-01T00:00:00
C01549,Arjun,Al Falasi,arjun.alfalasi1549@example.com,+971506981102,Abu Dhabi,Abu Dhabi,Bronze,false,2020-11-03,2025-01-01T00:00:00
C02088,Ahmed,Haddad,ahmed.haddad2088@example.com,+971508078300,Dubai,Dubai,Gold,false,2020-11-30,2025-01-01T00:00:00
C00550,Imran,Al Nuaimi,imran.alnuaimi550@example.com,+971509975319,Dubai,Dubai,Bronze,true,2021-01-19,2025-01-01T00:00:00
C00483,Arjun,Reyes,arjun.reyes483@example.com,+971503916715,Abu Dhabi,Abu Dhabi,Silver,true,2023-07-21,2025-01-01T00:00:00
C02058,Aisha,Fernandes,aisha.fernandes2058@example.com,+971502087833,Dubai,Dubai,Bronze,true,2024-08-10,2025-01-01T00:00:00
C01988,Dina,Al Falasi,dina.alfalasi1988@example.com,+971505199616,Dubai,Dubai,Bronze,false,2021-04-29,2025-01-01T00:00:00
C00183,James,Menon,james.menon183@example.com,+971505548852,Dubai,Dubai,Bronze,true,2024-03-10,2025-01-01T00:00:00
C01388,Farhan,Patel,farhan.patel1388@example.com,+971507877413,Abu Dhabi,Abu Dhabi,Bronze,true,2020-08-24,2025-01-01T00:00:00
C01022,Ayesha,Khan,ayesha.khan1022@example.com,+971508788747,Dubai,Dubai,Bronze,true,2020-08-22,2025-01-01T00:00:00
C00047,Khalid,Farouk,khalid.farouk47@example.com,+971508665981,Dubai,Dubai,Silver,true,2024-11-16,2025-01-01T00:00:00
C02523,Layla,Cruz,layla.cruz2523@example.com,+971504017976,Abu Dhabi,Abu Dhabi,Bronze,true,2022-04-16,2025-01-01T00:00:00
C00702,Aisha,Reyes,aisha.reyes702@example.com,+971505440339,Fujairah,Fujairah,Bronze,true,2021-11-12,2025-01-01T00:00:00
C01055,Maria,Saleh,maria.saleh1055@example.com,+971505066006,Sharjah,Sharjah,Bronze,false,2023-08-26,2025-01-01T00:00:00
C02221,Bilal,D'Souza,bilal.dsouza2221@example.com,+971504911403,Al Ain,Abu Dhabi,Platinum,false,2024-12-07,2025-01-01T00:00:00
C02315,Zainab,Pillai,zainab.pillai2315@example.com,+971501761206,Ajman,Ajman,Bronze,true,2021-08-24,2025-01-01T00:00:00
C02553,Noura,Mansour,noura.mansour2553@example.com,+971502856717,Ras Al Khaimah,Ras Al Khaimah,Platinum,true,2022-04-19,2025-01-01T00:00:00
C01174,Ahmed,Al Hashmi,ahmed.alhashmi1174@example.com,+971506677240,Al Ain,Abu Dhabi,Bronze,true,2020-01-28,2025-01-01T00:00:00
C02391,Maria,Sharma,maria.sharma2391@example.com,+971503566438,Sharjah,Sharjah,Silver,false,2020-03-24,2025-01-01T00:00:00
C02282,Omar,Iyer,omar.iyer2282@example.com,+971504648083,Abu Dhabi,Abu Dhabi,Silver,true,2023-11-10,2025-01-01T00:00:00
C01551,Sana,Fernandes,sana.fernandes1551@example.com,+971509971681,Dubai,Dubai,Platinum,true,2020-07-21,2025-01-01T00:00:00
C01257,Bilal,Cruz,bilal.cruz1257@example.com,+971509318172,Abu Dhabi,Abu Dhabi,Bronze,true,2020-07-07,2025-01-01T00:00:00
C00336,Mohammed,Haddad,mohammed.haddad336@example.com,+971507024901,Sharjah,Sharjah,Bronze,true,2024-06-15,2025-01-01T00:00:00
C02564,Sana,Menon,sana.menon2564@example.com,+971509999882,Al Ain,Abu Dhabi,Bronze,true,2023-07-14,2025-01-01T00:00:00
C02247,Anjali,Al Suwaidi,anjali.alsuwaidi2247@example.com,+971505382525,Dubai,Dubai,Silver,true,2023-03-07,2025-01-01T00:00:00
C01770,Ravi,Hussain,ravi.hussain1770@example.com,+971506415747,Abu Dhabi,Abu Dhabi,Bronze,false,2022-07-17,2025-01-01T00:00:00
C00855,Meera,Menon,meera.menon855@example.com,+971508101643,Sharjah,Sharjah,Bronze,true,2022-03-25,2025-01-01T00:00:00
C01458,Arjun,Sheikh,arjun.sheikh1458@example.com,+971508409604,Ajman,Ajman,Silver,true,2024-09-03,2025-01-01T00:00:00
C02164,Ali,Al Hashmi,ali.alhashmi2164@example.com,+971507112061,Dubai,Dubai,Silver,false,2023-10-14,2025-01-01T00:00:00
C02202,Priya,Pillai,priya.pillai2202@example.com,+971503021593,Dubai,Dubai,Bronze,false,2023-05-05,2025-01-01T00:00:00
C01205,Yousef,Al Hashmi,yousef.alhashmi1205@example.com,+971509448643,Dubai,Dubai,Bronze,false,2021-12-29,2025-01-01T00:00:00
C02401,Saeed,Patel,saeed.patel2401@example.com,+971504394146,Dubai,Dubai,Silver,true,2021-04-28,2025-01-01T00:00:00
C01993,Shamma,Nair,shamma.nair1993@example.com,+971508731865,Dubai,Dubai,Silver,true,2021-02-05,2025-01-01T00:00:00
C02466,Rodel,Nasser,rodel.nasser2466@example.com,+971508156597,Abu Dhabi,Abu Dhabi,Bronze,true,2020-11-25,2025-01-01T00:00:00
C00504,Chloe,Al Ketbi,chloe.alketbi504@example.com,+971501088762,Dubai,Dubai,Gold,true,2021-11-24,2025-01-01T00:00:00
C02334,Hamdan,Sharma,hamdan.sharma2334@example.com,+971505217304,Umm Al Quwain,Umm Al Quwain,Gold,true,2022-07-06,2025-01-01T00:00:00
C00672,Zainab,Al Ketbi,zainab.alketbi672@example.com,+971507027124,Dubai,Dubai,Gold,false,2020-05-07,2025-01-01T00:00:00
C00021,Aisha,Reyes,aisha.reyes21@example.com,+971509014965,Fujairah,Fujairah,Gold,true,2021-01-12,2025-01-01T00:00:00
C02361,Hassan,Sheikh,hassan.sheikh2361@example.com,+971504713173,Dubai,Dubai,Bronze,true,2023-09-16,2025-01-01T00:00:00
C00518,Priya,Menon,priya.menon518@example.com,+971505189194,Dubai,Dubai,Bronze,true,2021-05-10,2025-01-01T00:00:00
C01111,Mark,Al Zaabi,mark.alzaabi1111@example.com,+971505373391,Abu Dhabi,Abu Dhabi,Silver,true,2023-06-28,2025-01-01T00:00:00
C01523,Jose,Menon,jose.menon1523@example.com,+971502856109,Dubai,Dubai,Bronze,true,2020-07-17,2025-01-01T00:00:00
C02012,Tariq,Iyer,tariq.iyer2012@example.com,+971509761433,Dubai,Dubai,Bronze,false,2020-10-29,2025-01-01T00:00:00
C00001,Rodel,Smith,rodel.smith1@example.com,+971507360682,Dubai,Dubai,Silver,false,2021-03-09,2025-01-01T00:00:00
C00334,Dina,Patel,dina.patel334@example.com,+971509370012,Abu Dhabi,Abu Dhabi,Gold,true,2023-06-11,2025-01-01T00:00:00
C01902,Sana,Fernandes,sana.fernandes1902@example.com,+971507789891,Dubai,Dubai,Platinum,true,2021-07-11,2025-01-01T00:00:00
C02284,Vikram,Reyes,vikram.reyes2284@example.com,+971507475947,Ajman,Ajman,Platinum,true,2022-11-15,2025-01-01T00:00:00
C01085,Khalid,Khoury,khalid.khoury1085@example.com,+971508727632,Dubai,Dubai,Bronze,false,2021-03-30,2025-01-01T00:00:00
C00844,Ahmed,Khoury,ahmed.khoury844@example.com,+971506126237,Dubai,Dubai,Silver,true,2020-10-05,2025-01-01T00:00:00
C01823,Emma,Qureshi,emma.qureshi1823@example.com,+971505922258,Ras Al Khaimah,Ras Al Khaimah,Bronze,true,2022-11-24,2025-01-01T00:00:00
C02464,Karim,Wilson,karim.wilson2464@example.com,+971507377974,Dubai,Dubai,Bronze,true,2020-08-13,2025-01-01T00:00:00
C02469,Olivia,Sharma,olivia.sharma2469@example.com,+971505318419,Dubai,Dubai,Silver,true,2021-08-21,2025-01-01T00:00:00
C01761,Imran,Fernandes,imran.fernandes1761@example.com,+971507444855,Ajman,Ajman,Silver,true,2020-02-09,2025-01-01T00:00:00
C00267,Imran,Nair,imran.nair267@example.com,+971505401559,Al Ain,Abu Dhabi,Gold,true,2022-01-19,2025-01-01T00:00:00
C01206,Rania,Haddad,rania.haddad1206@example.com,+971501627606,Abu Dhabi,Abu Dhabi,Bronze,false,2020-02-18,2025-01-01T00:00:00
C01023,Reem,Farouk,reem.farouk1023@example.com,+971505683223,Dubai,Dubai,Bronze,true,2023-09-07,2025-01-01T00:00:00
C01078,Rashid,Al Suwaidi,rashid.alsuwaidi1078@example.com,+971501490260,Dubai,Dubai,Gold,true,2021-03-09,2025-01-01T00:00:00
C00083,Hessa,Iyer,hessa.iyer83@example.com,+971502432176,Dubai,Dubai,Bronze,false,2022-02-05,2025-01-01T00:00:00
C00085,Ali,Saleh,ali.saleh85@example.com,+971501863121,Ajman,Ajman,Silver,true,2023-09-24,2025-01-01T00:00:00
C02311,Mariam,Khan,mariam.khan2311@example.com,+971507460848,Al Ain,Abu Dhabi,Bronze,true,2023-12-17,2025-01-01T00:00:00
C01815,Karim,Al Shamsi,karim.alshamsi1815@example.com,+971501528784,Abu Dhabi,Abu Dhabi,Bronze,true,2022-09-06,2025-01-01T00:00:00
C01345,Omar,Al Suwaidi,omar.alsuwaidi1345@example.com,+971509677962,Dubai,Dubai,Bronze,true,2024-11-24,2025-01-01T00:00:00
C02238,James,Nasser,james.nasser2238@example.com,+971506733261,Ras Al Khaimah,Ras Al Khaimah,Platinum,true,2021-03-12,2025-01-01T00:00:00
C01454,Shamma,Al Suwaidi,shamma.alsuwaidi1454@example.com,+971503457722,Ras Al Khaimah,Ras Al Khaimah,Bronze,false,2021-04-19,2025-01-01T00:00:00
C00778,Rodel,Khan,rodel.khan778@example.com,+971501887318,Dubai,Dubai,Bronze,false,2021-10-16,2025-01-01T00:00:00
C02540,Lucas,Khoury,lucas.khoury2540@example.com,+971502616672,Dubai,Dubai,Bronze,true,2021-01-31,2025-01-01T00:00:00
C00666,Mark,Saleh,mark.saleh666@example.com,+971506741177,Al Ain,Abu Dhabi,Silver,true,2023-04-25,2025-01-01T00:00:00
C02543,Mark,Hussain,mark.hussain2543@example.com,+971508317344,Sharjah,Sharjah,Gold,true,2023-11-29,2025-01-01T00:00:00
C00419,Yousef,Al Ketbi,yousef.alketbi419@example.com,+971503674211,Umm Al Quwain,Umm Al Quwain,Bronze,true,2020-08-19,2025-01-01T00:00:00
C02550,Mohammed,Khoury,mohammed.khoury2550@example.com,+971509091290,Fujairah,Fujairah,Bronze,false,2023-12-05,2025-01-01T00:00:00
C02079,Olivia,Smith,olivia.smith2079@example.com,+971507841598,Dubai,Dubai,Gold,true,2020-05-29,2025-01-01T00:00:00
C02397,Oliver,Al Shamsi,oliver.alshamsi2397@example.com,+971509271038,Al Ain,Abu Dhabi,Platinum,true,2022-11-20,2025-01-01T00:00:00
C02244,Arjun,Al Suwaidi,arjun.alsuwaidi2244@example.com,+971507940725,Al Ain,Abu Dhabi,Gold,true,2020-07-17,2025-01-01T00:00:00
C01422,Grace,Saleh,grace.saleh1422@example.com,+971501916595,Abu Dhabi,Abu Dhabi,Bronze,true,2024-07-14,2025-01-01T00:00:00
C00731,Saeed,Al Falasi,saeed.alfalasi731@example.com,+971502645243,Dubai,Dubai,Silver,false,2021-10-29,2025-01-01T00:00:00
C00604,Karim,Garcia,karim.garcia604@example.com,+971509409604,Dubai,Dubai,Silver,false,2021-12-28,2025-01-01T00:00:00
C01196,Fatima,Qureshi,fatima.qureshi1196@example.com,+971501182327,Abu Dhabi,Abu Dhabi,Gold,false,2023-08-08,2025-01-01T00:00:00
C01590,Vikram,Menon,vikram.menon1590@example.com,+971503739533,Dubai,Dubai,Platinum,true,2021-04-16,2025-01-01T00:00:00
C01860,Layla,Sharma,layla.sharma1860@example.com,+971501053156,Dubai,Dubai,Silver,true,2024-12-31,2025-01-01T00:00:00
C00529,Aisha,Khoury,aisha.khoury529@example.com,+971503740422,Dubai,Dubai,Bronze,true,2023-03-08,2025-01-01T00:00:00
C01356,Angela,Al Shamsi,angela.alshamsi1356@example.com,+971501249956,Umm Al Quwain,Umm Al Quwain,Silver,true,2021-04-10,2025-01-01T00:00:00
C00412,Fatima,Pillai,fatima.pillai412@example.com,+971509064202,Ras Al Khaimah,Ras Al Khaimah,Bronze,true,2020-11-24,2025-01-01T00:00:00
C01937,Mohammed,Al Hashmi,mohammed.alhashmi1937@example.com,+971505331763,Dubai,Dubai,Silver,false,2022-09-09,2025-01-01T00:00:00
C02222,Grace,Al Mansoori,grace.almansoori2222@example.com,+971502035397,Abu Dhabi,Abu Dhabi,Bronze,true,2022-02-04,2025-01-01T00:00:00
C00282,Arjun,Khan,arjun.khan282@example.com,+971503226183,Sharjah,Sharjah,Bronze,true,2020-05-01,2025-01-01T00:00:00
C00218,Tariq,Al Shamsi,tariq.alshamsi218@example.com,+971504156856,Ajman,Ajman,Bronze,false,2023-05-23,2025-01-01T00:00:00
C01182,Bilal,Al Hashmi,bilal.alhashmi1182@example.com,+971509376038,Dubai,Dubai,Gold,false,2021-08-10,2025-01-01T00:00:00
C00806,Rodel,Nair,rodel.nair806@example.com,+971509353359,Dubai,Dubai,Bronze,true,2022-10-05,2025-01-01T00:00:00
C00564,Liam,Mansour,liam.mansour564@example.com,+971503690116,Dubai,Dubai,Bronze,true,2021-10-24,2025-01-01T00:00:00
C01586,Maria,Al Nuaimi,maria.alnuaimi1586@example.com,+971506408711,Dubai,Dubai,Bronze,false,2023-07-01,2025-01-01T00:00:00
C02069,Vikram,Al Falasi,vikram.alfalasi2069@example.com,+971508283798,Umm Al Quwain,Umm Al Quwain,Bronze,false,2022-04-14,2025-01-01T00:00:00
C00697,Grace,Wilson,grace.wilson697@example.com,+971505752935,Dubai,Dubai,Bronze,true,2023-11-04,2025-01-01T00:00:00
C00603,Sophie,Garcia,sophie.garcia603@example.com,+971507600153,Dubai,Dubai,Bronze,false,2021-05-21,2025-01-01T00:00:00
C00607,Anjali,Brown,anjali.brown607@example.com,+971503210769,Abu Dhabi,Abu Dhabi,Silver,true,2022-05-23,2025-01-01T00:00:00
C02204,Jose,Saleh,jose.saleh2204@example.com,+971502324282,Sharjah,Sharjah,Silver,true,2024-12-26,2025-01-01T00:00:00
C02411,Ravi,Al Ketbi,ravi.alketbi2411@example.com,+971505442135,Umm Al Quwain,Umm Al Quwain,Bronze,false,2024-07-24,2025-01-01T00:00:00
C00735,Angela,Hussain,angela.hussain735@example.com,+971504688530,Sharjah,Sharjah,Silver,false,2022-07-28,2025-01-01T00:00:00
C02519,Bilal,Sheikh,bilal.sheikh2519@example.com,+971502351461,Dubai,Dubai,Bronze,true,2020-11-23,2025-01-01T00:00:00
C01741,Hamdan,Reyes,hamdan.reyes1741@example.com,+971504176691,Dubai,Dubai,Silver,true,2020-12-26,2025-01-01T00:00:00
C00128,Bilal,Patel,bilal.patel128@example.com,+971504142605,Al Ain,Abu Dhabi,Silver,true,2023-06-13,2025-01-01T00:00:00
C01943,Salma,Al Suwaidi,salma.alsuwaidi1943@example.com,+971503722810,Umm Al Quwain,Umm Al Quwain,Bronze,true,2023-06-24,2025-01-01T00:00:00
C02157,Imran,Taylor,imran.taylor2157@example.com,+971505102384,Sharjah,Sharjah,Bronze,false,2020-12-07,2025-01-01T00:00:00
C02129,James,D'Souza,james.dsouza2129@example.com,+971508151289,Dubai,Dubai,Gold,true,2022-05-09,2025-01-01T00:00:00
C01830,Yousef,Al Falasi,yousef.alfalasi1830@example.com,+971502449174,Dubai,Dubai,Silver,true,2024-11-28,2025-01-01T00:00:00
C00415,Fatima,Cruz,fatima.cruz415@example.com,+971506246354,Dubai,Dubai,Silver,true,2020-12-23,2025-01-01T00:00:00
C01608,Saeed,Al Suwaidi,saeed.alsuwaidi1608@example.com,+971507775286,Sharjah,Sharjah,Gold,true,2020-10-19,2025-01-01T00:00:00
C02255,Ahmed,Garcia,ahmed.garcia2255@example.com,+971507110052,Dubai,Dubai,Silver,true,2020-11-27,2025-01-01T00:00:00
C01632,Emma,Cruz,emma.cruz1632@example.com,+971502728894,Dubai,Dubai,Platinum,true,2024-11-07,2025-01-01T00:00:00
C01732,Arjun,Haddad,arjun.haddad1732@example.com,+971509599736,Dubai,Dubai,Bronze,true,2023-10-08,2025-01-01T00:00:00
C02233,Reem,Nasser,reem.nasser2233@example.com,+971503098120,Dubai,Dubai,Bronze,true,2024-04-05,2025-01-01T00:00:00
C02509,Dina,Reyes,dina.reyes2509@example.com,+971503989746,Sharjah,Sharjah,Silver,false,2023-06-22,2025-01-01T00:00:00
C01760,Karim,Sharma,karim.sharma1760@example.com,+971504976500,Sharjah,Sharjah,Bronze,true,2021-10-21,2025-01-01T00:00:00
C01086,Saeed,Pillai,saeed.pillai1086@example.com,+971503473387,Al Ain,Abu Dhabi,Bronze,false,2024-09-10,2025-01-01T00:00:00
C02006,Saeed,Al Suwaidi,saeed.alsuwaidi2006@example.com,+971508421362,Abu Dhabi,Abu Dhabi,Bronze,false,2020-10-13,2025-01-01T00:00:00
C01496,Mark,Al Suwaidi,mark.alsuwaidi1496@example.com,+971504017812,Dubai,Dubai,Bronze,true,2021-09-10,2025-01-01T00:00:00
C02425,Emma,Hussain,emma.hussain2425@example.com,+971504329597,Ras Al Khaimah,Ras Al Khaimah,Bronze,false,2020-06-26,2025-01-01T00:00:00
C01965,Noura,Khoury,noura.khoury1965@example.com,+971505243565,Al Ain,Abu Dhabi,Bronze,true,2020-01-03,2025-01-01T00:00:00
C00835,Imran,Saleh,imran.saleh835@example.com,+971505133011,Abu Dhabi,Abu Dhabi,Gold,false,2020-08-19,2025-01-01T00:00:00
C01313,Hassan,Saleh,hassan.saleh1313@example.com,+971506410314,Al Ain,Abu Dhabi,Bronze,false,2020-12-20,2025-01-01T00:00:00
C01489,Layla,Garcia,layla.garcia1489@example.com,+971504096967,Dubai,Dubai,Gold,true,2024-12-13,2025-01-01T00:00:00
C02011,Noura,Fernandes,noura.fernandes2011@example.com,+971505901261,Abu Dhabi,Abu Dhabi,Bronze,true,2023-10-08,2025-01-01T00:00:00
C01573,Reem,Santos,reem.santos1573@example.com,+971507291774,Umm Al Quwain,Umm Al Quwain,Bronze,false,2022-09-24,2025-01-01T00:00:00
C02542,Chloe,Hussain,chloe.hussain2542@example.com,+971503867496,Ras Al Khaimah,Ras Al Khaimah,Bronze,true,2021-12-28,2025-01-01T00:00:00
C00843,Imran,Mansour,imran.mansour843@example.com,+971501874073,Sharjah,Sharjah,Silver,false,2024-02-19,2025-01-01T00:00:00
C02009,Karim,Al Suwaidi,karim.alsuwaidi2009@example.com,+971504194751,Dubai,Dubai,Platinum,true,2024-07-12,2025-01-01T00:00:00
C00809,Anjali,Hussain,anjali.hussain809@example.com,+971503256338,Abu Dhabi,Abu Dhabi,Silver,true,2024-05-15,2025-01-01T00:00:00
C00573,Shamma,D'Souza,shamma.dsouza573@example.com,+971504875838,Dubai,Dubai,Bronze,true,2020-06-08,2025-01-01T00:00:00
C01160,Farhan,Al Mansoori,farhan.almansoori1160@example.com,+971509603283,Ajman,Ajman,Bronze,false,2023-04-27,2025-01-01T00:00:00
C02101,Rashid,Qureshi,rashid.qureshi2101@example.com,+971506860345,Dubai,Dubai,Silver,true,2024-09-17,2025-01-01T00:00:00
C02005,Sana,Khan,sana.khan2005@example.com,+971501738508,Sharjah,Sharjah,Bronze,false,2021-06-18,2025-01-01T00:00:00
C00023,Angela,Sharma,angela.sharma23@example.com,+971507381684,Sharjah,Sharjah,Gold,true,2024-04-14,2025-01-01T00:00:00
C01462,Zainab,Reyes,zainab.reyes1462@example.com,+971501218011,Al Ain,Abu Dhabi,Bronze,false,2020-07-11,2025-01-01T00:00:00
C01423,Fatima,Garcia,fatima.garcia1423@example.com,+971504712966,Al Ain,Abu Dhabi,Gold,true,2023-07-27,2025-01-01T00:00:00
C01882,Sophie,Wilson,sophie.wilson1882@example.com,+971507798104,Sharjah,Sharjah,Bronze,true,2023-08-18,2025-01-01T00:00:00
C01639,Hassan,D'Souza,hassan.dsouza1639@example.com,+971507688954,Dubai,Dubai,Silver,true,2022-08-01,2025-01-01T00:00:00
C01599,Yousef,Iyer,yousef.iyer1599@example.com,+971502026454,Sharjah,Sharjah,Gold,false,2020-11-14,2025-01-01T00:00:00
C01071,Farhan,Khoury,farhan.khoury1071@example.com,+971503329735,Sharjah,Sharjah,Silver,false,2024-11-17,2025-01-01T00:00:00
C02198,Oliver,Al Shamsi,oliver.alshamsi2198@example.com,+971502705679,Abu Dhabi,Abu Dhabi,Bronze,false,2021-02-04,2025-01-01T00:00:00
C02483,Hamdan,Nasser,hamdan.nasser2483@example.com,+971503277202,Dubai,Dubai,Gold,true,2021-01-10,2025-01-01T00:00:00
C01028,Hamdan,Al Suwaidi,hamdan.alsuwaidi1028@example.com,+971501468825,Dubai,Dubai,Bronze,true,2021-05-03,2025-01-01T00:00:00
C00825,Sophie,Nair,sophie.nair825@example.com,+971503478727,Dubai,Dubai,Bronze,false,2020-05-02,2025-01-01T00:00:00
C02304,Hassan,Khoury,hassan.khoury2304@example.com,+971508702643,Dubai,Dubai,Bronze,true,2024-01-26,2025-01-01T00:00:00
C00947,Tariq,Reyes,tariq.reyes947@example.com,+971507377917,Ajman,Ajman,Gold,true,2021-07-13,2025-01-01T00:00:00
C00952,Layla,Nasser,layla.nasser952@example.com,+971509203667,Abu Dhabi,Abu Dhabi,Bronze,false,2023-10-09,2025-01-01T00:00:00
C00256,Farhan,Nasser,farhan.nasser256@example.com,+971507031903,Al Ain,Abu Dhabi,Gold,true,2024-11-16,2025-01-01T00:00:00
C00891,Rania,Pillai,rania.pillai891@example.com,+971502018455,Dubai,Dubai,Bronze,true,2022-11-17,2025-01-01T00:00:00
C00787,Mark,Al Falasi,mark.alfalasi787@example.com,+971509124448,Dubai,Dubai,Bronze,true,2020-06-09,2025-01-01T00:00:00
C00295,Yasmin,Sheikh,yasmin.sheikh295@example.com,+971501142182,Dubai,Dubai,Bronze,false,2020-09-29,2025-01-01T00:00:00
C01177,Khalid,Fernandes,khalid.fernandes1177@example.com,+971507967320,Ajman,Ajman,Bronze,true,2021-08-30,2025-01-01T00:00:00
C01240,Meera,Patel,meera.patel1240@example.com,+971507955106,Dubai,Dubai,Bronze,true,2022-04-29,2025-01-01T00:00:00
C00520,Hassan,Santos,hassan.santos520@example.com,+971509575399,Abu Dhabi,Abu Dhabi,Bronze,false,2024-12-09,2025-01-01T00:00:00
C01074,Emma,Khoury,emma.khoury1074@example.com,+971502365149,Sharjah,Sharjah,Bronze,false,2023-05-27,2025-01-01T00:00:00
C00261,Noura,Sheikh,noura.sheikh261@example.com,+971506755703,Dubai,Dubai,Silver,true,2020-06-24,2025-01-01T00:00:00
C00627,Anjali,Farouk,anjali.farouk627@example.com,+971504031576,Dubai,Dubai,Gold,false,2021-09-22,2025-01-01T00:00:00
C01089,Sana,Sheikh,sana.sheikh1089@example.com,+971504533501,Sharjah,Sharjah,Silver,true,2020-04-30,2025-01-01T00:00:00
C01319,Vikram,Al Mansoori,vikram.almansoori1319@example.com,+971509690736,Abu Dhabi,Abu Dhabi,Gold,true,2022-04-05,2025-01-01T00:00:00
C00540,Rashid,Al Nuaimi,rashid.alnuaimi540@example.com,+971506986802,Dubai,Dubai,Gold,true,2022-12-14,2025-01-01T00:00:00
C02576,Yasmin,Al Falasi,yasmin.alfalasi2576@example.com,+971503717833,Abu Dhabi,Abu Dhabi,Gold,false,2020-02-09,2025-01-01T00:00:00
C00380,Zainab,Mansour,zainab.mansour380@example.com,+971503078241,Al Ain,Abu Dhabi,Bronze,true,2021-07-15,2025-01-01T00:00:00
C01297,Emma,Patel,emma.patel1297@example.com,+971501757936,Abu Dhabi,Abu Dhabi,Silver,false,2020-01-03,2025-01-01T00:00:00
C01308,Shamma,Cruz,shamma.cruz1308@example.com,+971503070908,Sharjah,Sharjah,Bronze,true,2020-03-24,2025-01-01T00:00:00
C00264,Layla,Hussain,layla.hussain264@example.com,+971508153291,Dubai,Dubai,Bronze,true,2022-11-22,2025-01-01T00:00:00
C01515,Imran,Al Hashmi,imran.alhashmi1515@example.com,+971501303213,Dubai,Dubai,Bronze,true,2023-07-24,2025-01-01T00:00:00
C02307,Hassan,Mansour,hassan.mansour2307@example.com,+971501392144,Ras Al Khaimah,Ras Al Khaimah,Bronze,false,2020-06-07,2025-01-01T00:00:00
C00949,Yousef,Santos,yousef.santos949@example.com,+971504537478,Ajman,Ajman,Gold,false,2020-09-08,2025-01-01T00:00:00
C00960,Meera,Reyes,meera.reyes960@example.com,+971508615616,Sharjah,Sharjah,Gold,false,2023-11-20,2025-01-01T00:00:00
C01537,Ravi,Khoury,ravi.khoury1537@example.com,+971501669519,Sharjah,Sharjah,Bronze,false,2020-05-02,2025-01-01T00:00:00
C01857,Chloe,Wilson,chloe.wilson1857@example.com,+971503545152,Ajman,Ajman,Silver,true,2021-06-30,2025-01-01T00:00:00
C01211,Mariam,Pillai,mariam.pillai1211@example.com,+971506263326,Dubai,Dubai,Gold,true,2024-11-11,2025-01-01T00:00:00
C00207,Meera,Saleh,meera.saleh207@example.com,+971504853123,Abu Dhabi,Abu Dhabi,Bronze,true,2022-08-06,2025-01-01T00:00:00
C02010,Lucas,Taylor,lucas.taylor2010@example.com,+971501433544,Dubai,Dubai,Platinum,true,2024-05-23,2025-01-01T00:00:00
C01684,Oliver,Taylor,oliver.taylor1684@example.com,+971501750288,Sharjah,Sharjah,Bronze,false,2020-12-31,2025-01-01T00:00:00
C01274,Farhan,Saleh,farhan.saleh1274@example.com,+971502476675,Dubai,Dubai,Silver,false,2024-10-30,2025-01-01T00:00:00
C00939,Hessa,Garcia,hessa.garcia939@example.com,+971503838554,Fujairah,Fujairah,Silver,true,2020-07-02,2025-01-01T00:00:00
C00525,Angela,Taylor,angela.taylor525@example.com,+971507720828,Dubai,Dubai,Bronze,true,2021-03-07,2025-01-01T00:00:00
C01585,Rodel,D'Souza,rodel.dsouza1585@example.com,+971508254420,Sharjah,Sharjah,Bronze,true,2021-11-26,2025-01-01T00:00:00
C01159,Maria,Khoury,maria.khoury1159@example.com,+971504471618,Abu Dhabi,Abu Dhabi,Bronze,true,2024-05-15,2025-01-01T00:00:00
C02567,Rashid,Khoury,rashid.khoury2567@example.com,+971508695389,Dubai,Dubai,Bronze,true,2020-03-05,2025-01-01T00:00:00
C02105,Ravi,Al Nuaimi,ravi.alnuaimi2105@example.com,+971503128593,Fujairah,Fujairah,Gold,false,2023-01-14,2025-01-01T00:00:00
C01457,Anjali,D'Souza,anjali.dsouza1457@example.com,+971502311972,Dubai,Dubai,Platinum,false,2021-12-28,2025-01-01T00:00:00
C01508,Reem,D'Souza,reem.dsouza1508@example.com,+971501681842,Abu Dhabi,Abu Dhabi,Bronze,true,2023-06-18,2025-01-01T00:00:00
C02335,Anjali,Qureshi,anjali.qureshi2335@example.com,+971504822713,Dubai,Dubai,Gold,false,2023-01-25,2025-01-01T00:00:00
C01131,Hassan,Khoury,hassan.khoury1131@example.com,+971506114027,Dubai,Dubai,Gold,false,2023-07-16,2025-01-01T00:00:00
C00670,Maria,Farouk,maria.farouk670@example.com,+971506311628,Dubai,Dubai,Silver,false,2021-08-19,2025-01-01T00:00:00
C01663,Ayesha,Wilson,ayesha.wilson1663@example.com,+971502191407,Al Ain,Abu Dhabi,Bronze,true,2020-04-18,2025-01-01T00:00:00
C01799,Fatima,Saleh,fatima.saleh1799@example.com,+971509196133,Abu Dhabi,Abu Dhabi,Silver,false,2023-08-24,2025-01-01T00:00:00
C00908,Meera,Taylor,meera.taylor908@example.com,+971508425238,Fujairah,Fujairah,Silver,false,2022-11-23,2025-01-01T00:00:00
C00237,Omar,Garcia,omar.garcia237@example.com,+971505034453,Dubai,Dubai,Silver,true,2022-03-26,2025-01-01T00:00:00
C01265,Chloe,Al Zaabi,chloe.alzaabi1265@example.com,+971504559708,Al Ain,Abu Dhabi,Bronze,true,2021-04-21,2025-01-01T00:00:00
C02067,Saeed,D'Souza,saeed.dsouza2067@example.com,+971506465649,Al Ain,Abu Dhabi,Silver,false,2024-01-23,2025-01-01T00:00:00
C01284,Jose,Nair,jose.nair1284@example.com,+971508098339,Dubai,Dubai,Silver,false,2024-05-16,2025-01-01T00:00:00
C02458,Arjun,Cruz,arjun.cruz2458@example.com,+971508652001,Abu Dhabi,Abu Dhabi,Bronze,false,2022-02-13,2025-01-01T00:00:00
C00924,Emma,Mansour,emma.mansour924@example.com,+971509609823,Dubai,Dubai,Silver,true,2020-09-17,2025-01-01T00:00:00
C00555,Olivia,Al Shamsi,olivia.alshamsi555@example.com,+971502576392,Dubai,Dubai,Bronze,false,2021-05-21,2025-01-01T00:00:00
C01686,Fatima,Haddad,fatima.haddad1686@example.com,+971502951710,Dubai,Dubai,Bronze,true,2020-02-01,2025-01-01T00:00:00
C01344,James,Fernandes,james.fernandes1344@example.com,+971503313134,Dubai,Dubai,Bronze,false,2024-08-21,2025-01-01T00:00:00
C01540,James,Menon,james.menon1540@example.com,+971506536912,Dubai,Dubai,Bronze,false,2021-05-12,2025-01-01T00:00:00
C01601,Olivia,Qureshi,olivia.qureshi1601@example.com,+971502835286,Dubai,Dubai,Bronze,true,2020-11-06,2025-01-01T00:00:00
C00583,Liam,Al Zaabi,liam.alzaabi583@example.com,+971509095563,Sharjah,Sharjah,Bronze,false,2021-03-21,2025-01-01T00:00:00
C00895,Angela,Taylor,angela.taylor895@example.com,+971503718341,Sharjah,Sharjah,Bronze,false,2022-03-10,2025-01-01T00:00:00
C02592,Saeed,Taylor,saeed.taylor2592@example.com,+971506983124,Abu Dhabi,Abu Dhabi,Bronze,false,2022-08-23,2025-01-01T00:00:00
C01977,Hessa,Al Falasi,hessa.alfalasi1977@example.com,+971507221563,Dubai,Dubai,Silver,true,2023-08-07,2025-01-01T00:00:00
C00238,Ali,Khan,ali.khan238@example.com,+971502315798,Sharjah,Sharjah,Bronze,true,2022-02-25,2025-01-01T00:00:00
C00993,Mark,Haddad,mark.haddad993@example.com,+971507276479,Abu Dhabi,Abu Dhabi,Silver,true,2021-09-18,2025-01-01T00:00:00
C02499,Zainab,Al Ketbi,zainab.alketbi2499@example.com,+971507938840,Abu Dhabi,Abu Dhabi,Silver,true,2020-04-16,2025-01-01T00:00:00
C01134,Oliver,Sheikh,oliver.sheikh1134@example.com,+971509177419,Abu Dhabi,Abu Dhabi,Bronze,false,2022-12-19,2025-01-01T00:00:00
C02331,Salma,Khoury,salma.khoury2331@example.com,+971504073181,Dubai,Dubai,Bronze,true,2021-12-21,2025-01-01T00:00:00
C01890,James,Al Zaabi,james.alzaabi1890@example.com,+971504246044,Dubai,Dubai,Gold,true,2020-03-23,2025-01-01T00:00:00
C01784,Mohammed,Farouk,mohammed.farouk1784@example.com,+971509586664,Abu Dhabi,Abu Dhabi,Bronze,true,2022-07-13,2025-01-01T00:00:00
C00434,Karim,Al Falasi,karim.alfalasi434@example.com,+971508558212,Sharjah,Sharjah,Silver,false,2020-04-05,2025-01-01T00:00:00
C00680,Farhan,Al Suwaidi,farhan.alsuwaidi680@example.com,+971509831661,Dubai,Dubai,Bronze,true,2022-09-13,2025-01-01T00:00:00
C01578,Shamma,Qureshi,shamma.qureshi1578@example.com,+971504819874,Dubai,Dubai,Bronze,true,2024-12-16,2025-01-01T00:00:00
C01193,Hessa,Taylor,hessa.taylor1193@example.com,+971505111186,Dubai,Dubai,Bronze,false,2020-03-02,2025-01-01T00:00:00
C00391,Sana,Sharma,sana.sharma391@example.com,+971508981512,Sharjah,Sharjah,Bronze,false,2021-01-23,2025-01-01T00:00:00
C01123,Angela,Smith,angela.smith1123@example.com,+971502333367,Ajman,Ajman,Silver,false,2021-09-17,2025-01-01T00:00:00
C00392,Vikram,Qureshi,vikram.qureshi392@example.com,+971508898392,Dubai,Dubai,Silver,false,2024-09-17,2025-01-01T00:00:00
C02527,Zainab,Cruz,zainab.cruz2527@example.com,+971502889999,Al Ain,Abu Dhabi,Bronze,true,2020-06-05,2025-01-01T00:00:00
C00248,Priya,Patel,priya.patel248@example.com,+971509318184,Sharjah,Sharjah,Bronze,true,2022-01-09,2025-01-01T00:00:00
C02073,Hassan,Brown,hassan.brown2073@example.com,+971503016385,Umm Al Quwain,Umm Al Quwain,Gold,false,2021-10-04,2025-01-01T00:00:00
C00650,Sophie,Garcia,sophie.garcia650@example.com,+971503404091,Sharjah,Sharjah,Gold,false,2024-02-09,2025-01-01T00:00:00
C02328,Angela,Wilson,angela.wilson2328@example.com,+971505313268,Dubai,Dubai,Platinum,false,2021-03-12,2025-01-01T00:00:00
C02253,Layla,Al Ketbi,layla.alketbi2253@example.com,+971507313862,Dubai,Dubai,Silver,true,2021-05-27,2025-01-01T00:00:00
C01226,Rashid,Saleh,rashid.saleh1226@example.com,+971507528651,Dubai,Dubai,Silver,false,2024-05-24,2025-01-01T00:00:00
C02028,Saeed,Taylor,saeed.taylor2028@example.com,+971504136589,Dubai,Dubai,Bronze,false,2022-04-05,2025-01-01T00:00:00
C02134,Mark,Nasser,mark.nasser2134@example.com,+971506443454,Dubai,Dubai,Silver,true,2024-05-07,2025-01-01T00:00:00
C01873,Anjali,Hussain,anjali.hussain1873@example.com,+971504889220,Abu Dhabi,Abu Dhabi,Silver,true,2022-04-18,2025-01-01T00:00:00
C02435,Karim,Saleh,karim.saleh2435@example.com,+971505397952,Ras Al Khaimah,Ras Al Khaimah,Silver,true,2024-06-13,2025-01-01T00:00:00
C02298,Ahmed,Taylor,ahmed.taylor2298@example.com,+971505679965,Sharjah,Sharjah,Platinum,true,2021-01-08,2025-01-01T00:00:00
C00817,Imran,Haddad,imran.haddad817@example.com,+971506409332,Al Ain,Abu Dhabi,Bronze,true,2020-02-15,2025-01-01T00:00:00
C00393,Ali,Qureshi,ali.qureshi393@example.com,+971506630978,Fujairah,Fujairah,Bronze,true,2023-02-18,2025-01-01T00:00:00
C02205,Yousef,Iyer,yousef.iyer2205@example.com,+971501966046,Dubai,Dubai,Bronze,true,2024-08-28,2025-01-01T00:00:00
C02017,Rashid,Haddad,rashid.haddad2017@example.com,+971501660619,Sharjah,Sharjah,Bronze,true,2024-08-09,2025-01-01T00:00:00
C00659,Lucas,Al Suwaidi,lucas.alsuwaidi659@example.com,+971508813071,Umm Al Quwain,Umm Al Quwain,Bronze,false,2023-10-05,2025-01-01T00:00:00
C02339,Imran,Al Hashmi,imran.alhashmi2339@example.com,+971506192100,Dubai,Dubai,Silver,true,2024-04-17,2025-01-01T00:00:00
C00073,Hassan,Menon,hassan.menon73@example.com,+971504475523,Dubai,Dubai,Silver,true,2020-09-14,2025-01-01T00:00:00
C01500,Vikram,Khoury,vikram.khoury1500@example.com,+971501914547,Abu Dhabi,Abu Dhabi,Bronze,false,2023-09-01,2025-01-01T00:00:00
C02457,Rashid,Al Falasi,rashid.alfalasi2457@example.com,+971506905124,Abu Dhabi,Abu Dhabi,Silver,true,2020-04-03,2025-01-01T00:00:00
C00078,Vikram,D'Souza,vikram.dsouza78@example.com,+971501522621,Dubai,Dubai,Platinum,false,2024-01-29,2025-01-01T00:00:00
C01314,Yousef,Nasser,yousef.nasser1314@example.com,+971506050986,Abu Dhabi,Abu Dhabi,Bronze,true,2021-05-27,2025-01-01T00:00:00
C02223,Imran,Iyer,imran.iyer2223@example.com,+971504017046,Abu Dhabi,Abu Dhabi,Bronze,true,2022-08-29,2025-01-01T00:00:00
C00932,Fatima,Farouk,fatima.farouk932@example.com,+971502485285,Sharjah,Sharjah,Silver,true,2023-01-12,2025-01-01T00:00:00
C01187,Emma,Sharma,emma.sharma1187@example.com,+971508077313,Al Ain,Abu Dhabi,Silver,false,2022-12-29,2025-01-01T00:00:00
C02107,Ravi,Khan,ravi.khan2107@example.com,+971506666017,Dubai,Dubai,Silver,true,2022-11-05,2025-01-01T00:00:00
C00649,Oliver,Al Nuaimi,oliver.alnuaimi649@example.com,+971509389519,Sharjah,Sharjah,Bronze,false,2022-06-27,2025-01-01T00:00:00
C01395,Farhan,Patel,farhan.patel1395@example.com,+971502996986,Sharjah,Sharjah,Gold,false,2022-04-03,2025-01-01T00:00:00
C00935,Noura,Qureshi,noura.qureshi935@example.com,+971505613105,Fujairah,Fujairah,Bronze,false,2020-02-08,2025-01-01T00:00:00
C00333,Bilal,Menon,bilal.menon333@example.com,+971505613428,Ras Al Khaimah,Ras Al Khaimah,Bronze,true,2020-12-19,2025-01-01T00:00:00
C00308,Sophie,Reyes,sophie.reyes308@example.com,+971503129542,Dubai,Dubai,Silver,true,2022-12-07,2025-01-01T00:00:00
C00138,Layla,Cruz,layla.cruz138@example.com,+971502343333,Dubai,Dubai,Silver,true,2024-08-11,2025-01-01T00:00:00
C00942,Noura,Santos,noura.santos942@example.com,+971508798444,Dubai,Dubai,Bronze,true,2022-02-27,2025-01-01T00:00:00
C02413,Angela,Sharma,angela.sharma2413@example.com,+971508682249,Abu Dhabi,Abu Dhabi,Bronze,false,2023-03-06,2025-01-01T00:00:00
C02216,Lucas,Hussain,lucas.hussain2216@example.com,+971507891105,Dubai,Dubai,Gold,false,2022-08-01,2025-01-01T00:00:00
C00040,Emma,Cruz,emma.cruz40@example.com,+971505587308,Abu Dhabi,Abu Dhabi,Gold,false,2020-11-11,2025-01-01T00:00:00
C00479,Reem,Hussain,reem.hussain479@example.com,+971503355029,Sharjah,Sharjah,Bronze,true,2023-09-19,2025-01-01T00:00:00
C00826,Mark,Nasser,mark.nasser826@example.com,+971502080914,Dubai,Dubai,Gold,true,2021-09-06,2025-01-01T00:00:00
C01020,Grace,Hussain,grace.hussain1020@example.com,+971509490354,Dubai,Dubai,Bronze,true,2022-04-19,2025-01-01T00:00:00
C02455,Karim,Menon,karim.menon2455@example.com,+971506180257,Fujairah,Fujairah,Bronze,true,2021-04-30,2025-01-01T00:00:00
C01787,Oliver,Al Nuaimi,oliver.alnuaimi1787@example.com,+971504630984,Dubai,Dubai,Gold,true,2021-03-20,2025-01-01T00:00:00
C01810,Ayesha,Al Mansoori,ayesha.almansoori1810@example.com,+971509464291,Ras Al Khaimah,Ras Al Khaimah,Bronze,false,2021-01-20,2025-01-01T00:00:00
C01057,Priya,Patel,priya.patel1057@example.com,+971503708302,Abu Dhabi,Abu Dhabi,Bronze,true,2020-10-28,2025-01-01T00:00:00
C01394,Omar,Khan,omar.khan1394@example.com,+971509880342,Abu Dhabi,Abu Dhabi,Gold,true,2020-12-07,2025-01-01T00:00:00
C02308,Mark,Wilson,mark.wilson2308@example.com,+971509757314,Al Ain,Abu Dhabi,Silver,false,2020-09-28,2025-01-01T00:00:00
C01668,Mariam,Brown,mariam.brown1668@example.com,+971502577526,Al Ain,Abu Dhabi,Bronze,false,2023-07-20,2025-01-01T00:00:00
C00317,Salma,Nair,salma.nair317@example.com,+971505112546,Sharjah,Sharjah,Bronze,true,2022-10-07,2025-01-01T00:00:00
C00106,Aisha,Taylor,aisha.taylor106@example.com,+971502287332,Ajman,Ajman,Silver,true,2020-03-18,2025-01-01T00:00:00
C02443,Vikram,Al Zaabi,vikram.alzaabi2443@example.com,+971507465381,Dubai,Dubai,Bronze,true,2020-01-28,2025-01-01T00:00:00
C00590,Mark,Khan,mark.khan590@example.com,+971509068540,Sharjah,Sharjah,Bronze,false,2022-10-24,2025-01-01T00:00:00
C01739,Aisha,Al Suwaidi,aisha.alsuwaidi1739@example.com,+971509880742,Abu Dhabi,Abu Dhabi,Bronze,true,2021-03-06,2025-01-01T00:00:00
C01336,Fatima,Al Nuaimi,fatima.alnuaimi1336@example.com,+971503670591,Ajman,Ajman,Bronze,true,2020-05-18,2025-01-01T00:00:00
C01141,Salma,Patel,salma.patel1141@example.com,+971506740173,Dubai,Dubai,Platinum,false,2020-01-28,2025-01-01T00:00:00
C01463,James,Khoury,james.khoury1463@example.com,+971505245272,Dubai,Dubai,Silver,false,2023-08-07,2025-01-01T00:00:00
C02111,Emma,Pillai,emma.pillai2111@example.com,+971503515191,Al Ain,Abu Dhabi,Silver,true,2022-08-02,2025-01-01T00:00:00
C01102,Layla,Haddad,layla.haddad1102@example.com,+971508275548,Abu Dhabi,Abu Dhabi,Silver,true,2023-04-29,2025-01-01T00:00:00
C02008,Mohammed,Al Nuaimi,mohammed.alnuaimi2008@example.com,+971501509145,Ajman,Ajman,Bronze,false,2024-05-16,2025-01-01T00:00:00
C00674,Layla,Iyer,layla.iyer674@example.com,+971507452434,Dubai,Dubai,Gold,true,2023-09-18,2025-01-01T00:00:00
C01986,Khalid,Farouk,khalid.farouk1986@example.com,+971504703271,Sharjah,Sharjah,Bronze,true,2020-05-28,2025-01-01T00:00:00
C02248,Dina,Khan,dina.khan2248@example.com,+971504029653,Sharjah,Sharjah,Gold,false,2020-09-11,2025-01-01T00:00:00
C02525,Yasmin,Al Shamsi,yasmin.alshamsi2525@example.com,+971509966292,Dubai,Dubai,Silver,true,2021-04-01,2025-01-01T00:00:00
C01270,Sophie,Al Shamsi,sophie.alshamsi1270@example.com,+971501273003,Dubai,Dubai,Bronze,false,2022-12-28,2025-01-01T00:00:00
C02199,Mariam,Al Ketbi,mariam.alketbi2199@example.com,+971505827229,Sharjah,Sharjah,Platinum,false,2021-11-11,2025-01-01T00:00:00
C01821,Meera,Al Nuaimi,meera.alnuaimi1821@example.com,+971508456297,Ras Al Khaimah,Ras Al Khaimah,Bronze,true,2024-11-01,2025-01-01T00:00:00
C00719,Yousef,Smith,yousef.smith719@example.com,+971504577436,Ajman,Ajman,Silver,true,2023-01-22,2025-01-01T00:00:00
C01851,Chloe,Khoury,chloe.khoury1851@example.com,+971504169687,Dubai,Dubai,Gold,true,2022-02-10,2025-01-01T00:00:00
C00948,Oliver,Cruz,oliver.cruz948@example.com,+971509960531,Dubai,Dubai,Bronze,true,2024-09-17,2025-01-01T00:00:00
C00450,Sana,Mansour,sana.mansour450@example.com,+971503597208,Sharjah,Sharjah,Bronze,true,2020-01-12,2025-01-01T00:00:00
C00880,Rodel,Reyes,rodel.reyes880@example.com,+971502371865,Dubai,Dubai,Bronze,false,2020-07-12,2025-01-01T00:00:00
C01864,Maria,Farouk,maria.farouk1864@example.com,+971507257248,Abu Dhabi,Abu Dhabi,Silver,true,2023-06-14,2025-01-01T00:00:00
C00715,Olivia,Sheikh,olivia.sheikh715@example.com,+971501319824,Abu Dhabi,Abu Dhabi,Gold,true,2020-03-16,2025-01-01T00:00:00
C00008,Omar,Fernandes,omar.fernandes8@example.com,+971501212267,Abu Dhabi,Abu Dhabi,Gold,true,2022-01-28,2025-01-01T00:00:00
C00377,Angela,Pillai,angela.pillai377@example.com,+971507273172,Sharjah,Sharjah,Bronze,true,2024-08-14,2025-01-01T00:00:00
C01163,Reem,Menon,reem.menon1163@example.com,+971501023487,Al Ain,Abu Dhabi,Bronze,true,2023-08-08,2025-01-01T00:00:00
C02524,Priya,Fernandes,priya.fernandes2524@example.com,+971506698254,Dubai,Dubai,Bronze,false,2023-09-20,2025-01-01T00:00:00
C02450,Ahmed,Al Zaabi,ahmed.alzaabi2450@example.com,+971509323687,Abu Dhabi,Abu Dhabi,Bronze,false,2023-09-27,2025-01-01T00:00:00
C01290,Yasmin,Patel,yasmin.patel1290@example.com,+971504683937,Fujairah,Fujairah,Bronze,true,2020-04-12,2025-01-01T00:00:00
C01098,Liam,Khoury,liam.khoury1098@example.com,+971502993175,Dubai,Dubai,Bronze,true,2023-07-08,2025-01-01T00:00:00
C01179,Ayesha,Al Falasi,ayesha.alfalasi1179@example.com,+971502847769,Abu Dhabi,Abu Dhabi,Bronze,false,2023-11-07,2025-01-01T00:00:00
C02436,Grace,Reyes,grace.reyes2436@example.com,+971504520198,Dubai,Dubai,Platinum,false,2021-10-26,2025-01-01T00:00:00
C00685,Yousef,Fernandes,yousef.fernandes685@example.com,+971505661529,Dubai,Dubai,Bronze,true,2020-06-17,2025-01-01T00:00:00
C01140,Oliver,Haddad,oliver.haddad1140@example.com,+971502809919,Dubai,Dubai,Bronze,true,2022-03-29,2025-01-01T00:00:00
C00160,Sana,Sheikh,sana.sheikh160@example.com,+971506357240,Dubai,Dubai,Platinum,true,2021-02-21,2025-01-01T00:00:00
C02148,Sophie,Patel,sophie.patel2148@example.com,+971509213082,Abu Dhabi,Abu Dhabi,Bronze,true,2020-07-03,2025-01-01T00:00:00
C02362,Olivia,Al Shamsi,olivia.alshamsi2362@example.com,+971508075872,Al Ain,Abu Dhabi,Bronze,true,2020-02-01,2025-01-01T00:00:00
C01238,Bilal,Mansour,bilal.mansour1238@example.com,+971507640565,Abu Dhabi,Abu Dhabi,Gold,false,2020-09-11,2025-01-01T00:00:00
C00304,Mark,Khoury,mark.khoury304@example.com,+971503561552,Dubai,Dubai,Bronze,true,2022-04-30,2025-01-01T00:00:00
C02572,Zainab,Al Mansoori,zainab.almansoori2572@example.com,+971504571098,Dubai,Dubai,Silver,false,2024-06-02,2025-01-01T00:00:00
C02507,Angela,Al Ketbi,angela.alketbi2507@example.com,+971502240405,Abu Dhabi,Abu Dhabi,Gold,false,2023-02-06,2025-01-01T00:00:00
C01037,Mohammed,Al Falasi,mohammed.alfalasi1037@example.com,+971508189001,Dubai,Dubai,Silver,true,2021-04-21,2025-01-01T00:00:00
C00318,Lucas,Wilson,lucas.wilson318@example.com,+971501160974,Abu Dhabi,Abu Dhabi,Bronze,false,2021-04-22,2025-01-01T00:00:00
C01286,Arjun,Al Nuaimi,arjun.alnuaimi1286@example.com,+971509906779,Abu Dhabi,Abu Dhabi,Bronze,true,2021-01-18,2025-01-01T00:00:00
C00665,Reem,Hussain,reem.hussain665@example.com,+971507439371,Umm Al Quwain,Umm Al Quwain,Bronze,false,2023-06-25,2025-01-01T00:00:00
C01164,Imran,Al Suwaidi,imran.alsuwaidi1164@example.com,+971505429825,Fujairah,Fujairah,Bronze,true,2022-01-25,2025-01-01T00:00:00
C01337,James,Smith,james.smith1337@example.com,+971504969777,Sharjah,Sharjah,Gold,true,2023-10-23,2025-01-01T00:00:00
C01279,Mariam,Reyes,mariam.reyes1279@example.com,+971502389057,Sharjah,Sharjah,Silver,false,2021-04-07,2025-01-01T00:00:00
C02226,Vikram,Iyer,vikram.iyer2226@example.com,+971501839286,Abu Dhabi,Abu Dhabi,Bronze,true,2023-03-30,2025-01-01T00:00:00
C02424,Saeed,Al Falasi,saeed.alfalasi2424@example.com,+971504651002,Sharjah,Sharjah,Bronze,false,2021-09-08,2025-01-01T00:00:00
C01481,Zainab,Haddad,zainab.haddad1481@example.com,+971501567905,Abu Dhabi,Abu Dhabi,Silver,false,2021-10-23,2025-01-01T00:00:00
C00445,Saeed,Haddad,saeed.haddad445@example.com,+971505825775,Dubai,Dubai,Gold,true,2023-02-24,2025-01-01T00:00:00
C00241,Mariam,Cruz,mariam.cruz241@example.com,+971502233237,Sharjah,Sharjah,Bronze,true,2022-02-17,2025-01-01T00:00:00
C00752,Omar,Al Hashmi,omar.alhashmi752@example.com,+971502879460,Dubai,Dubai,Bronze,false,2021-08-13,2025-01-01T00:00:00
C00190,Rodel,Santos,rodel.santos190@example.com,+971502889899,Dubai,Dubai,Bronze,true,2022-10-29,2025-01-01T00:00:00
C02410,Rodel,Santos,rodel.santos2410@example.com,+971507173054,Dubai,Dubai,Bronze,true,2020-01-28,2025-01-01T00:00:00
C00690,Aisha,Hussain,aisha.hussain690@example.com,+971508989846,Abu Dhabi,Abu Dhabi,Bronze,false,2020-08-25,2025-01-01T00:00:00
C01410,Fatima,Saleh,fatima.saleh1410@example.com,+971509745909,Dubai,Dubai,Bronze,true,2021-10-06,2025-01-01T00:00:00
C00063,Ravi,Brown,ravi.brown63@example.com,+971508857296,Sharjah,Sharjah,Bronze,false,2022-09-13,2025-01-01T00:00:00
C00829,Arjun,Khan,arjun.khan829@example.com,+971505660240,Dubai,Dubai,Silver,true,2020-11-22,2025-01-01T00:00:00
C02039,Angela,D'Souza,angela.dsouza2039@example.com,+971501179045,Ras Al Khaimah,Ras Al Khaimah,Bronze,true,2024-10-23,2025-01-01T00:00:00
C01070,Jose,Haddad,jose.haddad1070@example.com,+971506973179,Abu Dhabi,Abu Dhabi,Silver,true,2023-09-24,2025-01-01T00:00:00
C01844,Dina,Al Zaabi,dina.alzaabi1844@example.com,+971505499844,Dubai,Dubai,Gold,true,2022-11-24,2025-01-01T00:00:00
C00860,Yousef,Pillai,yousef.pillai860@example.com,+971505714408,Ajman,Ajman,Gold,true,2020-03-31,2025-01-01T00:00:00
C00811,Jose,Reyes,jose.reyes811@example.com,+971507338393,Al Ain,Abu Dhabi,Silver,false,2020-04-24,2025-01-01T00:00:00
C00538,James,Al Ketbi,james.alketbi538@example.com,+971507660764,Dubai,Dubai,Bronze,true,2020-05-10,2025-01-01T00:00:00
C01583,Hassan,Mansour,hassan.mansour1583@example.com,+971504202560,Abu Dhabi,Abu Dhabi,Silver,true,2020-06-28,2025-01-01T00:00:00
C01285,Yasmin,Al Hashmi,yasmin.alhashmi1285@example.com,+971502798071,Dubai,Dubai,Bronze,false,2023-03-28,2025-01-01T00:00:00
C01467,Khalid,Santos,khalid.santos1467@example.com,+971504257839,Umm Al Quwain,Umm Al Quwain,Bronze,false,2021-10-05,2025-01-01T00:00:00
C01191,Yousef,Al Falasi,yousef.alfalasi1191@example.com,+971503400426,Fujairah,Fujairah,Silver,false,2024-03-09,2025-01-01T00:00:00
C02580,Salma,Khan,salma.khan2580@example.com,+971506774600,Dubai,Dubai,Gold,true,2020-10-17,2025-01-01T00:00:00
C02582,Karim,Cruz,karim.cruz2582@example.com,+971501493242,Abu Dhabi,Abu Dhabi,Bronze,true,2021-03-17,2025-01-01T00:00:00
C01535,Ahmed,Al Shamsi,ahmed.alshamsi1535@example.com,+971507817366,Sharjah,Sharjah,Gold,true,2020-05-23,2025-01-01T00:00:00
C02141,Imran,Brown,imran.brown2141@example.com,+971509754131,Abu Dhabi,Abu Dhabi,Silver,true,2020-01-12,2025-01-01T00:00:00
C00176,Mohammed,Farouk,mohammed.farouk176@example.com,+971503540594,Dubai,Dubai,Silver,true,2021-01-25,2025-01-01T00:00:00
C01339,Grace,Taylor,grace.taylor1339@example.com,+971501494247,Abu Dhabi,Abu Dhabi,Bronze,false,2020-05-29,2025-01-01T00:00:00
C00136,Jose,Farouk,jose.farouk136@example.com,+971507486822,Ras Al Khaimah,Ras Al Khaimah,Platinum,true,2024-12-26,2025-01-01T00:00:00
C00313,Fatima,Nasser,fatima.nasser313@example.com,+971505165165,Dubai,Dubai,Gold,true,2024-10-22,2025-01-01T00:00:00
C00185,Sana,Iyer,sana.iyer185@example.com,+971503306314,Dubai,Dubai,Platinum,false,2022-04-26,2025-01-01T00:00:00
C00913,Yasmin,Farouk,yasmin.farouk913@example.com,+971507786479,Sharjah,Sharjah,Gold,true,2023-06-20,2025-01-01T00:00:00
C00012,Layla,Pillai,layla.pillai12@example.com,+971505334434,Dubai,Dubai,Bronze,true,2021-10-27,2025-01-01T00:00:00
C00301,Ahmed,Taylor,ahmed.taylor301@example.com,+971503214305,Ras Al Khaimah,Ras Al Khaimah,Gold,true,2024-12-25,2025-01-01T00:00:00
C01018,Karim,Cruz,karim.cruz1018@example.com,+971502119776,Al Ain,Abu Dhabi,Silver,false,2024-12-12,2025-01-01T00:00:00
C00232,Farhan,Sharma,farhan.sharma232@example.com,+971502352527,Dubai,Dubai,Bronze,true,2021-05-13,2025-01-01T00:00:00
C00673,Mark,Khoury,mark.khoury673@example.com,+971507422144,Abu Dhabi,Abu Dhabi,Bronze,true,2021-04-26,2025-01-01T00:00:00
C00491,James,Hussain,james.hussain491@example.com,+971507891524,Dubai,Dubai,Silver,false,2022-08-23,2025-01-01T00:00:00
C01765,Hamdan,Nair,hamdan.nair1765@example.com,+971503019346,Fujairah,Fujairah,Silver,false,2023-01-03,2025-01-01T00:00:00
C00140,Dina,Saleh,dina.saleh140@example.com,+971501962308,Dubai,Dubai,Silver,true,2021-12-23,2025-01-01T00:00:00
C01426,Aisha,D'Souza,aisha.dsouza1426@example.com,+971509983740,Dubai,Dubai,Platinum,false,2023-09-03,2025-01-01T00:00:00
C01746,Rania,Taylor,rania.taylor1746@example.com,+971502105263,Sharjah,Sharjah,Silver,true,2021-10-14,2025-01-01T00:00:00
C00030,Jose,Santos,jose.santos30@example.com,+971509284509,Abu Dhabi,Abu Dhabi,Bronze,true,2023-12-04,2025-01-01T00:00:00
C00464,Meera,Garcia,meera.garcia464@example.com,+971505723078,Abu Dhabi,Abu Dhabi,Bronze,false,2024-05-30,2025-01-01T00:00:00
C00440,Yasmin,Qureshi,yasmin.qureshi440@example.com,+971506408662,Al Ain,Abu Dhabi,Bronze,true,2023-12-25,2025-01-01T00:00:00
C02404,Rania,Santos,rania.santos2404@example.com,+971506628815,Sharjah,Sharjah,Bronze,true,2022-04-02,2025-01-01T00:00:00
C00980,Reem,Iyer,reem.iyer980@example.com,+971506561900,Sharjah,Sharjah,Bronze,true,2021-03-12,2025-01-01T00:00:00
C00972,Khalid,Al Mansoori,khalid.almansoori972@example.com,+971502133208,Al Ain,Abu Dhabi,Silver,true,2020-08-09,2025-01-01T00:00:00
C02163,Imran,Khan,imran.khan2163@example.com,+971509706450,Abu Dhabi,Abu Dhabi,Bronze,true,2024-08-01,2025-01-01T00:00:00
C01247,Karim,Wilson,karim.wilson1247@example.com,+971504720435,Dubai,Dubai,Bronze,false,2023-07-23,2025-01-01T00:00:00
C00899,Dina,Sharma,dina.sharma899@example.com,+971504759700,Dubai,Dubai,Bronze,true,2020-08-21,2025-01-01T00:00:00
C02061,Tariq,Mansour,tariq.mansour2061@example.com,+971509761270,Dubai,Dubai,Bronze,false,2024-04-04,2025-01-01T00:00:00
C01842,Anjali,Smith,anjali.smith1842@example.com,+971508883813,Ras Al Khaimah,Ras Al Khaimah,Bronze,false,2021-11-30,2025-01-01T00:00:00
C02195,Angela,Sharma,angela.sharma2195@example.com,+971507688041,Dubai,Dubai,Silver,true,2024-02-17,2025-01-01T00:00:00
C00411,Tariq,Nair,tariq.nair411@example.com,+971509776935,Sharjah,Sharjah,Bronze,true,2021-02-10,2025-01-01T00:00:00
C00429,Tariq,Garcia,tariq.garcia429@example.com,+971504470388,Ras Al Khaimah,Ras Al Khaimah,Platinum,true,2020-07-05,2025-01-01T00:00:00
C02257,Tariq,Al Nuaimi,tariq.alnuaimi2257@example.com,+971505068753,Abu Dhabi,Abu Dhabi,Bronze,true,2022-11-03,2025-01-01T00:00:00
C01728,Zainab,Reyes,zainab.reyes1728@example.com,+971505701744,Dubai,Dubai,Bronze,false,2020-12-12,2025-01-01T00:00:00
C00970,Dina,Nasser,dina.nasser970@example.com,+971501177948,Dubai,Dubai,Bronze,false,2020-07-15,2025-01-01T00:00:00
C00337,Oliver,Smith,oliver.smith337@example.com,+971504016809,Abu Dhabi,Abu Dhabi,Bronze,true,2023-03-04,2025-01-01T00:00:00
C01015,Ravi,Mansour,ravi.mansour1015@example.com,+971505990361,Dubai,Dubai,Silver,false,2020-07-05,2025-01-01T00:00:00
C02151,James,Khan,james.khan2151@example.com,+971501548510,Dubai,Dubai,Bronze,true,2021-06-28,2025-01-01T00:00:00
C01202,Ahmed,Garcia,ahmed.garcia1202@example.com,+971504384399,Dubai,Dubai,Bronze,true,2023-05-07,2025-01-01T00:00:00
C00652,Anjali,Al Shamsi,anjali.alshamsi652@example.com,+971502460891,Sharjah,Sharjah,Bronze,true,2020-01-09,2025-01-01T00:00:00
C01064,Hamdan,Al Ketbi,hamdan.alketbi1064@example.com,+971504219293,Sharjah,Sharjah,Platinum,false,2021-01-15,2025-01-01T00:00:00
C00472,Anjali,Sheikh,anjali.sheikh472@example.com,+971507115185,Abu Dhabi,Abu Dhabi,Platinum,true,2023-09-12,2025-01-01T00:00:00
C00111,Chloe,Haddad,chloe.haddad111@example.com,+971503522845,Dubai,Dubai,Bronze,false,2020-07-12,2025-01-01T00:00:00
C01794,Mohammed,Iyer,mohammed.iyer1794@example.com,+971502888892,Dubai,Dubai,Silver,true,2023-10-28,2025-01-01T00:00:00
C00181,Liam,Santos,liam.santos181@example.com,+971507370211,Dubai,Dubai,Silver,false,2024-06-16,2025-01-01T00:00:00
C02149,Mohammed,Hussain,mohammed.hussain2149@example.com,+971507778420,Sharjah,Sharjah,Silver,true,2021-12-07,2025-01-01T00:00:00
C00620,Rodel,Hussain,rodel.hussain620@example.com,+971501915141,Al Ain,Abu Dhabi,Bronze,true,2021-08-08,2025-01-01T00:00:00
C01848,Layla,Al Falasi,layla.alfalasi1848@example.com,+971505889906,Sharjah,Sharjah,Bronze,false,2022-12-01,2025-01-01T00:00:00
C01217,Rashid,Khoury,rashid.khoury1217@example.com,+971504742179,Ajman,Ajman,Gold,false,2022-02-08,2025-01-01T00:00:00
C01153,Yasmin,Nair,yasmin.nair1153@example.com,+971508478776,Dubai,Dubai,Bronze,true,2024-12-15,2025-01-01T00:00:00
C01510,Jose,Al Nuaimi,jose.alnuaimi1510@example.com,+971505309362,Dubai,Dubai,Gold,true,2022-05-15,2025-01-01T00:00:00
C02356,Reem,Iyer,reem.iyer2356@example.com,+971503102292,Al Ain,Abu Dhabi,Gold,true,2023-11-25,2025-01-01T00:00:00
C01859,Emma,Al Falasi,emma.alfalasi1859@example.com,+971507818297,Dubai,Dubai,Bronze,true,2021-07-06,2025-01-01T00:00:00
C02001,Rodel,Al Suwaidi,rodel.alsuwaidi2001@example.com,+971502935210,Ajman,Ajman,Gold,true,2023-01-01,2025-01-01T00:00:00
C02188,Rashid,Al Ketbi,rashid.alketbi2188@example.com,+971502432331,Abu Dhabi,Abu Dhabi,Bronze,true,2020-05-03,2025-01-01T00:00:00
C00139,Ayesha,Saleh,ayesha.saleh139@example.com,+971508447546,Dubai,Dubai,Bronze,false,2023-05-19,2025-01-01T00:00:00
C01695,Sophie,Al Shamsi,sophie.alshamsi1695@example.com,+971502834486,Abu Dhabi,Abu Dhabi,Bronze,false,2020-09-17,2025-01-01T00:00:00
C01838,Jose,Farouk,jose.farouk1838@example.com,+971504770193,Al Ain,Abu Dhabi,Gold,true,2022-02-04,2025-01-01T00:00:00
C00594,Dina,Sheikh,dina.sheikh594@example.com,+971504917305,Abu Dhabi,Abu Dhabi,Silver,true,2022-06-24,2025-01-01T00:00:00
C02573,Meera,Khoury,meera.khoury2573@example.com,+971506970859,Dubai,Dubai,Bronze,false,2024-04-05,2025-01-01T00:00:00
C02477,Arjun,Saleh,arjun.saleh2477@example.com,+971507400532,Ajman,Ajman,Bronze,true,2021-09-10,2025-01-01T00:00:00
C02036,Aisha,Nair,aisha.nair2036@example.com,+971502533751,Dubai,Dubai,Bronze,true,2023-01-19,2025-01-01T00:00:00
C01042,Tariq,Haddad,tariq.haddad1042@example.com,+971504079382,Abu Dhabi,Abu Dhabi,Silver,true,2021-03-31,2025-01-01T00:00:00
C01054,Ali,Wilson,ali.wilson1054@example.com,+971509197714,Al Ain,Abu Dhabi,Silver,false,2024-04-28,2025-01-01T00:00:00
C01955,Salma,Brown,salma.brown1955@example.com,+971503075794,Dubai,Dubai,Silver,true,2021-06-25,2025-01-01T00:00:00
C00439,Ayesha,Menon,ayesha.menon439@example.com,+971505875114,Dubai,Dubai,Gold,true,2021-10-04,2025-01-01T00:00:00
C00602,Layla,Nair,layla.nair602@example.com,+971508683734,Al Ain,Abu Dhabi,Gold,true,2020-06-29,2025-01-01T00:00:00
C00667,Omar,Pillai,omar.pillai667@example.com,+971508766314,Dubai,Dubai,Silver,false,2023-10-03,2025-01-01T00:00:00
C01335,Vikram,D'Souza,vikram.dsouza1335@example.com,+971506437103,Dubai,Dubai,Silver,false,2024-05-07,2025-01-01T00:00:00
C02318,Arjun,Al Ketbi,arjun.alketbi2318@example.com,+971504544557,Abu Dhabi,Abu Dhabi,Bronze,false,2022-04-19,2025-01-01T00:00:00
C02026,Priya,Al Suwaidi,priya.alsuwaidi2026@example.com,+971501684155,Abu Dhabi,Abu Dhabi,Bronze,false,2024-05-12,2025-01-01T00:00:00
C00346,Rania,Al Hashmi,rania.alhashmi346@example.com,+971506412383,Dubai,Dubai,Platinum,false,2022-03-21,2025-01-01T00:00:00
C00755,Angela,Brown,angela.brown755@example.com,+971506474513,Abu Dhabi,Abu Dhabi,Silver,false,2021-11-18,2025-01-01T00:00:00
C01755,Ravi,Sheikh,ravi.sheikh1755@example.com,+971509291830,Dubai,Dubai,Bronze,true,2023-05-29,2025-01-01T00:00:00
C00534,Rashid,Brown,rashid.brown534@example.com,+971507790959,Abu Dhabi,Abu Dhabi,Bronze,true,2024-11-13,2025-01-01T00:00:00
C01518,Lucas,Hussain,lucas.hussain1518@example.com,+971505289809,Abu Dhabi,Abu Dhabi,Bronze,false,2021-03-07,2025-01-01T00:00:00
C01360,Salma,Cruz,salma.cruz1360@example.com,+971505097093,Ajman,Ajman,Bronze,true,2022-01-21,2025-01-01T00:00:00
C01369,Ravi,Mansour,ravi.mansour1369@example.com,+971509705913,Abu Dhabi,Abu Dhabi,Bronze,true,2023-10-20,2025-01-01T00:00:00
C01143,Layla,Patel,layla.patel1143@example.com,+971502929715,Dubai,Dubai,Platinum,true,2022-11-13,2025-01-01T00:00:00
C00791,Liam,Patel,liam.patel791@example.com,+971502146505,Abu Dhabi,Abu Dhabi,Silver,false,2024-05-18,2025-01-01T00:00:00
C02429,Grace,Sharma,grace.sharma2429@example.com,+971504189417,Sharjah,Sharjah,Bronze,true,2024-07-26,2025-01-01T00:00:00
C00009,Karim,Mansour,karim.mansour9@example.com,+971508306261,Sharjah,Sharjah,Silver,false,2022-01-11,2025-01-01T00:00:00
C02438,Vikram,Sheikh,vikram.sheikh2438@example.com,+971504089229,Sharjah,Sharjah,Silver,true,2023-02-21,2025-01-01T00:00:00
C00618,Fatima,Patel,fatima.patel618@example.com,+971507637254,Al Ain,Abu Dhabi,Bronze,true,2024-08-20,2025-01-01T00:00:00
C00054,Hessa,Sharma,hessa.sharma54@example.com,+971505261032,Abu Dhabi,Abu Dhabi,Bronze,true,2023-04-09,2025-01-01T00:00:00
C00795,Noura,Mansour,noura.mansour795@example.com,+971503280231,Dubai,Dubai,Silver,false,2021-10-05,2025-01-01T00:00:00
C00223,Olivia,Sheikh,olivia.sheikh223@example.com,+971508005797,Dubai,Dubai,Bronze,true,2021-03-29,2025-01-01T00:00:00
C02326,Mariam,Fernandes,mariam.fernandes2326@example.com,+971506238826,Al Ain,Abu Dhabi,Silver,false,2023-08-31,2025-01-01T00:00:00
C02363,Ali,Nasser,ali.nasser2363@example.com,+971505076456,Abu Dhabi,Abu Dhabi,Bronze,false,2023-07-28,2025-01-01T00:00:00
C02274,Ali,Menon,ali.menon2274@example.com,+971505923606,Dubai,Dubai,Bronze,true,2022-03-26,2025-01-01T00:00:00
C00240,Emma,Sharma,emma.sharma240@example.com,+971507298619,Dubai,Dubai,Bronze,true,2022-07-11,2025-01-01T00:00:00
C01878,Aisha,Khoury,aisha.khoury1878@example.com,+971501811085,Dubai,Dubai,Bronze,true,2022-10-30,2025-01-01T00:00:00
C00258,Meera,Khoury,meera.khoury258@example.com,+971506563269,Fujairah,Fujairah,Bronze,true,2023-08-14,2025-01-01T00:00:00
C02285,Hessa,Al Ketbi,hessa.alketbi2285@example.com,+971506276469,Dubai,Dubai,Silver,true,2024-05-09,2025-01-01T00:00:00
C00792,Shamma,Nair,shamma.nair792@example.com,+971503881880,Fujairah,Fujairah,Platinum,true,2022-12-19,2025-01-01T00:00:00
C01294,Dina,Iyer,dina.iyer1294@example.com,+971505003370,Sharjah,Sharjah,Bronze,true,2023-12-05,2025-01-01T00:00:00
C02395,Noura,Al Suwaidi,noura.alsuwaidi2395@example.com,+971503463869,Dubai,Dubai,Bronze,true,2022-06-07,2025-01-01T00:00:00
C00845,Sophie,Khan,sophie.khan845@example.com,+971507883963,Ajman,Ajman,Bronze,false,2021-05-26,2025-01-01T00:00:00
C02099,James,Al Ketbi,james.alketbi2099@example.com,+971509329290,Abu Dhabi,Abu Dhabi,Gold,true,2022-07-17,2025-01-01T00:00:00
C02217,Mohammed,Reyes,mohammed.reyes2217@example.com,+971502404057,Dubai,Dubai,Bronze,false,2023-09-12,2025-01-01T00:00:00
C02264,Khalid,Iyer,khalid.iyer2264@example.com,+971507645135,Abu Dhabi,Abu Dhabi,Silver,false,2020-01-31,2025-01-01T00:00:00
C00268,Imran,Haddad,imran.haddad268@example.com,+971502916496,Abu Dhabi,Abu Dhabi,Bronze,true,2023-08-01,2025-01-01T00:00:00
C01530,Karim,Iyer,karim.iyer1530@example.com,+971507212534,Sharjah,Sharjah,Silver,false,2023-03-11,2025-01-01T00:00:00
C00586,Noura,Sharma,noura.sharma586@example.com,+971501191837,Sharjah,Sharjah,Bronze,true,2024-11-12,2025-01-01T00:00:00
C02278,Arjun,Sharma,arjun.sharma2278@example.com,+971504850679,Dubai,Dubai,Bronze,false,2020-10-23,2025-01-01T00:00:00
C00405,Emma,Wilson,emma.wilson405@example.com,+971503766286,Sharjah,Sharjah,Bronze,true,2021-12-02,2025-01-01T00:00:00
C02539,Rashid,Al Mansoori,rashid.almansoori2539@example.com,+971506835711,Dubai,Dubai,Silver,true,2024-03-06,2025-01-01T00:00:00
C01720,Anjali,Al Zaabi,anjali.alzaabi1720@example.com,+971506293212,Dubai,Dubai,Bronze,false,2021-03-12,2025-01-01T00:00:00
C00125,Priya,Menon,priya.menon125@example.com,+971509854536,Ajman,Ajman,Bronze,true,2020-02-08,2025-01-01T00:00:00
C00039,Mariam,Sharma,mariam.sharma39@example.com,+971502903561,Umm Al Quwain,Umm Al Quwain,Gold,false,2022-04-15,2025-01-01T00:00:00
C02175,Aisha,Al Falasi,aisha.alfalasi2175@example.com,+971502497141,Abu Dhabi,Abu Dhabi,Bronze,true,2020-10-12,2025-01-01T00:00:00
C01532,James,Nair,james.nair1532@example.com,+971505915420,Dubai,Dubai,Gold,true,2020-12-24,2025-01-01T00:00:00
C01103,Ayesha,Qureshi,ayesha.qureshi1103@example.com,+971501331289,Abu Dhabi,Abu Dhabi,Silver,true,2020-05-10,2025-01-01T00:00:00
C01912,Fatima,Al Suwaidi,fatima.alsuwaidi1912@example.com,+971501003575,Umm Al Quwain,Umm Al Quwain,Silver,false,2020-07-23,2025-01-01T00:00:00
C00187,Mariam,Sharma,mariam.sharma187@example.com,+971501625760,Abu Dhabi,Abu Dhabi,Bronze,false,2024-04-23,2025-01-01T00:00:00
C01718,Sophie,Al Shamsi,sophie.alshamsi1718@example.com,+971502096542,Abu Dhabi,Abu Dhabi,Bronze,false,2023-06-08,2025-01-01T00:00:00
C00721,Fatima,Khan,fatima.khan721@example.com,+971507310431,Dubai,Dubai,Bronze,true,2023-04-06,2025-01-01T00:00:00
C01122,Rodel,Fernandes,rodel.fernandes1122@example.com,+971508176707,Dubai,Dubai,Bronze,false,2021-12-25,2025-01-01T00:00:00
C00109,Ayesha,Farouk,ayesha.farouk109@example.com,+971509792411,Umm Al Quwain,Umm Al Quwain,Bronze,false,2021-05-22,2025-01-01T00:00:00
C01503,Sana,Reyes,sana.reyes1503@example.com,+971508633454,Dubai,Dubai,Bronze,true,2020-01-15,2025-01-01T00:00:00
C01419,Imran,Al Falasi,imran.alfalasi1419@example.com,+971507678830,Dubai,Dubai,Silver,true,2022-08-09,2025-01-01T00:00:00
C00368,Mariam,Saleh,mariam.saleh368@example.com,+971503480985,Dubai,Dubai,Bronze,false,2022-05-17,2025-01-01T00:00:00
C02454,Mohammed,Mansour,mohammed.mansour2454@example.com,+971509898935,Fujairah,Fujairah,Silver,true,2024-04-14,2025-01-01T00:00:00
C01011,Angela,Iyer,angela.iyer1011@example.com,+971507526217,Sharjah,Sharjah,Bronze,true,2023-01-03,2025-01-01T00:00:00
C01446,Meera,Menon,meera.menon1446@example.com,+971507228596,Sharjah,Sharjah,Bronze,true,2022-12-07,2025-01-01T00:00:00
C00137,Zainab,D'Souza,zainab.dsouza137@example.com,+971502385991,Dubai,Dubai,Bronze,true,2022-10-15,2025-01-01T00:00:00
C00661,Dina,Reyes,dina.reyes661@example.com,+971507577959,Ras Al Khaimah,Ras Al Khaimah,Silver,false,2024-10-29,2025-01-01T00:00:00
C02123,Mohammed,Pillai,mohammed.pillai2123@example.com,+971507480687,Al Ain,Abu Dhabi,Bronze,true,2022-01-19,2025-01-01T00:00:00
C00143,Grace,Al Zaabi,grace.alzaabi143@example.com,+971509882862,Abu Dhabi,Abu Dhabi,Bronze,false,2022-01-31,2025-01-01T00:00:00
C01413,Yousef,Nair,yousef.nair1413@example.com,+971502488335,Al Ain,Abu Dhabi,Gold,false,2021-08-01,2025-01-01T00:00:00
C00897,Anjali,Patel,anjali.patel897@example.com,+971501789356,Dubai,Dubai,Bronze,true,2022-10-08,2025-01-01T00:00:00
C00217,Mariam,Farouk,mariam.farouk217@example.com,+971502551288,Ajman,Ajman,Bronze,true,2023-08-17,2025-01-01T00:00:00
C01708,Olivia,Al Nuaimi,olivia.alnuaimi1708@example.com,+971506030776,Abu Dhabi,Abu Dhabi,Bronze,true,2022-01-23,2025-01-01T00:00:00
C01656,Lucas,Khan,lucas.khan1656@example.com,+971509513662,Dubai,Dubai,Bronze,true,2021-05-20,2025-01-01T00:00:00
C01475,Layla,Santos,layla.santos1475@example.com,+971506293899,Dubai,Dubai,Bronze,true,2021-08-10,2025-01-01T00:00:00
C01894,Chloe,Fernandes,chloe.fernandes1894@example.com,+971503572450,Dubai,Dubai,Bronze,false,2024-05-15,2025-01-01T00:00:00
C01091,Rashid,Al Nuaimi,rashid.alnuaimi1091@example.com,+971506660802,Abu Dhabi,Abu Dhabi,Silver,false,2024-10-03,2025-01-01T00:00:00
C00571,Mariam,Mansour,mariam.mansour571@example.com,+971502018380,Sharjah,Sharjah,Silver,false,2022-10-03,2025-01-01T00:00:00
C00987,Hamdan,Nair,hamdan.nair987@example.com,+971507278962,Abu Dhabi,Abu Dhabi,Silver,false,2024-06-15,2025-01-01T00:00:00
C00314,Omar,Taylor,omar.taylor314@example.com,+971501883692,Dubai,Dubai,Bronze,true,2024-08-18,2025-01-01T00:00:00
C00254,Angela,Pillai,angela.pillai254@example.com,+971506080688,Dubai,Dubai,Bronze,true,2024-06-16,2025-01-01T00:00:00
C00481,Omar,Reyes,omar.reyes481@example.com,+971501718206,Dubai,Dubai,Bronze,false,2021-04-19,2025-01-01T00:00:00
C00863,Rashid,Mansour,rashid.mansour863@example.com,+971509303225,Abu Dhabi,Abu Dhabi,Bronze,false,2021-06-16,2025-01-01T00:00:00
C00700,Karim,Mansour,karim.mansour700@example.com,+971505636946,Ras Al Khaimah,Ras Al Khaimah,Silver,false,2020-06-04,2025-01-01T00:00:00
C01525,Salma,Taylor,salma.taylor1525@example.com,+971506331381,Al Ain,Abu Dhabi,Bronze,true,2021-10-16,2025-01-01T00:00:00
C01486,Jose,Al Nuaimi,jose.alnuaimi1486@example.com,+971503791472,Dubai,Dubai,Gold,false,2023-03-28,2025-01-01T00:00:00
C02273,Ayesha,Farouk,ayesha.farouk2273@example.com,+971509241865,Dubai,Dubai,Bronze,false,2020-11-11,2025-01-01T00:00:00
C02566,Oliver,Khoury,oliver.khoury2566@example.com,+971506480563,Ajman,Ajman,Bronze,false,2023-08-03,2025-01-01T00:00:00
C01215,Zainab,Al Suwaidi,zainab.alsuwaidi1215@example.com,+971509488305,Sharjah,Sharjah,Bronze,false,2021-10-04,2025-01-01T00:00:00
C00732,Saeed,Al Zaabi,saeed.alzaabi732@example.com,+971509127012,Abu Dhabi,Abu Dhabi,Gold,true,2022-02-08,2025-01-01T00:00:00
C00335,Arjun,Haddad,arjun.haddad335@example.com,+971504346346,Dubai,Dubai,Silver,false,2020-06-28,2025-01-01T00:00:00
C00976,Rania,Sheikh,rania.sheikh976@example.com,+971509507858,Dubai,Dubai,Bronze,true,2022-11-26,2025-01-01T00:00:00
C01571,Shamma,Fernandes,shamma.fernandes1571@example.com,+971505596336,Abu Dhabi,Abu Dhabi,Bronze,true,2024-06-21,2025-01-01T00:00:00
C01447,Olivia,Khan,olivia.khan1447@example.com,+971508950226,Dubai,Dubai,Bronze,true,2021-11-07,2025-01-01T00:00:00
C01374,Aisha,Al Suwaidi,aisha.alsuwaidi1374@example.com,+971506268490,Dubai,Dubai,Bronze,true,2022-04-16,2025-01-01T00:00:00
C00093,Oliver,Al Falasi,oliver.alfalasi93@example.com,+971502860421,Dubai,Dubai,Silver,true,2024-03-26,2025-01-01T00:00:00
C00076,Aisha,Khan,aisha.khan76@example.com,+971509826250,Sharjah,Sharjah,Silver,true,2021-06-27,2025-01-01T00:00:00
C01923,Mark,Smith,mark.smith1923@example.com,+971504086368,Fujairah,Fujairah,Gold,true,2023-12-19,2025-01-01T00:00:00
C02449,James,Al Mansoori,james.almansoori2449@example.com,+971501304676,Sharjah,Sharjah,Bronze,false,2020-05-03,2025-01-01T00:00:00
C00963,Imran,Al Mansoori,imran.almansoori963@example.com,+971506615431,Abu Dhabi,Abu Dhabi,Gold,false,2022-07-08,2025-01-01T00:00:00
C02211,Rodel,Farouk,rodel.farouk2211@example.com,+971507955435,Sharjah,Sharjah,Silver,false,2021-02-10,2025-01-01T00:00:00
C02421,Hessa,Farouk,hessa.farouk2421@example.com,+971502054981,Ras Al Khaimah,Ras Al Khaimah,Gold,true,2022-01-01,2025-01-01T00:00:00
C00247,Hessa,Al Zaabi,hessa.alzaabi247@example.com,+971505629871,Dubai,Dubai,Bronze,false,2022-10-06,2025-01-01T00:00:00
C02051,Mariam,Al Nuaimi,mariam.alnuaimi2051@example.com,+971508644182,Abu Dhabi,Abu Dhabi,Bronze,false,2023-05-29,2025-01-01T00:00:00
C00399,Shamma,Hussain,shamma.hussain399@example.com,+971503658100,Abu Dhabi,Abu Dhabi,Silver,false,2021-07-14,2025-01-01T00:00:00
C00455,Dina,Patel,dina.patel455@example.com,+971506384429,Fujairah,Fujairah,Gold,false,2023-08-08,2025-01-01T00:00:00
C00797,Anjali,Farouk,anjali.farouk797@example.com,+971507833061,Dubai,Dubai,Platinum,true,2024-02-16,2025-01-01T00:00:00
C01698,Hessa,Brown,hessa.brown1698@example.com,+971505207762,Ajman,Ajman,Bronze,true,2020-01-30,2025-01-01T00:00:00
C00352,Farhan,Al Zaabi,farhan.alzaabi352@example.com,+971502812519,Dubai,Dubai,Bronze,true,2021-05-26,2025-01-01T00:00:00
C02485,Ayesha,Nasser,ayesha.nasser2485@example.com,+971507647888,Al Ain,Abu Dhabi,Gold,true,2022-07-12,2025-01-01T00:00:00
C01490,Reem,Sheikh,reem.sheikh1490@example.com,+971507279004,Sharjah,Sharjah,Bronze,true,2024-01-23,2025-01-01T00:00:00
C01613,James,Wilson,james.wilson1613@example.com,+971507805792,Dubai,Dubai,Platinum,true,2022-09-11,2025-01-01T00:00:00
C00873,Yasmin,Sheikh,yasmin.sheikh873@example.com,+971509235014,Dubai,Dubai,Silver,false,2024-03-21,2025-01-01T00:00:00
C01957,Jose,Al Shamsi,jose.alshamsi1957@example.com,+971508049302,Dubai,Dubai,Silver,true,2020-07-24,2025-01-01T00:00:00
C01024,Layla,Cruz,layla.cruz1024@example.com,+971507557366,Dubai,Dubai,Bronze,false,2020-07-24,2025-01-01T00:00:00
C02468,Mark,Patel,mark.patel2468@example.com,+971506543319,Dubai,Dubai,Gold,false,2023-09-08,2025-01-01T00:00:00
C01208,Ayesha,Hussain,ayesha.hussain1208@example.com,+971509415785,Umm Al Quwain,Umm Al Quwain,Bronze,true,2024-04-23,2025-01-01T00:00:00
C01190,Yousef,Cruz,yousef.cruz1190@example.com,+971508064499,Abu Dhabi,Abu Dhabi,Bronze,true,2024-05-13,2025-01-01T00:00:00
C01417,Lucas,Iyer,lucas.iyer1417@example.com,+971504673044,Dubai,Dubai,Platinum,false,2022-01-01,2025-01-01T00:00:00
C02568,Aisha,Al Nuaimi,aisha.alnuaimi2568@example.com,+971504005495,Ajman,Ajman,Bronze,true,2023-05-17,2025-01-01T00:00:00
C01930,Omar,Iyer,omar.iyer1930@example.com,+971508000211,Sharjah,Sharjah,Gold,true,2024-06-09,2025-01-01T00:00:00
C02218,Hassan,Fernandes,hassan.fernandes2218@example.com,+971508525927,Abu Dhabi,Abu Dhabi,Gold,true,2023-06-13,2025-01-01T00:00:00
C01138,Fatima,Hussain,fatima.hussain1138@example.com,+971509041235,Al Ain,Abu Dhabi,Platinum,true,2021-11-09,2025-01-01T00:00:00
C01396,Tariq,Al Hashmi,tariq.alhashmi1396@example.com,+971501758962,Umm Al Quwain,Umm Al Quwain,Silver,true,2023-04-26,2025-01-01T00:00:00
C00182,Hessa,Cruz,hessa.cruz182@example.com,+971502325893,Dubai,Dubai,Gold,false,2024-07-05,2025-01-01T00:00:00
C00146,Grace,Qureshi,grace.qureshi146@example.com,+971508467726,Ras Al Khaimah,Ras Al Khaimah,Silver,false,2020-05-31,2025-01-01T00:00:00
C01039,Tariq,Farouk,tariq.farouk1039@example.com,+971506514500,Sharjah,Sharjah,Bronze,false,2024-01-25,2025-01-01T00:00:00
C01000,Bilal,Khoury,bilal.khoury1000@example.com,+971501199493,Fujairah,Fujairah,Silver,false,2024-08-11,2025-01-01T00:00:00
C01471,Ahmed,Garcia,ahmed.garcia1471@example.com,+971506883514,Dubai,Dubai,Bronze,true,2024-09-11,2025-01-01T00:00:00
C00841,Emma,Iyer,emma.iyer841@example.com,+971506582152,Sharjah,Sharjah,Gold,false,2024-05-15,2025-01-01T00:00:00
C01974,Sophie,Al Zaabi,sophie.alzaabi1974@example.com,+971506835836,Abu Dhabi,Abu Dhabi,Silver,true,2024-04-10,2025-01-01T00:00:00
C01597,Mark,Garcia,mark.garcia1597@example.com,+971502416860,Dubai,Dubai,Gold,true,2020-05-13,2025-01-01T00:00:00
C00212,Sophie,Sharma,sophie.sharma212@example.com,+971505616316,Abu Dhabi,Abu Dhabi,Silver,true,2023-09-14,2025-01-01T00:00:00
C00849,Jose,Saleh,jose.saleh849@example.com,+971503504019,Abu Dhabi,Abu Dhabi,Platinum,true,2020-04-11,2025-01-01T00:00:00
C00365,Sophie,Nasser,sophie.nasser365@example.com,+971508966231,Fujairah,Fujairah,Bronze,true,2024-08-03,2025-01-01T00:00:00
C00919,Rania,Sharma,rania.sharma919@example.com,+971505773713,Dubai,Dubai,Silver,true,2024-03-07,2025-01-01T00:00:00
C00722,Ahmed,Qureshi,ahmed.qureshi722@example.com,+971505760225,Ras Al Khaimah,Ras Al Khaimah,Silver,false,2020-01-14,2025-01-01T00:00:00
C01568,Mark,Khoury,mark.khoury1568@example.com,+971501095169,Sharjah,Sharjah,Bronze,true,2021-09-22,2025-01-01T00:00:00
C02220,Omar,Khoury,omar.khoury2220@example.com,+971506102187,Ras Al Khaimah,Ras Al Khaimah,Bronze,true,2024-10-09,2025-01-01T00:00:00
C02022,Maria,Nair,maria.nair2022@example.com,+971502076525,Abu Dhabi,Abu Dhabi,Bronze,true,2021-02-01,2025-01-01T00:00:00
C01161,Anjali,Sharma,anjali.sharma1161@example.com,+971505504928,Dubai,Dubai,Bronze,true,2021-06-14,2025-01-01T00:00:00
C01669,Chloe,Al Ketbi,chloe.alketbi1669@example.com,+971502602061,Sharjah,Sharjah,Bronze,false,2020-05-04,2025-01-01T00:00:00
C01408,Liam,Al Falasi,liam.alfalasi1408@example.com,+971502326525,Fujairah,Fujairah,Silver,true,2021-07-24,2025-01-01T00:00:00
C00194,Arjun,Brown,arjun.brown194@example.com,+971501191859,Dubai,Dubai,Silver,false,2024-03-23,2025-01-01T00:00:00
C01391,Imran,Al Falasi,imran.alfalasi1391@example.com,+971508063586,Dubai,Dubai,Silver,false,2021-11-30,2025-01-01T00:00:00
C02314,Priya,Taylor,priya.taylor2314@example.com,+971503212752,Dubai,Dubai,Gold,true,2024-12-15,2025-01-01T00:00:00
C01201,Zainab,Brown,zainab.brown1201@example.com,+971505734646,Dubai,Dubai,Bronze,true,2020-06-08,2025-01-01T00:00:00
C00433,Jose,Menon,jose.menon433@example.com,+971504197381,Al Ain,Abu Dhabi,Bronze,false,2020-09-04,2025-01-01T00:00:00
C01009,Ravi,Menon,ravi.menon1009@example.com,+971509797899,Dubai,Dubai,Bronze,true,2022-03-01,2025-01-01T00:00:00
C01891,Hessa,Santos,hessa.santos1891@example.com,+971509548104,Dubai,Dubai,Silver,true,2020-07-26,2025-01-01T00:00:00
C00887,Hessa,Patel,hessa.patel887@example.com,+971504203013,Abu Dhabi,Abu Dhabi,Bronze,true,2023-08-21,2025-01-01T00:00:00
C00020,Ali,Pillai,ali.pillai20@example.com,+971501205779,Dubai,Dubai,Bronze,true,2024-11-13,2025-01-01T00:00:00
C00209,Fatima,Farouk,fatima.farouk209@example.com,+971501816653,Abu Dhabi,Abu Dhabi,Silver,true,2023-05-01,2025-01-01T00:00:00
C01095,Shamma,Nair,shamma.nair1095@example.com,+971501153218,Sharjah,Sharjah,Silver,true,2021-03-05,2025-01-01T00:00:00
C00195,Vikram,Al Falasi,vikram.alfalasi195@example.com,+971503679603,Abu Dhabi,Abu Dhabi,Silver,false,2020-05-07,2025-01-01T00:00:00
C02352,Khalid,Sharma,khalid.sharma2352@example.com,+971506650746,Umm Al Quwain,Umm Al Quwain,Platinum,true,2023-06-10,2025-01-01T00:00:00
C00729,Rodel,Al Shamsi,rodel.alshamsi729@example.com,+971501880075,Dubai,Dubai,Bronze,true,2024-04-02,2025-01-01T00:00:00
C01677,Aisha,Iyer,aisha.iyer1677@example.com,+971502657259,Sharjah,Sharjah,Silver,true,2022-01-03,2025-01-01T00:00:00
C02277,Karim,Nair,karim.nair2277@example.com,+971504851116,Dubai,Dubai,Silver,true,2024-01-03,2025-01-01T00:00:00
C00839,Priya,Garcia,priya.garcia839@example.com,+971504950370,Dubai,Dubai,Bronze,false,2022-03-15,2025-01-01T00:00:00
C01119,Bilal,Khoury,bilal.khoury1119@example.com,+971503140306,Abu Dhabi,Abu Dhabi,Bronze,true,2021-01-05,2025-01-01T00:00:00
C02171,Olivia,Wilson,olivia.wilson2171@example.com,+971502551474,Abu Dhabi,Abu Dhabi,Bronze,true,2023-04-16,2025-01-01T00:00:00
C01618,Chloe,Al Suwaidi,chloe.alsuwaidi1618@example.com,+971509467858,Fujairah,Fujairah,Bronze,false,2022-06-12,2025-01-01T00:00:00
C02549,Tariq,Al Zaabi,tariq.alzaabi2549@example.com,+971506458749,Al Ain,Abu Dhabi,Gold,false,2024-02-18,2025-01-01T00:00:00
C01005,Jose,Garcia,jose.garcia1005@example.com,+971501389899,Dubai,Dubai,Gold,true,2024-03-21,2025-01-01T00:00:00
C01262,Yasmin,D'Souza,yasmin.dsouza1262@example.com,+971501502309,Dubai,Dubai,Bronze,true,2024-08-20,2025-01-01T00:00:00
C00277,Yasmin,Patel,yasmin.patel277@example.com,+971501540736,Dubai,Dubai,Bronze,false,2024-08-26,2025-01-01T00:00:00
C00331,Grace,Khan,grace.khan331@example.com,+971506562484,Dubai,Dubai,Bronze,true,2023-08-15,2025-01-01T00:00:00
C00647,Arjun,Nasser,arjun.nasser647@example.com,+971504986975,Dubai,Dubai,Bronze,false,2020-03-05,2025-01-01T00:00:00
C00117,Dina,Cruz,dina.cruz117@example.com,+971508531761,Sharjah,Sharjah,Bronze,true,2022-06-28,2025-01-01T00:00:00
C00920,Khalid,Smith,khalid.smith920@example.com,+971504230541,Abu Dhabi,Abu Dhabi,Bronze,true,2021-05-22,2025-01-01T00:00:00
C00584,Hassan,Al Hashmi,hassan.alhashmi584@example.com,+971506039762,Abu Dhabi,Abu Dhabi,Silver,true,2023-12-10,2025-01-01T00:00:00
C02441,Arjun,Khoury,arjun.khoury2441@example.com,+971509250637,Sharjah,Sharjah,Bronze,true,2020-04-23,2025-01-01T00:00:00
C00517,Arjun,Qureshi,arjun.qureshi517@example.com,+971504190481,Fujairah,Fujairah,Silver,true,2023-03-20,2025-01-01T00:00:00
C01436,Salma,Sharma,salma.sharma1436@example.com,+971508999482,Al Ain,Abu Dhabi,Bronze,true,2022-03-24,2025-01-01T00:00:00
C01641,Liam,Mansour,liam.mansour1641@example.com,+971505253262,Ajman,Ajman,Silver,true,2020-02-28,2025-01-01T00:00:00
C00918,Grace,Garcia,grace.garcia918@example.com,+971501087466,Abu Dhabi,Abu Dhabi,Bronze,true,2020-09-12,2025-01-01T00:00:00
C00686,Priya,Al Mansoori,priya.almansoori686@example.com,+971503929534,Sharjah,Sharjah,Silver,true,2024-10-22,2025-01-01T00:00:00
C02291,Rashid,Sheikh,rashid.sheikh2291@example.com,+971502962480,Dubai,Dubai,Bronze,true,2021-03-10,2025-01-01T00:00:00
C01487,Hamdan,Khan,hamdan.khan1487@example.com,+971506589281,Dubai,Dubai,Platinum,true,2022-12-09,2025-01-01T00:00:00
C01263,Layla,Wilson,layla.wilson1263@example.com,+971504610191,Dubai,Dubai,Bronze,false,2024-06-07,2025-01-01T00:00:00
C01600,Dina,Nasser,dina.nasser1600@example.com,+971508033665,Sharjah,Sharjah,Bronze,true,2022-01-31,2025-01-01T00:00:00
C01455,Omar,Al Ketbi,omar.alketbi1455@example.com,+971508376757,Dubai,Dubai,Silver,true,2021-10-24,2025-01-01T00:00:00
C01507,Yousef,Sheikh,yousef.sheikh1507@example.com,+971508232666,Abu Dhabi,Abu Dhabi,Bronze,true,2020-07-12,2025-01-01T00:00:00
C02333,Sophie,Al Ketbi,sophie.alketbi2333@example.com,+971505580322,Al Ain,Abu Dhabi,Bronze,false,2022-05-11,2025-01-01T00:00:00
C01622,Dina,Sharma,dina.sharma1622@example.com,+971503550993,Ajman,Ajman,Gold,true,2024-10-25,2025-01-01T00:00:00
C01715,Sophie,Saleh,sophie.saleh1715@example.com,+971508431976,Dubai,Dubai,Silver,true,2022-02-26,2025-01-01T00:00:00
C01063,Ayesha,Khan,ayesha.khan1063@example.com,+971504053190,Dubai,Dubai,Bronze,false,2021-01-16,2025-01-01T00:00:00
C00255,Maria,Al Zaabi,maria.alzaabi255@example.com,+971509040224,Al Ain,Abu Dhabi,Bronze,true,2022-05-16,2025-01-01T00:00:00
C00983,Priya,Qureshi,priya.qureshi983@example.com,+971505126595,Dubai,Dubai,Bronze,true,2024-12-18,2025-01-01T00:00:00
C01504,Emma,Mansour,emma.mansour1504@example.com,+971507195765,Dubai,Dubai,Bronze,false,2020-09-05,2025-01-01T00:00:00
C02451,Anjali,Al Zaabi,anjali.alzaabi2451@example.com,+971505087783,Fujairah,Fujairah,Gold,false,2020-11-02,2025-01-01T00:00:00
C01052,Olivia,Taylor,olivia.taylor1052@example.com,+971506164208,Al Ain,Abu Dhabi,Platinum,true,2022-03-19,2025-01-01T00:00:00
C00263,Noura,Al Nuaimi,noura.alnuaimi263@example.com,+971502834801,Ajman,Ajman,Gold,false,2023-12-26,2025-01-01T00:00:00
C02186,Mohammed,Reyes,mohammed.reyes2186@example.com,+971503620107,Fujairah,Fujairah,Bronze,true,2024-09-29,2025-01-01T00:00:00
C01497,James,Al Shamsi,james.alshamsi1497@example.com,+971508075570,Dubai,Dubai,Bronze,false,2023-10-14,2025-01-01T00:00:00
C01113,Karim,Nair,karim.nair1113@example.com,+971509580328,Sharjah,Sharjah,Bronze,true,2021-07-05,2025-01-01T00:00:00
C00168,Dina,Al Falasi,dina.alfalasi168@example.com,+971502622046,Dubai,Dubai,Bronze,false,2021-07-26,2025-01-01T00:00:00
C02294,Zainab,Haddad,zainab.haddad2294@example.com,+971505844654,Sharjah,Sharjah,Gold,true,2021-01-22,2025-01-01T00:00:00
C02459,Yousef,Nasser,yousef.nasser2459@example.com,+971508789111,Fujairah,Fujairah,Bronze,true,2020-01-03,2025-01-01T00:00:00
C02095,Angela,Hussain,angela.hussain2095@example.com,+971506706561,Al Ain,Abu Dhabi,Gold,false,2022-11-29,2025-01-01T00:00:00
C02102,Meera,Taylor,meera.taylor2102@example.com,+971506621223,Dubai,Dubai,Gold,false,2022-03-16,2025-01-01T00:00:00
C02283,Yasmin,Smith,yasmin.smith2283@example.com,+971503069181,Dubai,Dubai,Bronze,false,2020-02-01,2025-01-01T00:00:00
C00090,Mariam,D'Souza,mariam.dsouza90@example.com,+971508043620,Dubai,Dubai,Bronze,true,2020-03-03,2025-01-01T00:00:00
C01498,Khalid,Mansour,khalid.mansour1498@example.com,+971506809729,Sharjah,Sharjah,Silver,true,2024-09-04,2025-01-01T00:00:00
C02167,Olivia,Taylor,olivia.taylor2167@example.com,+971506995577,Abu Dhabi,Abu Dhabi,Bronze,true,2023-11-20,2025-01-01T00:00:00
C00457,Fatima,Cruz,fatima.cruz457@example.com,+971504229821,Ras Al Khaimah,Ras Al Khaimah,Bronze,false,2022-09-23,2025-01-01T00:00:00
C01607,Dina,Al Hashmi,dina.alhashmi1607@example.com,+971504293151,Abu Dhabi,Abu Dhabi,Bronze,true,2022-01-18,2025-01-01T00:00:00
C00786,Noura,Sharma,noura.sharma786@example.com,+971503388393,Dubai,Dubai,Bronze,true,2024-07-26,2025-01-01T00:00:00
C00119,Sophie,Nasser,sophie.nasser119@example.com,+971504350371,Fujairah,Fujairah,Gold,true,2022-10-26,2025-01-01T00:00:00
C00989,Arjun,Khan,arjun.khan989@example.com,+971509203901,Ajman,Ajman,Silver,false,2024-06-17,2025-01-01T00:00:00
C00344,Hamdan,Khan,hamdan.khan344@example.com,+971503977282,Dubai,Dubai,Bronze,true,2023-06-11,2025-01-01T00:00:00
C02500,Salma,Al Hashmi,salma.alhashmi2500@example.com,+971508990770,Ajman,Ajman,Bronze,true,2024-02-03,2025-01-01T00:00:00
C01565,Rashid,Hussain,rashid.hussain1565@example.com,+971503636248,Abu Dhabi,Abu Dhabi,Platinum,false,2022-03-22,2025-01-01T00:00:00
C00371,Ali,Al Hashmi,ali.alhashmi371@example.com,+971502694338,Ras Al Khaimah,Ras Al Khaimah,Gold,false,2023-04-08,2025-01-01T00:00:00
C02038,Dina,Fernandes,dina.fernandes2038@example.com,+971506493549,Abu Dhabi,Abu Dhabi,Bronze,false,2024-03-16,2025-01-01T00:00:00
C02474,Ali,Farouk,ali.farouk2474@example.com,+971503908113,Dubai,Dubai,Gold,false,2020-01-17,2025-01-01T00:00:00
C02376,Aisha,Al Hashmi,aisha.alhashmi2376@example.com,+971503316968,Umm Al Quwain,Umm Al Quwain,Silver,true,2024-11-09,2025-01-01T00:00:00
C01527,Ravi,Al Mansoori,ravi.almansoori1527@example.com,+971506604510,Abu Dhabi,Abu Dhabi,Silver,false,2022-03-30,2025-01-01T00:00:00
C02538,Noura,Al Nuaimi,noura.alnuaimi2538@example.com,+971508247606,Dubai,Dubai,Bronze,false,2021-02-11,2025-01-01T00:00:00
C02344,Hassan,Wilson,hassan.wilson2344@example.com,+971501998597,Ajman,Ajman,Bronze,true,2021-10-04,2025-01-01T00:00:00
C01683,Hamdan,Wilson,hamdan.wilson1683@example.com,+971501879717,Fujairah,Fujairah,Silver,true,2022-02-27,2025-01-01T00:00:00
C01109,Tariq,Fernandes,tariq.fernandes1109@example.com,+971502661097,Dubai,Dubai,Bronze,true,2021-12-22,2025-01-01T00:00:00
C02154,Grace,Menon,grace.menon2154@example.com,+971504123052,Ras Al Khaimah,Ras Al Khaimah,Bronze,true,2021-02-10,2025-01-01T00:00:00
C00058,Vikram,Khoury,vikram.khoury58@example.com,+971501822825,Dubai,Dubai,Gold,false,2020-02-14,2025-01-01T00:00:00
C00007,Khalid,Garcia,khalid.garcia7@example.com,+971503030966,Ajman,Ajman,Bronze,true,2021-05-12,2025-01-01T00:00:00
C00474,Sana,Iyer,sana.iyer474@example.com,+971507018685,Abu Dhabi,Abu Dhabi,Bronze,true,2024-02-10,2025-01-01T00:00:00
C01145,Rania,Sheikh,rania.sheikh1145@example.com,+971503219555,Dubai,Dubai,Bronze,false,2021-01-21,2025-01-01T00:00:00
C01129,Aisha,Saleh,aisha.saleh1129@example.com,+971503860246,Abu Dhabi,Abu Dhabi,Platinum,true,2021-12-24,2025-01-01T00:00:00
C01200,Maria,Hussain,maria.hussain1200@example.com,+971507232368,Dubai,Dubai,Bronze,true,2022-04-09,2025-01-01T00:00:00
C02434,Chloe,Sharma,chloe.sharma2434@example.com,+971504068301,Ras Al Khaimah,Ras Al Khaimah,Platinum,true,2023-08-13,2025-01-01T00:00:00
C00045,Angela,Al Shamsi,angela.alshamsi45@example.com,+971508935224,Dubai,Dubai,Bronze,false,2024-05-07,2025-01-01T00:00:00
C00990,Vikram,Al Zaabi,vikram.alzaabi990@example.com,+971507511503,Dubai,Dubai,Bronze,true,2024-06-07,2025-01-01T00:00:00
C01521,Dina,Wilson,dina.wilson1521@example.com,+971507969137,Abu Dhabi,Abu Dhabi,Silver,true,2020-12-07,2025-01-01T00:00:00
C00794,Bilal,Haddad,bilal.haddad794@example.com,+971509627700,Abu Dhabi,Abu Dhabi,Bronze,false,2024-09-05,2025-01-01T00:00:00
C01367,Ali,Brown,ali.brown1367@example.com,+971505404568,Ras Al Khaimah,Ras Al Khaimah,Silver,true,2023-05-31,2025-01-01T00:00:00
C01104,Sophie,Pillai,sophie.pillai1104@example.com,+971503081873,Dubai,Dubai,Platinum,false,2024-07-21,2025-01-01T00:00:00
C01437,Karim,Al Suwaidi,karim.alsuwaidi1437@example.com,+971503839639,Dubai,Dubai,Gold,true,2020-10-21,2025-01-01T00:00:00
C01896,Fatima,Al Shamsi,fatima.alshamsi1896@example.com,+971503230397,Dubai,Dubai,Bronze,true,2021-03-27,2025-01-01T00:00:00
C00796,Liam,Al Shamsi,liam.alshamsi796@example.com,+971509283126,Dubai,Dubai,Bronze,true,2023-02-15,2025-01-01T00:00:00
C02377,Aisha,Qureshi,aisha.qureshi2377@example.com,+971505941654,Al Ain,Abu Dhabi,Bronze,false,2020-01-03,2025-01-01T00:00:00
C01713,James,Al Hashmi,james.alhashmi1713@example.com,+971508588667,Abu Dhabi,Abu Dhabi,Gold,false,2020-10-16,2025-01-01T00:00:00
C00982,Rania,Taylor,rania.taylor982@example.com,+971501498041,Dubai,Dubai,Bronze,true,2023-07-16,2025-01-01T00:00:00
C00537,Reem,Reyes,reem.reyes537@example.com,+971502343263,Fujairah,Fujairah,Bronze,true,2024-01-30,2025-01-01T00:00:00
C01671,Hamdan,Pillai,hamdan.pillai1671@example.com,+971504663705,Dubai,Dubai,Bronze,false,2020-12-19,2025-01-01T00:00:00
C01251,Angela,Al Zaabi,angela.alzaabi1251@example.com,+971502280314,Abu Dhabi,Abu Dhabi,Silver,true,2020-02-14,2025-01-01T00:00:00
C01798,Arjun,Al Nuaimi,arjun.alnuaimi1798@example.com,+971504155287,Abu Dhabi,Abu Dhabi,Silver,false,2024-06-30,2025-01-01T00:00:00
C01839,Oliver,Nasser,oliver.nasser1839@example.com,+971503638806,Abu Dhabi,Abu Dhabi,Silver,true,2024-06-06,2025-01-01T00:00:00
C02408,Anjali,Fernandes,anjali.fernandes2408@example.com,+971506732615,Dubai,Dubai,Silver,true,2023-06-20,2025-01-01T00:00:00
C00231,Bilal,Santos,bilal.santos231@example.com,+971502325722,Sharjah,Sharjah,Platinum,true,2021-05-31,2025-01-01T00:00:00
C01774,Khalid,D'Souza,khalid.dsouza1774@example.com,+971504942873,Dubai,Dubai,Silver,false,2020-11-06,2025-01-01T00:00:00
C01048,James,Al Nuaimi,james.alnuaimi1048@example.com,+971508170536,Sharjah,Sharjah,Silver,false,2024-08-05,2025-01-01T00:00:00
C00606,Yousef,Al Suwaidi,yousef.alsuwaidi606@example.com,+971509736195,Sharjah,Sharjah,Bronze,true,2023-09-07,2025-01-01T00:00:00
C02082,Ayesha,Farouk,ayesha.farouk2082@example.com,+971507764896,Ajman,Ajman,Silver,true,2020-04-29,2025-01-01T00:00:00
C01658,Dina,Farouk,dina.farouk1658@example.com,+971508317957,Abu Dhabi,Abu Dhabi,Platinum,true,2022-07-31,2025-01-01T00:00:00
C00210,Lucas,Menon,lucas.menon210@example.com,+971501946973,Sharjah,Sharjah,Bronze,true,2021-04-24,2025-01-01T00:00:00
C00357,Khalid,Brown,khalid.brown357@example.com,+971504187406,Dubai,Dubai,Silver,false,2020-04-19,2025-01-01T00:00:00
C00611,Karim,Santos,karim.santos611@example.com,+971504153002,Dubai,Dubai,Bronze,true,2024-08-09,2025-01-01T00:00:00
C00199,Noura,Al Ketbi,noura.alketbi199@example.com,+971509480665,Sharjah,Sharjah,Silver,true,2023-03-01,2025-01-01T00:00:00
C02194,Chloe,Al Ketbi,chloe.alketbi2194@example.com,+971509626559,Sharjah,Sharjah,Bronze,true,2020-03-31,2025-01-01T00:00:00
C00937,Mohammed,Brown,mohammed.brown937@example.com,+971507961478,Abu Dhabi,Abu Dhabi,Gold,true,2024-10-31,2025-01-01T00:00:00
C02254,Chloe,Saleh,chloe.saleh2254@example.com,+971507886381,Abu Dhabi,Abu Dhabi,Bronze,true,2024-02-25,2025-01-01T00:00:00
C00227,Karim,Sharma,karim.sharma227@example.com,+971503533857,Dubai,Dubai,Bronze,true,2020-10-08,2025-01-01T00:00:00
C01919,Sana,Smith,sana.smith1919@example.com,+971509079852,Abu Dhabi,Abu Dhabi,Bronze,false,2024-04-26,2025-01-01T00:00:00
C00002,Mariam,Iyer,mariam.iyer2@example.com,+971501873851,Dubai,Dubai,Bronze,true,2021-05-31,2025-01-01T00:00:00
C01869,Zainab,Reyes,zainab.reyes1869@example.com,+971503827659,Abu Dhabi,Abu Dhabi,Gold,false,2021-07-05,2025-01-01T00:00:00
C00420,Hassan,Farouk,hassan.farouk420@example.com,+971507371160,Dubai,Dubai,Silver,false,2024-07-01,2025-01-01T00:00:00
C02465,Rania,Mansour,rania.mansour2465@example.com,+971504007253,Sharjah,Sharjah,Bronze,true,2022-01-29,2025-01-01T00:00:00
C01252,Karim,Farouk,karim.farouk1252@example.com,+971504016651,Sharjah,Sharjah,Bronze,true,2021-10-04,2025-01-01T00:00:00
C00361,James,Al Falasi,james.alfalasi361@example.com,+971507668395,Dubai,Dubai,Bronze,false,2020-06-16,2025-01-01T00:00:00
C02437,Rashid,Fernandes,rashid.fernandes2437@example.com,+971502780575,Dubai,Dubai,Bronze,true,2020-10-17,2025-01-01T00:00:00
C01973,Ravi,Sheikh,ravi.sheikh1973@example.com,+971503970575,Dubai,Dubai,Silver,true,2020-08-14,2025-01-01T00:00:00
C00609,Hessa,Hussain,hessa.hussain609@example.com,+971509941610,Dubai,Dubai,Bronze,false,2024-04-26,2025-01-01T00:00:00
C00619,Karim,Al Ketbi,karim.alketbi619@example.com,+971508374490,Dubai,Dubai,Gold,false,2024-04-16,2025-01-01T00:00:00
C01767,Priya,Menon,priya.menon1767@example.com,+971501424190,Dubai,Dubai,Silver,false,2021-09-02,2025-01-01T00:00:00
C01637,Maria,Al Shamsi,maria.alshamsi1637@example.com,+971502653843,Al Ain,Abu Dhabi,Bronze,false,2023-09-29,2025-01-01T00:00:00
C00592,Mariam,Al Falasi,mariam.alfalasi592@example.com,+971508105832,Abu Dhabi,Abu Dhabi,Bronze,true,2023-03-25,2025-01-01T00:00:00
C00446,Meera,Smith,meera.smith446@example.com,+971501902651,Fujairah,Fujairah,Silver,true,2024-06-02,2025-01-01T00:00:00
C02087,Rodel,Al Suwaidi,rodel.alsuwaidi2087@example.com,+971504437937,Abu Dhabi,Abu Dhabi,Silver,true,2020-08-10,2025-01-01T00:00:00
C02407,Layla,Brown,layla.brown2407@example.com,+971501371212,Dubai,Dubai,Silver,false,2020-06-10,2025-01-01T00:00:00
C00096,Layla,Khan,layla.khan96@example.com,+971504860617,Al Ain,Abu Dhabi,Silver,false,2022-05-31,2025-01-01T00:00:00
C02251,Yasmin,Khan,yasmin.khan2251@example.com,+971505360488,Dubai,Dubai,Bronze,true,2023-12-23,2025-01-01T00:00:00
C00979,Fatima,Pillai,fatima.pillai979@example.com,+971501062026,Dubai,Dubai,Silver,true,2022-07-19,2025-01-01T00:00:00
C01886,Yousef,Garcia,yousef.garcia1886@example.com,+971503387655,Abu Dhabi,Abu Dhabi,Gold,false,2024-03-14,2025-01-01T00:00:00
C01116,Saeed,Santos,saeed.santos1116@example.com,+971507327627,Dubai,Dubai,Bronze,true,2020-10-26,2025-01-01T00:00:00
C02014,Tariq,Al Ketbi,tariq.alketbi2014@example.com,+971505383639,Dubai,Dubai,Bronze,false,2020-03-31,2025-01-01T00:00:00
C01370,Reem,Khan,reem.khan1370@example.com,+971505709366,Ras Al Khaimah,Ras Al Khaimah,Bronze,true,2024-03-07,2025-01-01T00:00:00
C01354,Yousef,Saleh,yousef.saleh1354@example.com,+971503311404,Sharjah,Sharjah,Bronze,false,2023-11-25,2025-01-01T00:00:00
C00425,James,Pillai,james.pillai425@example.com,+971502256030,Ajman,Ajman,Bronze,true,2024-10-04,2025-01-01T00:00:00
C01433,Priya,Iyer,priya.iyer1433@example.com,+971508206394,Dubai,Dubai,Bronze,true,2020-07-23,2025-01-01T00:00:00
C01292,Jose,Khoury,jose.khoury1292@example.com,+971505500772,Dubai,Dubai,Bronze,false,2022-04-08,2025-01-01T00:00:00
C02203,Salma,Nair,salma.nair2203@example.com,+971503627051,Abu Dhabi,Abu Dhabi,Gold,false,2024-07-03,2025-01-01T00:00:00
C00052,Zainab,Saleh,zainab.saleh52@example.com,+971509911492,Dubai,Dubai,Silver,false,2022-01-04,2025-01-01T00:00:00
C01946,Salma,Al Zaabi,salma.alzaabi1946@example.com,+971504804253,Umm Al Quwain,Umm Al Quwain,Silver,true,2022-09-17,2025-01-01T00:00:00
C01673,Hessa,Farouk,hessa.farouk1673@example.com,+971501650524,Dubai,Dubai,Silver,true,2022-11-05,2025-01-01T00:00:00
C01596,Angela,Khoury,angela.khoury1596@example.com,+971502678829,Fujairah,Fujairah,Bronze,true,2022-02-17,2025-01-01T00:00:00
C00782,Salma,Pillai,salma.pillai782@example.com,+971503735175,Abu Dhabi,Abu Dhabi,Bronze,true,2022-02-02,2025-01-01T00:00:00
C02042,Ravi,Al Falasi,ravi.alfalasi2042@example.com,+971507971116,Fujairah,Fujairah,Gold,false,2024-02-02,2025-01-01T00:00:00
C00276,Zainab,Al Shamsi,zainab.alshamsi276@example.com,+971508404902,Sharjah,Sharjah,Platinum,true,2023-01-17,2025-01-01T00:00:00
C00219,Anjali,Al Mansoori,anjali.almansoori219@example.com,+971504188068,Dubai,Dubai,Silver,false,2021-11-12,2025-01-01T00:00:00
C01570,Zainab,Al Nuaimi,zainab.alnuaimi1570@example.com,+971507415713,Dubai,Dubai,Silver,false,2021-08-26,2025-01-01T00:00:00
C01792,Omar,Santos,omar.santos1792@example.com,+971501375717,Abu Dhabi,Abu Dhabi,Silver,false,2022-02-02,2025-01-01T00:00:00
C01506,Fatima,Al Falasi,fatima.alfalasi1506@example.com,+971501614253,Dubai,Dubai,Bronze,true,2023-07-26,2025-01-01T00:00:00
C01623,Ravi,Haddad,ravi.haddad1623@example.com,+971508067639,Ras Al Khaimah,Ras Al Khaimah,Bronze,true,2022-03-31,2025-01-01T00:00:00
C02379,Shamma,Khan,shamma.khan2379@example.com,+971509806371,Ras Al Khaimah,Ras Al Khaimah,Bronze,false,2023-09-03,2025-01-01T00:00:00
C01491,Chloe,Khoury,chloe.khoury1491@example.com,+971508923978,Sharjah,Sharjah,Gold,false,2022-08-22,2025-01-01T00:00:00
C02090,Vikram,Cruz,vikram.cruz2090@example.com,+971501825174,Dubai,Dubai,Gold,true,2020-06-01,2025-01-01T00:00:00
C01025,Arjun,Sheikh,arjun.sheikh1025@example.com,+971503985341,Abu Dhabi,Abu Dhabi,Silver,false,2023-10-19,2025-01-01T00:00:00
C01027,Tariq,Al Mansoori,tariq.almansoori1027@example.com,+971507331646,Dubai,Dubai,Gold,true,2020-04-17,2025-01-01T00:00:00
C02236,Dina,Al Zaabi,dina.alzaabi2236@example.com,+971502239048,Dubai,Dubai,Platinum,true,2020-02-15,2025-01-01T00:00:00
C00914,Sana,Haddad,sana.haddad914@example.com,+971503114023,Sharjah,Sharjah,Bronze,true,2023-01-05,2025-01-01T00:00:00
C00900,Salma,Al Shamsi,salma.alshamsi900@example.com,+971505487758,Sharjah,Sharjah,Gold,false,2021-12-28,2025-01-01T00:00:00
C01363,Fatima,Patel,fatima.patel1363@example.com,+971508612879,Sharjah,Sharjah,Bronze,false,2020-10-17,2025-01-01T00:00:00
C01692,Noura,Al Falasi,noura.alfalasi1692@example.com,+971509196287,Dubai,Dubai,Bronze,true,2023-07-29,2025-01-01T00:00:00
C02306,Emma,Al Zaabi,emma.alzaabi2306@example.com,+971507224275,Dubai,Dubai,Bronze,true,2023-08-05,2025-01-01T00:00:00
C00877,Saeed,Sheikh,saeed.sheikh877@example.com,+971509846268,Ras Al Khaimah,Ras Al Khaimah,Bronze,true,2023-10-17,2025-01-01T00:00:00
C00929,Fatima,Nasser,fatima.nasser929@example.com,+971506195935,Al Ain,Abu Dhabi,Bronze,true,2024-11-17,2025-01-01T00:00:00
C01735,Reem,Al Zaabi,reem.alzaabi1735@example.com,+971502089834,Dubai,Dubai,Silver,true,2020-08-07,2025-01-01T00:00:00
C02444,Ravi,Khoury,ravi.khoury2444@example.com,+971508944457,Dubai,Dubai,Bronze,true,2024-05-25,2025-01-01T00:00:00
C00236,Layla,Smith,layla.smith236@example.com,+971504475536,Dubai,Dubai,Silver,false,2020-03-08,2025-01-01T00:00:00
C02128,Imran,Nair,imran.nair2128@example.com,+971503911009,Dubai,Dubai,Silver,true,2024-08-21,2025-01-01T00:00:00
C00694,Sana,Santos,sana.santos694@example.com,+971502648810,Dubai,Dubai,Silver,true,2021-07-12,2025-01-01T00:00:00
C01768,Zainab,Mansour,zainab.mansour1768@example.com,+971503476564,Sharjah,Sharjah,Silver,true,2020-06-10,2025-01-01T00:00:00
C00810,Hassan,Pillai,hassan.pillai810@example.com,+971508882244,Abu Dhabi,Abu Dhabi,Silver,true,2020-08-12,2025-01-01T00:00:00
C02078,Aisha,Al Zaabi,aisha.alzaabi2078@example.com,+971501939293,Dubai,Dubai,Bronze,false,2020-02-22,2025-01-01T00:00:00
C01814,Farhan,Garcia,farhan.garcia1814@example.com,+971507290045,Dubai,Dubai,Bronze,true,2020-01-22,2025-01-01T00:00:00
C02526,Yasmin,Al Suwaidi,yasmin.alsuwaidi2526@example.com,+971503547452,Dubai,Dubai,Gold,true,2024-08-04,2025-01-01T00:00:00
C01241,Sophie,Smith,sophie.smith1241@example.com,+971508214533,Dubai,Dubai,Silver,true,2022-02-05,2025-01-01T00:00:00
C00861,Priya,Reyes,priya.reyes861@example.com,+971508311097,Abu Dhabi,Abu Dhabi,Bronze,false,2024-11-30,2025-01-01T00:00:00
C01719,Aisha,Brown,aisha.brown1719@example.com,+971506256199,Ajman,Ajman,Bronze,true,2024-11-15,2025-01-01T00:00:00
C01706,Dina,Reyes,dina.reyes1706@example.com,+971508633369,Dubai,Dubai,Gold,true,2022-10-01,2025-01-01T00:00:00
C01690,Maria,Santos,maria.santos1690@example.com,+971504179223,Ajman,Ajman,Bronze,true,2022-04-27,2025-01-01T00:00:00
C01950,Chloe,Brown,chloe.brown1950@example.com,+971501544925,Dubai,Dubai,Bronze,true,2023-02-07,2025-01-01T00:00:00
C01769,Grace,Smith,grace.smith1769@example.com,+971505589441,Dubai,Dubai,Bronze,false,2023-05-01,2025-01-01T00:00:00
C01275,Lucas,Al Mansoori,lucas.almansoori1275@example.com,+971501880652,Ras Al Khaimah,Ras Al Khaimah,Gold,true,2024-07-29,2025-01-01T00:00:00
C01707,Zainab,Sharma,zainab.sharma1707@example.com,+971503925160,Dubai,Dubai,Platinum,false,2023-01-03,2025-01-01T00:00:00
C01197,Rodel,Reyes,rodel.reyes1197@example.com,+971509420022,Ras Al Khaimah,Ras Al Khaimah,Silver,true,2024-11-28,2025-01-01T00:00:00
C01546,Sophie,Khoury,sophie.khoury1546@example.com,+971503859007,Abu Dhabi,Abu Dhabi,Silver,true,2024-11-17,2025-01-01T00:00:00
C02089,Yousef,Mansour,yousef.mansour2089@example.com,+971506787556,Abu Dhabi,Abu Dhabi,Bronze,true,2021-10-12,2025-01-01T00:00:00
C00761,Lucas,Hussain,lucas.hussain761@example.com,+971503038264,Abu Dhabi,Abu Dhabi,Bronze,true,2022-07-07,2025-01-01T00:00:00
C01084,Maria,Saleh,maria.saleh1084@example.com,+971507124083,Dubai,Dubai,Bronze,true,2024-09-30,2025-01-01T00:00:00
C00014,Ali,Patel,ali.patel14@example.com,+971509234615,Sharjah,Sharjah,Silver,true,2023-02-11,2025-01-01T00:00:00
C00940,Ayesha,Al Ketbi,ayesha.alketbi940@example.com,+971502656653,Dubai,Dubai,Bronze,false,2020-02-25,2025-01-01T00:00:00
C02385,Khalid,Sharma,khalid.sharma2385@example.com,+971502191814,Dubai,Dubai,Silver,false,2023-04-12,2025-01-01T00:00:00
C00370,Ahmed,D'Souza,ahmed.dsouza370@example.com,+971502887752,Sharjah,Sharjah,Bronze,true,2022-07-27,2025-01-01T00:00:00
C00214,Sophie,Smith,sophie.smith214@example.com,+971507849452,Sharjah,Sharjah,Bronze,true,2024-05-28,2025-01-01T00:00:00
C01511,Hamdan,Reyes,hamdan.reyes1511@example.com,+971509624152,Umm Al Quwain,Umm Al Quwain,Silver,true,2020-08-26,2025-01-01T00:00:00
C01243,Layla,Khoury,layla.khoury1243@example.com,+971509678469,Ras Al Khaimah,Ras Al Khaimah,Bronze,true,2024-01-31,2025-01-01T00:00:00
C01092,Jose,Khoury,jose.khoury1092@example.com,+971505748621,Dubai,Dubai,Silver,true,2024-03-31,2025-01-01T00:00:00
C00057,Khalid,Patel,khalid.patel57@example.com,+971507022335,Al Ain,Abu Dhabi,Bronze,false,2022-09-16,2025-01-01T00:00:00
C01887,Emma,Khoury,emma.khoury1887@example.com,+971508804839,Abu Dhabi,Abu Dhabi,Gold,true,2021-06-01,2025-01-01T00:00:00
C01870,Sophie,Nair,sophie.nair1870@example.com,+971507399569,Ajman,Ajman,Bronze,true,2023-05-11,2025-01-01T00:00:00
C00551,Yousef,Farouk,yousef.farouk551@example.com,+971504905912,Sharjah,Sharjah,Bronze,true,2021-07-05,2025-01-01T00:00:00
C02502,Grace,Sheikh,grace.sheikh2502@example.com,+971508871214,Sharjah,Sharjah,Bronze,false,2023-01-04,2025-01-01T00:00:00
C00889,Grace,Patel,grace.patel889@example.com,+971507572195,Dubai,Dubai,Bronze,true,2024-10-26,2025-01-01T00:00:00
C01466,Yousef,Al Suwaidi,yousef.alsuwaidi1466@example.com,+971503003648,Abu Dhabi,Abu Dhabi,Bronze,false,2024-10-08,2025-01-01T00:00:00
C00936,Rania,Farouk,rania.farouk936@example.com,+971509951380,Dubai,Dubai,Bronze,true,2024-12-22,2025-01-01T00:00:00
C01350,Dina,Al Shamsi,dina.alshamsi1350@example.com,+971502187207,Dubai,Dubai,Silver,true,2023-02-28,2025-01-01T00:00:00
C01675,Hessa,Brown,hessa.brown1675@example.com,+971507523750,Ras Al Khaimah,Ras Al Khaimah,Gold,false,2023-05-20,2025-01-01T00:00:00
C00104,Meera,Smith,meera.smith104@example.com,+971506303930,Ajman,Ajman,Bronze,true,2022-07-08,2025-01-01T00:00:00
C01593,Rania,Al Falasi,rania.alfalasi1593@example.com,+971503937636,Dubai,Dubai,Bronze,true,2022-02-18,2025-01-01T00:00:00
C02271,Arjun,Al Ketbi,arjun.alketbi2271@example.com,+971508201406,Dubai,Dubai,Bronze,true,2024-03-20,2025-01-01T00:00:00
C01450,Bilal,Al Mansoori,bilal.almansoori1450@example.com,+971505606698,Ras Al Khaimah,Ras Al Khaimah,Gold,false,2021-04-07,2025-01-01T00:00:00
C00266,Shamma,Menon,shamma.menon266@example.com,+971502049645,Dubai,Dubai,Silver,true,2023-12-14,2025-01-01T00:00:00
C01931,Imran,Sharma,imran.sharma1931@example.com,+971506037904,Al Ain,Abu Dhabi,Gold,false,2021-04-17,2025-01-01T00:00:00
C02133,Sophie,Wilson,sophie.wilson2133@example.com,+971503295958,Abu Dhabi,Abu Dhabi,Silver,false,2022-11-19,2025-01-01T00:00:00
C02348,Ayesha,Taylor,ayesha.taylor2348@example.com,+971504868819,Al Ain,Abu Dhabi,Silver,true,2021-12-25,2025-01-01T00:00:00
C01678,Hassan,D'Souza,hassan.dsouza1678@example.com,+971504371081,Abu Dhabi,Abu Dhabi,Bronze,true,2022-12-15,2025-01-01T00:00:00
C00378,Ayesha,Fernandes,ayesha.fernandes378@example.com,+971509796063,Al Ain,Abu Dhabi,Bronze,true,2021-09-29,2025-01-01T00:00:00
C00988,Fatima,Nair,fatima.nair988@example.com,+971505935567,Ajman,Ajman,Bronze,true,2021-05-15,2025-01-01T00:00:00
C00878,James,Garcia,james.garcia878@example.com,+971503143956,Dubai,Dubai,Gold,true,2024-06-29,2025-01-01T00:00:00
C00996,Mohammed,Qureshi,mohammed.qureshi996@example.com,+971505456445,Al Ain,Abu Dhabi,Bronze,false,2022-02-22,2025-01-01T00:00:00
C01328,Rania,Pillai,rania.pillai1328@example.com,+971505616776,Dubai,Dubai,Bronze,false,2020-07-23,2025-01-01T00:00:00
C00628,Dina,Reyes,dina.reyes628@example.com,+971509348805,Dubai,Dubai,Bronze,true,2020-01-08,2025-01-01T00:00:00
C02103,Hassan,Sheikh,hassan.sheikh2103@example.com,+971509771756,Sharjah,Sharjah,Bronze,true,2022-04-09,2025-01-01T00:00:00
C01046,Hamdan,Santos,hamdan.santos1046@example.com,+971509072704,Ajman,Ajman,Platinum,true,2023-07-25,2025-01-01T00:00:00
C02062,Maria,Patel,maria.patel2062@example.com,+971502727113,Dubai,Dubai,Bronze,true,2023-04-01,2025-01-01T00:00:00
C00026,Ahmed,Nasser,ahmed.nasser26@example.com,+971508883823,Abu Dhabi,Abu Dhabi,Bronze,true,2020-11-16,2025-01-01T00:00:00
C01230,Farhan,Hussain,farhan.hussain1230@example.com,+971504626181,Abu Dhabi,Abu Dhabi,Bronze,true,2022-05-10,2025-01-01T00:00:00
C01940,Omar,Santos,omar.santos1940@example.com,+971502902045,Fujairah,Fujairah,Bronze,true,2021-05-05,2025-01-01T00:00:00
C00503,Saeed,Farouk,saeed.farouk503@example.com,+971503714471,Sharjah,Sharjah,Bronze,true,2024-03-11,2025-01-01T00:00:00
C02496,Salma,Reyes,salma.reyes2496@example.com,+971503862651,Sharjah,Sharjah,Bronze,true,2023-02-12,2025-01-01T00:00:00
C01858,Rashid,Haddad,rashid.haddad1858@example.com,+971501292604,Dubai,Dubai,Bronze,false,2021-03-26,2025-01-01T00:00:00
C00177,Dina,Iyer,dina.iyer177@example.com,+971502044906,Ajman,Ajman,Bronze,true,2024-05-06,2025-01-01T00:00:00
C01158,Lucas,Fernandes,lucas.fernandes1158@example.com,+971503776934,Umm Al Quwain,Umm Al Quwain,Silver,true,2023-11-03,2025-01-01T00:00:00
C01101,Oliver,Sharma,oliver.sharma1101@example.com,+971509044647,Dubai,Dubai,Silver,true,2023-10-01,2025-01-01T00:00:00
C01416,Anjali,Sharma,anjali.sharma1416@example.com,+971509137955,Ajman,Ajman,Silver,true,2021-01-03,2025-01-01T00:00:00
C02440,Reem,Iyer,reem.iyer2440@example.com,+971505104413,Ajman,Ajman,Gold,true,2022-03-08,2025-01-01T00:00:00
C02288,Yasmin,Sharma,yasmin.sharma2288@example.com,+971503730224,Al Ain,Abu Dhabi,Bronze,true,2023-02-14,2025-01-01T00:00:00
C00456,Priya,Cruz,priya.cruz456@example.com,+971509671603,Dubai,Dubai,Bronze,true,2022-03-01,2025-01-01T00:00:00
C00842,Rashid,Reyes,rashid.reyes842@example.com,+971506903169,Abu Dhabi,Abu Dhabi,Silver,false,2024-08-15,2025-01-01T00:00:00
C01305,Sana,Al Falasi,sana.alfalasi1305@example.com,+971508634097,Al Ain,Abu Dhabi,Platinum,false,2023-12-08,2025-01-01T00:00:00
C00249,Jose,Brown,jose.brown249@example.com,+971507373495,Ajman,Ajman,Bronze,true,2020-01-14,2025-01-01T00:00:00
C02319,Oliver,Hussain,oliver.hussain2319@example.com,+971506504576,Ras Al Khaimah,Ras Al Khaimah,Bronze,true,2020-12-29,2025-01-01T00:00:00
C02400,Ravi,Mansour,ravi.mansour2400@example.com,+971504131618,Umm Al Quwain,Umm Al Quwain,Silver,true,2024-01-14,2025-01-01T00:00:00
C00158,Lucas,Cruz,lucas.cruz158@example.com,+971506068298,Abu Dhabi,Abu Dhabi,Bronze,false,2023-07-08,2025-01-01T00:00:00
C01829,Omar,Al Suwaidi,omar.alsuwaidi1829@example.com,+971507000246,Dubai,Dubai,Bronze,false,2020-05-17,2025-01-01T00:00:00
C01906,Mark,Sheikh,mark.sheikh1906@example.com,+971501513307,Abu Dhabi,Abu Dhabi,Gold,true,2022-04-11,2025-01-01T00:00:00
C01679,Ravi,Saleh,ravi.saleh1679@example.com,+971507326133,Abu Dhabi,Abu Dhabi,Bronze,true,2021-02-09,2025-01-01T00:00:00
C01872,Hessa,Cruz,hessa.cruz1872@example.com,+971508313083,Dubai,Dubai,Gold,true,2022-07-16,2025-01-01T00:00:00
C00484,Omar,D'Souza,omar.dsouza484@example.com,+971504739628,Dubai,Dubai,Bronze,false,2023-08-31,2025-01-01T00:00:00
C01555,Rodel,Al Hashmi,rodel.alhashmi1555@example.com,+971501857027,Abu Dhabi,Abu Dhabi,Silver,true,2022-09-04,2025-01-01T00:00:00
C00347,Karim,Pillai,karim.pillai347@example.com,+971503922635,Al Ain,Abu Dhabi,Platinum,false,2022-06-13,2025-01-01T00:00:00
C01910,Farhan,Sheikh,farhan.sheikh1910@example.com,+971501035018,Umm Al Quwain,Umm Al Quwain,Bronze,true,2024-06-13,2025-01-01T00:00:00
C02529,Noura,D'Souza,noura.dsouza2529@example.com,+971501981259,Dubai,Dubai,Bronze,true,2023-04-08,2025-01-01T00:00:00
C01855,Khalid,Saleh,khalid.saleh1855@example.com,+971502004617,Dubai,Dubai,Bronze,false,2020-09-17,2025-01-01T00:00:00
C01620,Tariq,Sheikh,tariq.sheikh1620@example.com,+971509901345,Al Ain,Abu Dhabi,Bronze,true,2022-12-12,2025-01-01T00:00:00
C00202,Anjali,Al Nuaimi,anjali.alnuaimi202@example.com,+971501050591,Al Ain,Abu Dhabi,Bronze,true,2023-10-09,2025-01-01T00:00:00
C00006,Hassan,Haddad,hassan.haddad6@example.com,+971504327421,Abu Dhabi,Abu Dhabi,Silver,false,2021-09-30,2025-01-01T00:00:00
C00305,Hessa,Smith,hessa.smith305@example.com,+971502109227,Abu Dhabi,Abu Dhabi,Silver,false,2021-02-20,2025-01-01T00:00:00
C01752,Mohammed,Khoury,mohammed.khoury1752@example.com,+971505544781,Abu Dhabi,Abu Dhabi,Bronze,true,2020-07-13,2025-01-01T00:00:00
C00636,Sophie,Al Suwaidi,sophie.alsuwaidi636@example.com,+971505818203,Abu Dhabi,Abu Dhabi,Silver,true,2023-07-12,2025-01-01T00:00:00
C01118,Ravi,Santos,ravi.santos1118@example.com,+971501804690,Abu Dhabi,Abu Dhabi,Bronze,false,2023-03-17,2025-01-01T00:00:00
C01382,Rashid,Taylor,rashid.taylor1382@example.com,+971503517643,Dubai,Dubai,Bronze,true,2020-03-04,2025-01-01T00:00:00
C00124,James,Khan,james.khan124@example.com,+971508870361,Sharjah,Sharjah,Silver,false,2021-08-10,2025-01-01T00:00:00
C00769,Grace,Cruz,grace.cruz769@example.com,+971508110724,Dubai,Dubai,Bronze,true,2022-05-01,2025-01-01T00:00:00
C00576,Oliver,Brown,oliver.brown576@example.com,+971509957363,Al Ain,Abu Dhabi,Bronze,true,2022-04-02,2025-01-01T00:00:00
C00501,Jose,Menon,jose.menon501@example.com,+971509094465,Abu Dhabi,Abu Dhabi,Bronze,true,2023-10-25,2025-01-01T00:00:00
C01435,Jose,Taylor,jose.taylor1435@example.com,+971502817044,Sharjah,Sharjah,Bronze,false,2024-01-30,2025-01-01T00:00:00
C01749,Jose,Mansour,jose.mansour1749@example.com,+971508791214,Ajman,Ajman,Bronze,false,2024-06-18,2025-01-01T00:00:00
C00643,Yousef,Iyer,yousef.iyer643@example.com,+971508727886,Dubai,Dubai,Bronze,false,2023-08-15,2025-01-01T00:00:00
C00100,Rania,Khoury,rania.khoury100@example.com,+971507639863,Abu Dhabi,Abu Dhabi,Silver,true,2022-06-11,2025-01-01T00:00:00
C00147,Vikram,Wilson,vikram.wilson147@example.com,+971505871470,Sharjah,Sharjah,Gold,false,2021-10-16,2025-01-01T00:00:00
C02007,Olivia,Smith,olivia.smith2007@example.com,+971505635733,Abu Dhabi,Abu Dhabi,Bronze,false,2020-06-13,2025-01-01T00:00:00
C00915,Sophie,Brown,sophie.brown915@example.com,+971503684813,Sharjah,Sharjah,Bronze,false,2021-10-01,2025-01-01T00:00:00
C02439,Maria,Qureshi,maria.qureshi2439@example.com,+971506662878,Sharjah,Sharjah,Bronze,true,2020-04-27,2025-01-01T00:00:00
C01362,Sophie,Sharma,sophie.sharma1362@example.com,+971504536127,Dubai,Dubai,Bronze,false,2024-09-19,2025-01-01T00:00:00
C01126,Lucas,Al Falasi,lucas.alfalasi1126@example.com,+971504190758,Al Ain,Abu Dhabi,Bronze,true,2023-10-18,2025-01-01T00:00:00
C00499,Maria,Menon,maria.menon499@example.com,+971506299951,Sharjah,Sharjah,Bronze,true,2020-01-15,2025-01-01T00:00:00
C01474,Liam,Patel,liam.patel1474@example.com,+971504205892,Dubai,Dubai,Bronze,true,2024-12-01,2025-01-01T00:00:00
C00092,Arjun,Farouk,arjun.farouk92@example.com,+971509148051,Al Ain,Abu Dhabi,Bronze,true,2020-06-16,2025-01-01T00:00:00
C00198,Lucas,Menon,lucas.menon198@example.com,+971502373555,Sharjah,Sharjah,Bronze,true,2024-03-31,2025-01-01T00:00:00
C01035,Salma,Khan,salma.khan1035@example.com,+971506334600,Dubai,Dubai,Bronze,true,2023-10-20,2025-01-01T00:00:00
C01110,Shamma,Khan,shamma.khan1110@example.com,+971504624549,Al Ain,Abu Dhabi,Bronze,true,2021-09-05,2025-01-01T00:00:00
C01629,Sophie,Al Hashmi,sophie.alhashmi1629@example.com,+971508903903,Sharjah,Sharjah,Silver,true,2021-09-29,2025-01-01T00:00:00
C00492,Dina,Fernandes,dina.fernandes492@example.com,+971506749069,Dubai,Dubai,Silver,true,2021-01-07,2025-01-01T00:00:00
C02405,Hassan,Iyer,hassan.iyer2405@example.com,+971505544184,Umm Al Quwain,Umm Al Quwain,Bronze,false,2022-01-29,2025-01-01T00:00:00
C01935,Vikram,Cruz,vikram.cruz1935@example.com,+971504939850,Sharjah,Sharjah,Silver,true,2022-12-29,2025-01-01T00:00:00
C02267,Omar,Sheikh,omar.sheikh2267@example.com,+971503761930,Sharjah,Sharjah,Bronze,true,2022-05-20,2025-01-01T00:00:00
C01281,Rodel,Haddad,rodel.haddad1281@example.com,+971502753801,Dubai,Dubai,Bronze,true,2021-03-18,2025-01-01T00:00:00
C01569,Yousef,Mansour,yousef.mansour1569@example.com,+971501326813,Sharjah,Sharjah,Bronze,false,2023-08-15,2025-01-01T00:00:00
C00713,Grace,Al Nuaimi,grace.alnuaimi713@example.com,+971501940437,Dubai,Dubai,Silver,true,2024-09-04,2025-01-01T00:00:00
C01470,Fatima,Santos,fatima.santos1470@example.com,+971509480309,Abu Dhabi,Abu Dhabi,Bronze,false,2022-06-27,2025-01-01T00:00:00
C00941,Maria,Al Falasi,maria.alfalasi941@example.com,+971505020206,Dubai,Dubai,Bronze,false,2021-06-12,2025-01-01T00:00:00
C01403,Rashid,Cruz,rashid.cruz1403@example.com,+971505352496,Ras Al Khaimah,Ras Al Khaimah,Gold,false,2021-04-03,2025-01-01T00:00:00
C01509,Liam,Al Hashmi,liam.alhashmi1509@example.com,+971502321455,Abu Dhabi,Abu Dhabi,Gold,false,2023-06-01,2025-01-01T00:00:00
C00560,Mariam,Brown,mariam.brown560@example.com,+971502007511,Ras Al Khaimah,Ras Al Khaimah,Bronze,true,2022-10-20,2025-01-01T00:00:00
C02544,Shamma,Fernandes,shamma.fernandes2544@example.com,+971507465343,Al Ain,Abu Dhabi,Silver,false,2023-02-12,2025-01-01T00:00:00
C02366,Rashid,Saleh,rashid.saleh2366@example.com,+971507631049,Dubai,Dubai,Bronze,false,2020-06-28,2025-01-01T00:00:00
C02575,Ravi,Saleh,ravi.saleh2575@example.com,+971501868830,Al Ain,Abu Dhabi,Silver,false,2023-09-23,2025-01-01T00:00:00
C00558,Imran,Al Mansoori,imran.almansoori558@example.com,+971505632190,Dubai,Dubai,Bronze,true,2022-06-08,2025-01-01T00:00:00
C00098,Imran,Saleh,imran.saleh98@example.com,+971508007741,Abu Dhabi,Abu Dhabi,Bronze,true,2024-10-31,2025-01-01T00:00:00
C01866,Reem,Cruz,reem.cruz1866@example.com,+971507366014,Ras Al Khaimah,Ras Al Khaimah,Platinum,false,2021-07-15,2025-01-01T00:00:00
C01561,Layla,Pillai,layla.pillai1561@example.com,+971509548795,Dubai,Dubai,Bronze,true,2024-03-29,2025-01-01T00:00:00
C00097,Omar,Khoury,omar.khoury97@example.com,+971501709714,Ajman,Ajman,Bronze,false,2021-12-26,2025-01-01T00:00:00
C02412,Noura,Garcia,noura.garcia2412@example.com,+971506183258,Sharjah,Sharjah,Silver,true,2022-04-30,2025-01-01T00:00:00
C00927,Ravi,Pillai,ravi.pillai927@example.com,+971503396950,Dubai,Dubai,Silver,true,2021-09-13,2025-01-01T00:00:00
C00819,Hamdan,Pillai,hamdan.pillai819@example.com,+971502263679,Al Ain,Abu Dhabi,Bronze,true,2022-06-11,2025-01-01T00:00:00
C01031,Noura,Sharma,noura.sharma1031@example.com,+971506982358,Dubai,Dubai,Bronze,true,2022-05-26,2025-01-01T00:00:00
C00648,Sophie,Garcia,sophie.garcia648@example.com,+971507278297,Dubai,Dubai,Silver,false,2021-03-18,2025-01-01T00:00:00
C01218,Rodel,Mansour,rodel.mansour1218@example.com,+971508798939,Abu Dhabi,Abu Dhabi,Bronze,false,2021-12-15,2025-01-01T00:00:00
C02533,Liam,Khan,liam.khan2533@example.com,+971504024807,Dubai,Dubai,Silver,false,2022-06-10,2025-01-01T00:00:00
C00114,Sana,Pillai,sana.pillai114@example.com,+971503307963,Dubai,Dubai,Bronze,false,2021-03-14,2025-01-01T00:00:00
C01453,Sophie,Haddad,sophie.haddad1453@example.com,+971505651273,Dubai,Dubai,Bronze,true,2020-09-16,2025-01-01T00:00:00
C02417,Rodel,Reyes,rodel.reyes2417@example.com,+971509355981,Dubai,Dubai,Bronze,true,2024-06-21,2025-01-01T00:00:00
C00635,Angela,D'Souza,angela.dsouza635@example.com,+971504507293,Dubai,Dubai,Bronze,false,2022-12-15,2025-01-01T00:00:00
C02442,Vikram,Smith,vikram.smith2442@example.com,+971506115213,Dubai,Dubai,Silver,true,2022-09-21,2025-01-01T00:00:00
C00071,Zainab,Al Hashmi,zainab.alhashmi71@example.com,+971507162857,Umm Al Quwain,Umm Al Quwain,Bronze,true,2024-10-17,2025-01-01T00:00:00
C01256,Yousef,Sharma,yousef.sharma1256@example.com,+971503123664,Dubai,Dubai,Bronze,true,2021-11-01,2025-01-01T00:00:00
C01137,Bilal,Nair,bilal.nair1137@example.com,+971505779824,Dubai,Dubai,Bronze,true,2020-01-12,2025-01-01T00:00:00
C01903,Priya,Al Hashmi,priya.alhashmi1903@example.com,+971504751808,Sharjah,Sharjah,Gold,true,2024-11-02,2025-01-01T00:00:00
C01148,Anjali,Al Falasi,anjali.alfalasi1148@example.com,+971505706947,Dubai,Dubai,Silver,true,2020-04-15,2025-01-01T00:00:00
C01863,Meera,Pillai,meera.pillai1863@example.com,+971509790177,Abu Dhabi,Abu Dhabi,Bronze,true,2021-02-24,2025-01-01T00:00:00
C01067,Aisha,Santos,aisha.santos1067@example.com,+971501121243,Sharjah,Sharjah,Bronze,true,2020-01-20,2025-01-01T00:00:00
C00773,Anjali,Garcia,anjali.garcia773@example.com,+971508775431,Abu Dhabi,Abu Dhabi,Bronze,true,2024-08-19,2025-01-01T00:00:00
C01324,Reem,Menon,reem.menon1324@example.com,+971501413665,Dubai,Dubai,Bronze,false,2020-07-17,2025-01-01T00:00:00
C02520,Tariq,Khan,tariq.khan2520@example.com,+971507188870,Dubai,Dubai,Bronze,true,2024-07-15,2025-01-01T00:00:00
C00013,Arjun,Al Mansoori,arjun.almansoori13@example.com,+971504205394,Abu Dhabi,Abu Dhabi,Bronze,true,2024-12-07,2025-01-01T00:00:00
C00364,Mariam,Wilson,mariam.wilson364@example.com,+971507945543,Sharjah,Sharjah,Silver,false,2020-07-17,2025-01-01T00:00:00
C00022,Hassan,Al Ketbi,hassan.alketbi22@example.com,+971506097514,Dubai,Dubai,Platinum,true,2020-05-31,2025-01-01T00:00:00
C01721,Anjali,Al Hashmi,anjali.alhashmi1721@example.com,+971503681207,Sharjah,Sharjah,Bronze,true,2021-08-16,2025-01-01T00:00:00
C01660,Arjun,Reyes,arjun.reyes1660@example.com,+971501462664,Fujairah,Fujairah,Bronze,false,2024-01-12,2025-01-01T00:00:00
C02196,Mark,D'Souza,mark.dsouza2196@example.com,+971501220268,Dubai,Dubai,Silver,false,2020-11-27,2025-01-01T00:00:00
C02386,Angela,Al Zaabi,angela.alzaabi2386@example.com,+971507343802,Al Ain,Abu Dhabi,Bronze,false,2020-07-02,2025-01-01T00:00:00
C02516,Salma,Fernandes,salma.fernandes2516@example.com,+971502197414,Sharjah,Sharjah,Bronze,false,2022-02-12,2025-01-01T00:00:00
C02155,Hassan,Menon,hassan.menon2155@example.com,+971503872134,Sharjah,Sharjah,Silver,false,2023-03-26,2025-01-01T00:00:00
C00765,Tariq,Nair,tariq.nair765@example.com,+971504726955,Abu Dhabi,Abu Dhabi,Bronze,true,2020-04-22,2025-01-01T00:00:00
C01697,Fatima,Fernandes,fatima.fernandes1697@example.com,+971504170380,Sharjah,Sharjah,Silver,true,2024-04-24,2025-01-01T00:00:00
C01268,Noura,Farouk,noura.farouk1268@example.com,+971506484048,Dubai,Dubai,Bronze,true,2020-09-01,2025-01-01T00:00:00
C01219,Salma,Saleh,salma.saleh1219@example.com,+971506515017,Dubai,Dubai,Bronze,false,2022-03-23,2025-01-01T00:00:00
C00710,Yasmin,Nair,yasmin.nair710@example.com,+971501659867,Dubai,Dubai,Silver,true,2021-08-16,2025-01-01T00:00:00
C00599,Arjun,Al Ketbi,arjun.alketbi599@example.com,+971501139824,Abu Dhabi,Abu Dhabi,Bronze,true,2023-06-19,2025-01-01T00:00:00
C02040,Mohammed,Al Hashmi,mohammed.alhashmi2040@example.com,+971507962925,Dubai,Dubai,Bronze,false,2024-07-18,2025-01-01T00:00:00
C01636,Mark,Santos,mark.santos1636@example.com,+971509184965,Dubai,Dubai,Silver,false,2023-04-25,2025-01-01T00:00:00
C02536,Hassan,Al Falasi,hassan.alfalasi2536@example.com,+971508491253,Dubai,Dubai,Gold,true,2024-12-07,2025-01-01T00:00:00
C02351,Fatima,Fernandes,fatima.fernandes2351@example.com,+971505768275,Abu Dhabi,Abu Dhabi,Bronze,true,2022-05-27,2025-01-01T00:00:00
C01996,Fatima,Qureshi,fatima.qureshi1996@example.com,+971508052414,Sharjah,Sharjah,Bronze,true,2022-02-06,2025-01-01T00:00:00
C01398,Layla,Fernandes,layla.fernandes1398@example.com,+971501130589,Dubai,Dubai,Silver,true,2024-02-11,2025-01-01T00:00:00
C01643,Rashid,Menon,rashid.menon1643@example.com,+971506400269,Al Ain,Abu Dhabi,Bronze,true,2024-04-23,2025-01-01T00:00:00
C02490,Sana,Hussain,sana.hussain2490@example.com,+971503239365,Dubai,Dubai,Silver,true,2024-03-19,2025-01-01T00:00:00
C00281,Arjun,Fernandes,arjun.fernandes281@example.com,+971502597613,Umm Al Quwain,Umm Al Quwain,Platinum,false,2023-03-18,2025-01-01T00:00:00
C00736,Dina,Hussain,dina.hussain736@example.com,+971504853765,Abu Dhabi,Abu Dhabi,Bronze,true,2023-07-30,2025-01-01T00:00:00
C00056,Anjali,Saleh,anjali.saleh56@example.com,+971508664433,Sharjah,Sharjah,Bronze,true,2023-04-18,2025-01-01T00:00:00
C02246,Dina,Patel,dina.patel2246@example.com,+971507640884,Sharjah,Sharjah,Bronze,true,2023-01-07,2025-01-01T00:00:00
C02596,Farhan,Nair,farhan.nair2596@example.com,+971509743708,Dubai,Dubai,Bronze,true,2020-05-20,2025-01-01T00:00:00
C00892,Arjun,Nasser,arjun.nasser892@example.com,+971502961940,Ajman,Ajman,Silver,false,2020-05-10,2025-01-01T00:00:00
C01736,Omar,Al Mansoori,omar.almansoori1736@example.com,+971506723292,Sharjah,Sharjah,Bronze,false,2020-06-27,2025-01-01T00:00:00
C01566,Tariq,Nasser,tariq.nasser1566@example.com,+971505519499,Sharjah,Sharjah,Gold,true,2023-08-31,2025-01-01T00:00:00
C00447,Salma,Farouk,salma.farouk447@example.com,+971507169672,Sharjah,Sharjah,Silver,false,2024-11-14,2025-01-01T00:00:00
C00907,Saeed,Khan,saeed.khan907@example.com,+971507935859,Sharjah,Sharjah,Gold,false,2024-05-31,2025-01-01T00:00:00
C00660,Rodel,Al Hashmi,rodel.alhashmi660@example.com,+971508808058,Abu Dhabi,Abu Dhabi,Bronze,true,2023-12-01,2025-01-01T00:00:00
C02234,Salma,Sharma,salma.sharma2234@example.com,+971507713076,Dubai,Dubai,Silver,false,2024-06-04,2025-01-01T00:00:00
C01822,Hassan,Haddad,hassan.haddad1822@example.com,+971509986932,Sharjah,Sharjah,Bronze,true,2023-11-28,2025-01-01T00:00:00
C00814,Angela,Wilson,angela.wilson814@example.com,+971505097480,Dubai,Dubai,Bronze,true,2022-01-01,2025-01-01T00:00:00
C02343,Arjun,Al Suwaidi,arjun.alsuwaidi2343@example.com,+971501010905,Sharjah,Sharjah,Silver,true,2021-10-07,2025-01-01T00:00:00
C01127,Olivia,Wilson,olivia.wilson1127@example.com,+971509860239,Dubai,Dubai,Silver,false,2022-12-30,2025-01-01T00:00:00
C01216,Fatima,Al Ketbi,fatima.alketbi1216@example.com,+971505107344,Sharjah,Sharjah,Bronze,true,2023-10-29,2025-01-01T00:00:00
C00201,Aisha,Mansour,aisha.mansour201@example.com,+971507969667,Dubai,Dubai,Silver,true,2024-07-14,2025-01-01T00:00:00
C00321,Mariam,Al Hashmi,mariam.alhashmi321@example.com,+971507616116,Abu Dhabi,Abu Dhabi,Silver,true,2024-03-11,2025-01-01T00:00:00
C00319,Olivia,Garcia,olivia.garcia319@example.com,+971509888812,Dubai,Dubai,Bronze,false,2024-10-04,2025-01-01T00:00:00
C01621,Saeed,D'Souza,saeed.dsouza1621@example.com,+971503663379,Dubai,Dubai,Silver,false,2023-01-09,2025-01-01T00:00:00
C01915,Fatima,Khoury,fatima.khoury1915@example.com,+971503731440,Ajman,Ajman,Silver,true,2021-08-04,2025-01-01T00:00:00
C02179,Anjali,D'Souza,anjali.dsouza2179@example.com,+971505731929,Dubai,Dubai,Bronze,true,2024-07-19,2025-01-01T00:00:00
C01032,Ahmed,Haddad,ahmed.haddad1032@example.com,+971504692601,Dubai,Dubai,Silver,true,2021-10-09,2025-01-01T00:00:00
C00110,Angela,Brown,angela.brown110@example.com,+971501878547,Al Ain,Abu Dhabi,Silver,true,2022-03-04,2025-01-01T00:00:00
C02518,Angela,Sharma,angela.sharma2518@example.com,+971508589182,Dubai,Dubai,Bronze,false,2021-10-10,2025-01-01T00:00:00
C01259,Anjali,Hussain,anjali.hussain1259@example.com,+971509184459,Sharjah,Sharjah,Gold,true,2023-04-18,2025-01-01T00:00:00
C01404,Khalid,Menon,khalid.menon1404@example.com,+971509534539,Abu Dhabi,Abu Dhabi,Bronze,false,2020-10-15,2025-01-01T00:00:00
C00290,Yasmin,Taylor,yasmin.taylor290@example.com,+971507238503,Dubai,Dubai,Bronze,false,2020-07-10,2025-01-01T00:00:00
C00876,Layla,Saleh,layla.saleh876@example.com,+971502559399,Abu Dhabi,Abu Dhabi,Bronze,false,2023-06-11,2025-01-01T00:00:00
C01748,Saeed,Hussain,saeed.hussain1748@example.com,+971506920595,Dubai,Dubai,Bronze,true,2021-01-24,2025-01-01T00:00:00
C01043,Omar,Nair,omar.nair1043@example.com,+971503374513,Dubai,Dubai,Bronze,true,2022-10-03,2025-01-01T00:00:00
C02035,Khalid,Al Suwaidi,khalid.alsuwaidi2035@example.com,+971508629336,Dubai,Dubai,Silver,false,2024-07-08,2025-01-01T00:00:00
C02541,Layla,Santos,layla.santos2541@example.com,+971509882867,Dubai,Dubai,Bronze,true,2024-07-16,2025-01-01T00:00:00
C00926,Zainab,Cruz,zainab.cruz926@example.com,+971503572022,Dubai,Dubai,Bronze,false,2020-09-04,2025-01-01T00:00:00
C00132,Yasmin,Qureshi,yasmin.qureshi132@example.com,+971508795078,Ajman,Ajman,Silver,false,2024-07-24,2025-01-01T00:00:00
C00696,Chloe,Al Mansoori,chloe.almansoori696@example.com,+971502140044,Abu Dhabi,Abu Dhabi,Bronze,true,2021-10-03,2025-01-01T00:00:00
C00799,Khalid,Khoury,khalid.khoury799@example.com,+971502426162,Abu Dhabi,Abu Dhabi,Bronze,true,2023-10-08,2025-01-01T00:00:00
C00260,Rania,Fernandes,rania.fernandes260@example.com,+971501412092,Dubai,Dubai,Bronze,true,2023-10-23,2025-01-01T00:00:00
C02250,Meera,Al Ketbi,meera.alketbi2250@example.com,+971507625083,Dubai,Dubai,Bronze,true,2022-05-15,2025-01-01T00:00:00
C02132,Aisha,Khan,aisha.khan2132@example.com,+971501112852,Sharjah,Sharjah,Bronze,true,2023-02-23,2025-01-01T00:00:00
C01379,Grace,Al Falasi,grace.alfalasi1379@example.com,+971504975843,Abu Dhabi,Abu Dhabi,Bronze,true,2022-11-04,2025-01-01T00:00:00
C00235,Hassan,Iyer,hassan.iyer235@example.com,+971502247353,Dubai,Dubai,Gold,true,2024-12-22,2025-01-01T00:00:00
C02521,Imran,Nasser,imran.nasser2521@example.com,+971503544009,Dubai,Dubai,Bronze,false,2020-05-26,2025-01-01T00:00:00
C01400,Hassan,D'Souza,hassan.dsouza1400@example.com,+971509526649,Ras Al Khaimah,Ras Al Khaimah,Bronze,true,2020-04-08,2025-01-01T00:00:00
C02184,Mohammed,Al Hashmi,mohammed.alhashmi2184@example.com,+971508612398,Dubai,Dubai,Bronze,true,2022-10-13,2025-01-01T00:00:00
C01966,Rania,Al Falasi,rania.alfalasi1966@example.com,+971505173838,Fujairah,Fujairah,Silver,true,2023-08-05,2025-01-01T00:00:00
C02024,Vikram,Garcia,vikram.garcia2024@example.com,+971503660746,Abu Dhabi,Abu Dhabi,Bronze,true,2023-10-03,2025-01-01T00:00:00
C00657,James,Al Ketbi,james.alketbi657@example.com,+971501902612,Dubai,Dubai,Bronze,true,2020-02-29,2025-01-01T00:00:00
C01560,Sana,Santos,sana.santos1560@example.com,+971509439984,Abu Dhabi,Abu Dhabi,Silver,true,2021-05-24,2025-01-01T00:00:00
C01316,Oliver,Wilson,oliver.wilson1316@example.com,+971508175098,Abu Dhabi,Abu Dhabi,Bronze,true,2021-10-03,2025-01-01T00:00:00
C01389,Zainab,Iyer,zainab.iyer1389@example.com,+971508532433,Abu Dhabi,Abu Dhabi,Bronze,false,2020-06-05,2025-01-01T00:00:00
C02286,Khalid,Santos,khalid.santos2286@example.com,+971503307375,Ajman,Ajman,Bronze,true,2022-09-08,2025-01-01T00:00:00
C01517,Sana,Brown,sana.brown1517@example.com,+971508455510,Dubai,Dubai,Bronze,false,2020-01-26,2025-01-01T00:00:00
C02117,Sophie,Khoury,sophie.khoury2117@example.com,+971507611347,Abu Dhabi,Abu Dhabi,Bronze,false,2021-01-08,2025-01-01T00:00:00
C02419,Grace,Mansour,grace.mansour2419@example.com,+971508213778,Abu Dhabi,Abu Dhabi,Silver,true,2021-03-31,2025-01-01T00:00:00
C01361,Aisha,Wilson,aisha.wilson1361@example.com,+971509157211,Ras Al Khaimah,Ras Al Khaimah,Bronze,false,2020-08-01,2025-01-01T00:00:00
C00322,Yousef,Patel,yousef.patel322@example.com,+971506284972,Dubai,Dubai,Silver,false,2023-09-18,2025-01-01T00:00:00
C01338,Ali,Nasser,ali.nasser1338@example.com,+971502038956,Ras Al Khaimah,Ras Al Khaimah,Bronze,false,2022-02-25,2025-01-01T00:00:00
C01804,Rashid,Al Shamsi,rashid.alshamsi1804@example.com,+971503433543,Dubai,Dubai,Bronze,false,2023-10-25,2025-01-01T00:00:00
C02578,Priya,Khan,priya.khan2578@example.com,+971501725880,Abu Dhabi,Abu Dhabi,Bronze,false,2021-09-12,2025-01-01T00:00:00
C00174,Rania,Sharma,rania.sharma174@example.com,+971509060593,Sharjah,Sharjah,Bronze,false,2024-05-08,2025-01-01T00:00:00
C00461,Hassan,Sharma,hassan.sharma461@example.com,+971507838943,Ras Al Khaimah,Ras Al Khaimah,Bronze,true,2020-05-24,2025-01-01T00:00:00
C00763,Ali,Sheikh,ali.sheikh763@example.com,+971508417300,Sharjah,Sharjah,Silver,false,2021-08-16,2025-01-01T00:00:00
C01260,Arjun,Smith,arjun.smith1260@example.com,+971507426442,Abu Dhabi,Abu Dhabi,Bronze,true,2024-03-10,2025-01-01T00:00:00
C02081,Arjun,Al Nuaimi,arjun.alnuaimi2081@example.com,+971508392872,Ras Al Khaimah,Ras Al Khaimah,Silver,true,2021-07-27,2025-01-01T00:00:00
C00510,Rania,Wilson,rania.wilson510@example.com,+971505639031,Dubai,Dubai,Silver,true,2023-02-19,2025-01-01T00:00:00
C00613,Mariam,Iyer,mariam.iyer613@example.com,+971508864546,Dubai,Dubai,Bronze,true,2022-01-05,2025-01-01T00:00:00
C02113,Fatima,Smith,fatima.smith2113@example.com,+971501010982,Sharjah,Sharjah,Silver,false,2024-03-15,2025-01-01T00:00:00
C00416,Fatima,Al Mansoori,fatima.almansoori416@example.com,+971503860721,Ajman,Ajman,Bronze,true,2024-04-01,2025-01-01T00:00:00
C01449,Khalid,Al Ketbi,khalid.alketbi1449@example.com,+971503624846,Abu Dhabi,Abu Dhabi,Bronze,true,2021-11-08,2025-01-01T00:00:00
C01068,Maria,D'Souza,maria.dsouza1068@example.com,+971505459984,Umm Al Quwain,Umm Al Quwain,Bronze,true,2020-01-15,2025-01-01T00:00:00
C00175,Maria,Sheikh,maria.sheikh175@example.com,+971505063384,Sharjah,Sharjah,Silver,false,2024-05-05,2025-01-01T00:00:00
C00398,Mariam,Pillai,mariam.pillai398@example.com,+971503966618,Dubai,Dubai,Silver,true,2024-05-14,2025-01-01T00:00:00
C00530,Karim,Al Hashmi,karim.alhashmi530@example.com,+971506614605,Abu Dhabi,Abu Dhabi,Bronze,true,2024-09-14,2025-01-01T00:00:00
C01805,Hassan,Khan,hassan.khan1805@example.com,+971504452965,Umm Al Quwain,Umm Al Quwain,Bronze,true,2020-11-22,2025-01-01T00:00:00
C00585,Salma,Al Ketbi,salma.alketbi585@example.com,+971506610127,Ras Al Khaimah,Ras Al Khaimah,Gold,true,2020-06-09,2025-01-01T00:00:00
C01533,Rodel,Patel,rodel.patel1533@example.com,+971508443265,Sharjah,Sharjah,Silver,false,2022-08-02,2025-01-01T00:00:00
C02570,Lucas,Patel,lucas.patel2570@example.com,+971508947817,Abu Dhabi,Abu Dhabi,Gold,false,2024-07-26,2025-01-01T00:00:00
C02399,Tariq,Haddad,tariq.haddad2399@example.com,+971504372441,Dubai,Dubai,Silver,false,2023-09-09,2025-01-01T00:00:00
C02208,Ayesha,Santos,ayesha.santos2208@example.com,+971506285611,Abu Dhabi,Abu Dhabi,Silver,false,2020-05-19,2025-01-01T00:00:00
C00679,Lucas,Taylor,lucas.taylor679@example.com,+971501635269,Dubai,Dubai,Silver,true,2022-04-21,2025-01-01T00:00:00
C01472,Mariam,Mansour,mariam.mansour1472@example.com,+971502519373,Dubai,Dubai,Silver,true,2023-11-27,2025-01-01T00:00:00
C01793,Hessa,Reyes,hessa.reyes1793@example.com,+971504433725,Abu Dhabi,Abu Dhabi,Gold,false,2021-09-10,2025-01-01T00:00:00
C00131,Liam,Al Hashmi,liam.alhashmi131@example.com,+971506578736,Sharjah,Sharjah,Bronze,true,2021-05-08,2025-01-01T00:00:00
C01249,Karim,Al Hashmi,karim.alhashmi1249@example.com,+971503058301,Dubai,Dubai,Bronze,true,2020-02-17,2025-01-01T00:00:00
C02191,Zainab,Khoury,zainab.khoury2191@example.com,+971508574470,Fujairah,Fujairah,Bronze,false,2023-06-15,2025-01-01T00:00:00
C01737,Rodel,Brown,rodel.brown1737@example.com,+971502775578,Sharjah,Sharjah,Bronze,true,2024-11-19,2025-01-01T00:00:00
C00956,Anjali,Sharma,anjali.sharma956@example.com,+971509284734,Dubai,Dubai,Bronze,true,2023-07-04,2025-01-01T00:00:00
C00776,Zainab,Iyer,zainab.iyer776@example.com,+971505327037,Al Ain,Abu Dhabi,Silver,false,2024-03-06,2025-01-01T00:00:00
C00905,Ahmed,Patel,ahmed.patel905@example.com,+971508946752,Ajman,Ajman,Bronze,true,2024-04-23,2025-01-01T00:00:00
C00760,Priya,Taylor,priya.taylor760@example.com,+971501581986,Dubai,Dubai,Platinum,true,2022-06-21,2025-01-01T00:00:00
C00741,Angela,Menon,angela.menon741@example.com,+971505962539,Dubai,Dubai,Silver,true,2024-02-07,2025-01-01T00:00:00
C00966,Priya,Patel,priya.patel966@example.com,+971504999003,Dubai,Dubai,Gold,false,2021-11-15,2025-01-01T00:00:00
C01789,Chloe,Cruz,chloe.cruz1789@example.com,+971505169447,Sharjah,Sharjah,Silver,false,2022-09-10,2025-01-01T00:00:00
C00523,Ahmed,Menon,ahmed.menon523@example.com,+971502690268,Dubai,Dubai,Bronze,false,2020-01-18,2025-01-01T00:00:00
C00505,Mark,Al Suwaidi,mark.alsuwaidi505@example.com,+971504720687,Dubai,Dubai,Bronze,true,2023-05-14,2025-01-01T00:00:00
C00220,Farhan,Menon,farhan.menon220@example.com,+971505015307,Al Ain,Abu Dhabi,Bronze,true,2021-05-11,2025-01-01T00:00:00
C00487,Saeed,Nasser,saeed.nasser487@example.com,+971502901507,Sharjah,Sharjah,Silver,true,2023-09-15,2025-01-01T00:00:00
C01480,Shamma,Mansour,shamma.mansour1480@example.com,+971502934382,Dubai,Dubai,Bronze,true,2021-06-12,2025-01-01T00:00:00
C02143,Emma,Sheikh,emma.sheikh2143@example.com,+971504725976,Abu Dhabi,Abu Dhabi,Bronze,false,2024-01-07,2025-01-01T00:00:00
C01133,Liam,Qureshi,liam.qureshi1133@example.com,+971501148708,Abu Dhabi,Abu Dhabi,Bronze,true,2021-12-17,2025-01-01T00:00:00
C02096,Tariq,Farouk,tariq.farouk2096@example.com,+971508147437,Dubai,Dubai,Gold,true,2023-11-07,2025-01-01T00:00:00
C01392,Hamdan,Qureshi,hamdan.qureshi1392@example.com,+971501260252,Ajman,Ajman,Bronze,true,2024-05-01,2025-01-01T00:00:00
C00095,Salma,Khan,salma.khan95@example.com,+971505856117,Sharjah,Sharjah,Bronze,true,2021-03-08,2025-01-01T00:00:00
C00751,Farhan,Al Zaabi,farhan.alzaabi751@example.com,+971508681853,Dubai,Dubai,Bronze,false,2023-10-10,2025-01-01T00:00:00
C00610,Liam,Al Nuaimi,liam.alnuaimi610@example.com,+971507946441,Sharjah,Sharjah,Bronze,false,2020-10-25,2025-01-01T00:00:00
C02357,Hassan,Cruz,hassan.cruz2357@example.com,+971507290929,Dubai,Dubai,Bronze,true,2021-01-31,2025-01-01T00:00:00
C00497,Farhan,Al Hashmi,farhan.alhashmi497@example.com,+971505270103,Abu Dhabi,Abu Dhabi,Silver,false,2024-04-08,2025-01-01T00:00:00
C01245,Shamma,Al Suwaidi,shamma.alsuwaidi1245@example.com,+971508338707,Dubai,Dubai,Silver,true,2021-10-22,2025-01-01T00:00:00
C00757,Zainab,Cruz,zainab.cruz757@example.com,+971501793880,Sharjah,Sharjah,Bronze,true,2022-09-18,2025-01-01T00:00:00
C00298,Mariam,Patel,mariam.patel298@example.com,+971505780177,Al Ain,Abu Dhabi,Bronze,false,2023-08-13,2025-01-01T00:00:00
C02161,Rania,Farouk,rania.farouk2161@example.com,+971503924781,Dubai,Dubai,Bronze,true,2024-10-02,2025-01-01T00:00:00
C02353,Ali,Patel,ali.patel2353@example.com,+971506712098,Ras Al Khaimah,Ras Al Khaimah,Bronze,true,2024-04-05,2025-01-01T00:00:00
C01332,Bilal,D'Souza,bilal.dsouza1332@example.com,+971502053034,Abu Dhabi,Abu Dhabi,Silver,true,2021-03-07,2025-01-01T00:00:00
C00598,Rania,D'Souza,rania.dsouza598@example.com,+971503857489,Dubai,Dubai,Bronze,false,2022-02-10,2025-01-01T00:00:00
C02336,Anjali,Khoury,anjali.khoury2336@example.com,+971501795791,Ras Al Khaimah,Ras Al Khaimah,Bronze,true,2023-07-15,2025-01-01T00:00:00
C00186,Angela,Iyer,angela.iyer186@example.com,+971504346315,Abu Dhabi,Abu Dhabi,Bronze,false,2020-11-19,2025-01-01T00:00:00
C02316,Hassan,Sheikh,hassan.sheikh2316@example.com,+971507160071,Dubai,Dubai,Gold,false,2020-01-06,2025-01-01T00:00:00
C01029,Omar,Sharma,omar.sharma1029@example.com,+971502620732,Fujairah,Fujairah,Silver,true,2023-10-02,2025-01-01T00:00:00
C00632,Angela,Qureshi,angela.qureshi632@example.com,+971505771113,Dubai,Dubai,Platinum,false,2020-08-11,2025-01-01T00:00:00
C01791,Rashid,Al Hashmi,rashid.alhashmi1791@example.com,+971504612279,Dubai,Dubai,Platinum,false,2023-03-09,2025-01-01T00:00:00
C01087,Farhan,Al Shamsi,farhan.alshamsi1087@example.com,+971506182338,Al Ain,Abu Dhabi,Platinum,true,2024-10-05,2025-01-01T00:00:00
C01139,Chloe,Pillai,chloe.pillai1139@example.com,+971503137987,Sharjah,Sharjah,Silver,false,2022-09-28,2025-01-01T00:00:00
C01088,Ayesha,Iyer,ayesha.iyer1088@example.com,+971504618930,Abu Dhabi,Abu Dhabi,Bronze,false,2024-10-02,2025-01-01T00:00:00
C02559,Arjun,Iyer,arjun.iyer2559@example.com,+971507912309,Dubai,Dubai,Silver,false,2022-06-30,2025-01-01T00:00:00
C01828,Zainab,Al Hashmi,zainab.alhashmi1828@example.com,+971501562655,Abu Dhabi,Abu Dhabi,Bronze,false,2023-11-21,2025-01-01T00:00:00
C00441,Rania,Nasser,rania.nasser441@example.com,+971509957402,Abu Dhabi,Abu Dhabi,Gold,true,2022-09-10,2025-01-01T00:00:00
C02104,Hassan,Khoury,hassan.khoury2104@example.com,+971501661606,Fujairah,Fujairah,Bronze,false,2021-11-01,2025-01-01T00:00:00
C00355,Omar,Brown,omar.brown355@example.com,+971507299138,Dubai,Dubai,Silver,true,2020-08-02,2025-01-01T00:00:00
C02574,Maria,Cruz,maria.cruz2574@example.com,+971505379847,Dubai,Dubai,Gold,false,2022-01-02,2025-01-01T00:00:00
C01929,Lucas,Mansour,lucas.mansour1929@example.com,+971506580192,Dubai,Dubai,Bronze,false,2021-08-17,2025-01-01T00:00:00
C02227,Noura,Reyes,noura.reyes2227@example.com,+971502483726,Ras Al Khaimah,Ras Al Khaimah,Bronze,true,2024-01-01,2025-01-01T00:00:00
C02185,Chloe,Smith,chloe.smith2185@example.com,+971507498969,Abu Dhabi,Abu Dhabi,Silver,true,2022-01-05,2025-01-01T00:00:00
C01932,Rania,Reyes,rania.reyes1932@example.com,+971501071890,Al Ain,Abu Dhabi,Bronze,true,2023-09-30,2025-01-01T00:00:00
C01482,Ahmed,Hussain,ahmed.hussain1482@example.com,+971506615543,Abu Dhabi,Abu Dhabi,Silver,true,2024-11-15,2025-01-01T00:00:00
C01442,Olivia,Al Suwaidi,olivia.alsuwaidi1442@example.com,+971508142094,Ras Al Khaimah,Ras Al Khaimah,Bronze,false,2023-02-10,2025-01-01T00:00:00
C01712,Liam,Taylor,liam.taylor1712@example.com,+971507848595,Ras Al Khaimah,Ras Al Khaimah,Silver,true,2021-02-02,2025-01-01T00:00:00
C00257,Mariam,Al Hashmi,mariam.alhashmi257@example.com,+971506956059,Sharjah,Sharjah,Silver,true,2023-07-30,2025-01-01T00:00:00
C00293,Mark,Khan,mark.khan293@example.com,+971504841091,Abu Dhabi,Abu Dhabi,Bronze,false,2020-09-03,2025-01-01T00:00:00
C01106,Yasmin,Hussain,yasmin.hussain1106@example.com,+971505307726,Dubai,Dubai,Bronze,true,2021-02-26,2025-01-01T00:00:00
C01812,Hamdan,Al Nuaimi,hamdan.alnuaimi1812@example.com,+971505962433,Dubai,Dubai,Bronze,false,2024-07-26,2025-01-01T00:00:00
C01261,Omar,Farouk,omar.farouk1261@example.com,+971501566398,Dubai,Dubai,Silver,true,2023-07-19,2025-01-01T00:00:00
C01843,Rania,Khan,rania.khan1843@example.com,+971502526520,Al Ain,Abu Dhabi,Bronze,true,2023-11-10,2025-01-01T00:00:00
C00676,Mark,Khan,mark.khan676@example.com,+971507976896,Dubai,Dubai,Gold,false,2023-09-09,2025-01-01T00:00:00
C02162,Vikram,Mansour,vikram.mansour2162@example.com,+971509350035,Sharjah,Sharjah,Bronze,false,2021-05-19,2025-01-01T00:00:00
C00067,Rodel,Garcia,rodel.garcia67@example.com,+971502957497,Abu Dhabi,Abu Dhabi,Bronze,true,2024-08-14,2025-01-01T00:00:00
C00688,Tariq,Sheikh,tariq.sheikh688@example.com,+971507928115,Ajman,Ajman,Bronze,true,2020-10-24,2025-01-01T00:00:00
C00637,Hassan,Wilson,hassan.wilson637@example.com,+971509328158,Ras Al Khaimah,Ras Al Khaimah,Bronze,true,2022-12-12,2025-01-01T00:00:00
C01630,Lucas,Mansour,lucas.mansour1630@example.com,+971506727358,Dubai,Dubai,Gold,true,2020-09-12,2025-01-01T00:00:00
C02498,Olivia,Al Nuaimi,olivia.alnuaimi2498@example.com,+971503735428,Dubai,Dubai,Silver,true,2023-04-05,2025-01-01T00:00:00
C01526,Jose,Pillai,jose.pillai1526@example.com,+971505803038,Sharjah,Sharjah,Bronze,false,2024-10-25,2025-01-01T00:00:00
C00893,Farhan,Saleh,farhan.saleh893@example.com,+971505832019,Dubai,Dubai,Bronze,true,2022-07-07,2025-01-01T00:00:00
C00152,Salma,Qureshi,salma.qureshi152@example.com,+971503164813,Sharjah,Sharjah,Bronze,false,2024-12-03,2025-01-01T00:00:00
C00689,Rashid,Menon,rashid.menon689@example.com,+971506789409,Abu Dhabi,Abu Dhabi,Silver,false,2023-07-29,2025-01-01T00:00:00
C01225,Sana,Garcia,sana.garcia1225@example.com,+971506859883,Dubai,Dubai,Bronze,true,2022-05-27,2025-01-01T00:00:00
C01267,Hamdan,Nair,hamdan.nair1267@example.com,+971509286841,Dubai,Dubai,Bronze,true,2021-10-17,2025-01-01T00:00:00
C00482,James,Mansour,james.mansour482@example.com,+971501669489,Ajman,Ajman,Bronze,false,2022-03-05,2025-01-01T00:00:00
C01849,Sana,Qureshi,sana.qureshi1849@example.com,+971509337532,Ajman,Ajman,Bronze,true,2024-08-27,2025-01-01T00:00:00
C00042,Salma,Nasser,salma.nasser42@example.com,+971509518424,Dubai,Dubai,Gold,true,2021-07-19,2025-01-01T00:00:00
C02552,Khalid,Santos,khalid.santos2552@example.com,+971502259303,Dubai,Dubai,Bronze,true,2022-12-06,2025-01-01T00:00:00
C01703,Khalid,Sharma,khalid.sharma1703@example.com,+971501057394,Dubai,Dubai,Silver,false,2020-10-20,2025-01-01T00:00:00
C01825,Salma,Qureshi,salma.qureshi1825@example.com,+971501736094,Sharjah,Sharjah,Bronze,true,2022-03-04,2025-01-01T00:00:00
C00172,Ayesha,Garcia,ayesha.garcia172@example.com,+971501279121,Abu Dhabi,Abu Dhabi,Bronze,true,2022-09-30,2025-01-01T00:00:00
C00480,Vikram,Sheikh,vikram.sheikh480@example.com,+971509111841,Sharjah,Sharjah,Bronze,false,2023-03-04,2025-01-01T00:00:00
C01170,Yasmin,Cruz,yasmin.cruz1170@example.com,+971503733321,Dubai,Dubai,Silver,false,2021-01-04,2025-01-01T00:00:00
C02139,Fatima,Sheikh,fatima.sheikh2139@example.com,+971507249573,Sharjah,Sharjah,Silver,false,2020-03-21,2025-01-01T00:00:00
C00122,Bilal,Al Nuaimi,bilal.alnuaimi122@example.com,+971507651393,Al Ain,Abu Dhabi,Bronze,true,2022-07-12,2025-01-01T00:00:00
C01273,Zainab,Al Hashmi,zainab.alhashmi1273@example.com,+971501802525,Dubai,Dubai,Bronze,false,2020-09-05,2025-01-01T00:00:00
C01207,Karim,Al Suwaidi,karim.alsuwaidi1207@example.com,+971504885101,Fujairah,Fujairah,Silver,false,2020-06-10,2025-01-01T00:00:00
C00029,Aisha,Hussain,aisha.hussain29@example.com,+971505842082,Sharjah,Sharjah,Bronze,false,2020-05-26,2025-01-01T00:00:00
C01907,Emma,Pillai,emma.pillai1907@example.com,+971507649560,Ras Al Khaimah,Ras Al Khaimah,Bronze,false,2021-04-27,2025-01-01T00:00:00
C02059,Ayesha,Farouk,ayesha.farouk2059@example.com,+971503778324,Umm Al Quwain,Umm Al Quwain,Silver,false,2020-02-02,2025-01-01T00:00:00
C01667,Emma,Al Suwaidi,emma.alsuwaidi1667@example.com,+971507734840,Dubai,Dubai,Bronze,false,2021-05-31,2025-01-01T00:00:00
C01911,Zainab,Wilson,zainab.wilson1911@example.com,+971502468345,Abu Dhabi,Abu Dhabi,Bronze,true,2024-09-23,2025-01-01T00:00:00
C01605,Omar,Al Falasi,omar.alfalasi1605@example.com,+971508791898,Fujairah,Fujairah,Gold,true,2022-05-09,2025-01-01T00:00:00
C02510,Emma,Al Hashmi,emma.alhashmi2510@example.com,+971503384125,Dubai,Dubai,Gold,false,2020-08-12,2025-01-01T00:00:00
C00243,Grace,Taylor,grace.taylor243@example.com,+971502715158,Sharjah,Sharjah,Bronze,true,2021-09-23,2025-01-01T00:00:00
C01077,Rodel,Hussain,rodel.hussain1077@example.com,+971502940765,Ras Al Khaimah,Ras Al Khaimah,Silver,true,2023-01-28,2025-01-01T00:00:00
C01998,Meera,D'Souza,meera.dsouza1998@example.com,+971506537308,Fujairah,Fujairah,Bronze,false,2023-02-10,2025-01-01T00:00:00
C01928,Dina,Nair,dina.nair1928@example.com,+971501661445,Abu Dhabi,Abu Dhabi,Platinum,true,2023-04-24,2025-01-01T00:00:00
C01800,Zainab,Al Suwaidi,zainab.alsuwaidi1800@example.com,+971508654730,Abu Dhabi,Abu Dhabi,Bronze,true,2021-08-09,2025-01-01T00:00:00
C02180,Chloe,Khoury,chloe.khoury2180@example.com,+971503359064,Abu Dhabi,Abu Dhabi,Gold,true,2024-06-05,2025-01-01T00:00:00
C01543,Zainab,Cruz,zainab.cruz1543@example.com,+971503655874,Dubai,Dubai,Bronze,true,2023-02-28,2025-01-01T00:00:00
C00356,Sana,Iyer,sana.iyer356@example.com,+971508236404,Sharjah,Sharjah,Silver,true,2020-07-09,2025-01-01T00:00:00
C02214,Oliver,Cruz,oliver.cruz2214@example.com,+971502911569,Al Ain,Abu Dhabi,Bronze,true,2023-11-11,2025-01-01T00:00:00
C00528,Karim,D'Souza,karim.dsouza528@example.com,+971506297024,Abu Dhabi,Abu Dhabi,Bronze,true,2024-10-05,2025-01-01T00:00:00
C00872,Mariam,Al Nuaimi,mariam.alnuaimi872@example.com,+971503733691,Ajman,Ajman,Silver,true,2022-03-27,2025-01-01T00:00:00
C01559,Sana,Fernandes,sana.fernandes1559@example.com,+971505760630,Al Ain,Abu Dhabi,Bronze,false,2020-12-27,2025-01-01T00:00:00
C02428,Vikram,Menon,vikram.menon2428@example.com,+971503489044,Ras Al Khaimah,Ras Al Khaimah,Bronze,false,2021-12-22,2025-01-01T00:00:00
C01948,Mohammed,Taylor,mohammed.taylor1948@example.com,+971507971498,Al Ain,Abu Dhabi,Gold,false,2021-12-28,2025-01-01T00:00:00
C01976,Mohammed,Patel,mohammed.patel1976@example.com,+971507452209,Abu Dhabi,Abu Dhabi,Platinum,true,2020-09-30,2025-01-01T00:00:00
C02074,Lucas,Sheikh,lucas.sheikh2074@example.com,+971506213397,Dubai,Dubai,Silver,true,2022-03-27,2025-01-01T00:00:00
C01473,Karim,Al Nuaimi,karim.alnuaimi1473@example.com,+971501175132,Sharjah,Sharjah,Silver,true,2023-04-25,2025-01-01T00:00:00
C00867,Sana,Al Nuaimi,sana.alnuaimi867@example.com,+971503046668,Dubai,Dubai,Bronze,false,2024-12-22,2025-01-01T00:00:00
C02121,Rashid,Hussain,rashid.hussain2121@example.com,+971504718705,Al Ain,Abu Dhabi,Bronze,true,2022-03-07,2025-01-01T00:00:00
C00975,Anjali,Sheikh,anjali.sheikh975@example.com,+971506178697,Dubai,Dubai,Bronze,false,2022-01-02,2025-01-01T00:00:00
C02137,Imran,Cruz,imran.cruz2137@example.com,+971503162530,Dubai,Dubai,Platinum,false,2024-06-19,2025-01-01T00:00:00
C01725,Emma,Wilson,emma.wilson1725@example.com,+971502426239,Ajman,Ajman,Bronze,true,2020-02-10,2025-01-01T00:00:00
C02480,Meera,Iyer,meera.iyer2480@example.com,+971508218298,Fujairah,Fujairah,Gold,true,2023-07-10,2025-01-01T00:00:00
C00288,Khalid,Mansour,khalid.mansour288@example.com,+971503650523,Dubai,Dubai,Bronze,false,2020-04-04,2025-01-01T00:00:00
C00196,Ayesha,Garcia,ayesha.garcia196@example.com,+971505949909,Sharjah,Sharjah,Silver,true,2024-12-23,2025-01-01T00:00:00
C00790,Bilal,Al Nuaimi,bilal.alnuaimi790@example.com,+971505653591,Dubai,Dubai,Bronze,false,2023-10-05,2025-01-01T00:00:00
C02432,Layla,Haddad,layla.haddad2432@example.com,+971503026573,Al Ain,Abu Dhabi,Silver,false,2022-11-13,2025-01-01T00:00:00
C00906,Zainab,Nasser,zainab.nasser906@example.com,+971505117989,Dubai,Dubai,Silver,true,2021-06-28,2025-01-01T00:00:00
C00507,Vikram,D'Souza,vikram.dsouza507@example.com,+971501563871,Dubai,Dubai,Silver,false,2021-02-17,2025-01-01T00:00:00
C00410,Khalid,Fernandes,khalid.fernandes410@example.com,+971502975258,Sharjah,Sharjah,Bronze,true,2022-05-07,2025-01-01T00:00:00
C00934,Lucas,Al Ketbi,lucas.alketbi934@example.com,+971509753576,Fujairah,Fujairah,Silver,true,2023-06-21,2025-01-01T00:00:00
C00852,Shamma,Menon,shamma.menon852@example.com,+971505747402,Umm Al Quwain,Umm Al Quwain,Bronze,true,2022-06-02,2025-01-01T00:00:00
C00221,Lucas,Wilson,lucas.wilson221@example.com,+971507033835,Dubai,Dubai,Bronze,false,2022-08-12,2025-01-01T00:00:00
C02597,Oliver,Qureshi,oliver.qureshi2597@example.com,+971502146175,Sharjah,Sharjah,Silver,true,2022-08-29,2025-01-01T00:00:00
C00382,Olivia,Al Suwaidi,olivia.alsuwaidi382@example.com,+971507485495,Dubai,Dubai,Bronze,true,2021-06-13,2025-01-01T00:00:00
C00971,Dina,Al Hashmi,dina.alhashmi971@example.com,+971501435739,Dubai,Dubai,Bronze,true,2024-12-07,2025-01-01T00:00:00
C00278,Grace,Al Falasi,grace.alfalasi278@example.com,+971504975295,Sharjah,Sharjah,Silver,true,2020-06-27,2025-01-01T00:00:00
C02320,Yasmin,D'Souza,yasmin.dsouza2320@example.com,+971505392569,Dubai,Dubai,Bronze,true,2022-12-01,2025-01-01T00:00:00
C01567,Anjali,Taylor,anjali.taylor1567@example.com,+971506598928,Dubai,Dubai,Gold,true,2024-10-19,2025-01-01T00:00:00
C01854,Ali,Al Ketbi,ali.alketbi1854@example.com,+971502179102,Dubai,Dubai,Bronze,true,2022-01-10,2025-01-01T00:00:00
C01431,Ali,Nasser,ali.nasser1431@example.com,+971503547579,Dubai,Dubai,Silver,false,2023-12-11,2025-01-01T00:00:00
C00930,James,Khan,james.khan930@example.com,+971509468532,Sharjah,Sharjah,Silver,false,2022-02-11,2025-01-01T00:00:00
C01411,Karim,Al Shamsi,karim.alshamsi1411@example.com,+971501133724,Fujairah,Fujairah,Bronze,true,2024-09-11,2025-01-01T00:00:00
C02562,Hassan,Cruz,hassan.cruz2562@example.com,+971502262786,Al Ain,Abu Dhabi,Bronze,true,2024-10-08,2025-01-01T00:00:00
C01764,James,Sheikh,james.sheikh1764@example.com,+971506369307,Sharjah,Sharjah,Platinum,true,2023-06-25,2025-01-01T00:00:00
C01548,Maria,Al Mansoori,maria.almansoori1548@example.com,+971502086368,Abu Dhabi,Abu Dhabi,Bronze,true,2022-09-18,2025-01-01T00:00:00
C00641,Oliver,Smith,oliver.smith641@example.com,+971502909863,Sharjah,Sharjah,Bronze,false,2021-09-06,2025-01-01T00:00:00
C02461,Angela,Nair,angela.nair2461@example.com,+971506831067,Abu Dhabi,Abu Dhabi,Silver,true,2020-07-01,2025-01-01T00:00:00
C02242,Omar,Iyer,omar.iyer2242@example.com,+971509124192,Sharjah,Sharjah,Silver,true,2024-09-26,2025-01-01T00:00:00
C02108,Karim,Fernandes,karim.fernandes2108@example.com,+971501600615,Al Ain,Abu Dhabi,Silver,true,2022-07-14,2025-01-01T00:00:00
C02515,Ahmed,Santos,ahmed.santos2515@example.com,+971503788542,Abu Dhabi,Abu Dhabi,Gold,true,2021-11-08,2025-01-01T00:00:00
C00977,Karim,Nair,karim.nair977@example.com,+971506730290,Sharjah,Sharjah,Silver,false,2021-02-14,2025-01-01T00:00:00
C00161,Oliver,Al Hashmi,oliver.alhashmi161@example.com,+971508826111,Dubai,Dubai,Bronze,true,2022-01-28,2025-01-01T00:00:00
C01778,Fatima,Al Shamsi,fatima.alshamsi1778@example.com,+971504903481,Dubai,Dubai,Platinum,true,2022-09-07,2025-01-01T00:00:00
C00664,Imran,Al Zaabi,imran.alzaabi664@example.com,+971509937987,Sharjah,Sharjah,Bronze,true,2020-08-07,2025-01-01T00:00:00
C00476,Liam,Al Zaabi,liam.alzaabi476@example.com,+971509509040,Ras Al Khaimah,Ras Al Khaimah,Silver,true,2020-06-05,2025-01-01T00:00:00
C01198,Arjun,Al Suwaidi,arjun.alsuwaidi1198@example.com,+971503099389,Al Ain,Abu Dhabi,Bronze,true,2020-11-17,2025-01-01T00:00:00
C00166,Yousef,Reyes,yousef.reyes166@example.com,+971507765480,Sharjah,Sharjah,Bronze,true,2022-06-01,2025-01-01T00:00:00
C01282,Oliver,Smith,oliver.smith1282@example.com,+971506231562,Sharjah,Sharjah,Silver,false,2022-12-16,2025-01-01T00:00:00
C01688,Hessa,Patel,hessa.patel1688@example.com,+971505331630,Abu Dhabi,Abu Dhabi,Silver,false,2020-11-15,2025-01-01T00:00:00
C01237,Ravi,Nasser,ravi.nasser1237@example.com,+971508627423,Dubai,Dubai,Bronze,false,2023-09-29,2025-01-01T00:00:00
C01635,Priya,Wilson,priya.wilson1635@example.com,+971502696696,Dubai,Dubai,Bronze,true,2023-09-27,2025-01-01T00:00:00
C00084,Yousef,Al Ketbi,yousef.alketbi84@example.com,+971506530541,Al Ain,Abu Dhabi,Bronze,true,2022-02-02,2025-01-01T00:00:00
C00884,Noura,Al Mansoori,noura.almansoori884@example.com,+971509004743,Dubai,Dubai,Silver,false,2022-03-19,2025-01-01T00:00:00
C01550,Olivia,D'Souza,olivia.dsouza1550@example.com,+971504397889,Ras Al Khaimah,Ras Al Khaimah,Silver,true,2020-01-25,2025-01-01T00:00:00
C01295,Sana,Mansour,sana.mansour1295@example.com,+971501213654,Dubai,Dubai,Bronze,true,2021-01-18,2025-01-01T00:00:00
C02000,Imran,Reyes,imran.reyes2000@example.com,+971501336009,Abu Dhabi,Abu Dhabi,Bronze,true,2021-07-25,2025-01-01T00:00:00
C00165,Aisha,Al Ketbi,aisha.alketbi165@example.com,+971508895137,Dubai,Dubai,Bronze,false,2021-12-23,2025-01-01T00:00:00
C00701,Imran,Reyes,imran.reyes701@example.com,+971502241464,Dubai,Dubai,Silver,true,2024-04-26,2025-01-01T00:00:00
C02281,Priya,Reyes,priya.reyes2281@example.com,+971509921066,Abu Dhabi,Abu Dhabi,Silver,false,2022-01-06,2025-01-01T00:00:00
C00714,Shamma,D'Souza,shamma.dsouza714@example.com,+971503499027,Al Ain,Abu Dhabi,Silver,false,2020-08-30,2025-01-01T00:00:00
C00717,Rashid,Al Zaabi,rashid.alzaabi717@example.com,+971502783941,Sharjah,Sharjah,Bronze,false,2023-06-05,2025-01-01T00:00:00
C01387,Sana,Patel,sana.patel1387@example.com,+971507072764,Sharjah,Sharjah,Bronze,false,2021-05-14,2025-01-01T00:00:00
C02145,Olivia,Hussain,olivia.hussain2145@example.com,+971505830383,Ras Al Khaimah,Ras Al Khaimah,Gold,true,2022-11-21,2025-01-01T00:00:00
C01135,James,Khoury,james.khoury1135@example.com,+971507115223,Dubai,Dubai,Gold,true,2021-04-08,2025-01-01T00:00:00
C00395,Noura,Iyer,noura.iyer395@example.com,+971502194801,Dubai,Dubai,Gold,true,2024-10-09,2025-01-01T00:00:00
C01083,Yousef,Smith,yousef.smith1083@example.com,+971501028160,Fujairah,Fujairah,Bronze,true,2022-01-23,2025-01-01T00:00:00
C00458,Salma,Al Mansoori,salma.almansoori458@example.com,+971504536326,Al Ain,Abu Dhabi,Silver,true,2020-12-08,2025-01-01T00:00:00
C02232,Chloe,Brown,chloe.brown2232@example.com,+971503388063,Dubai,Dubai,Platinum,true,2020-11-09,2025-01-01T00:00:00
C02561,Tariq,Mansour,tariq.mansour2561@example.com,+971509355565,Dubai,Dubai,Silver,false,2024-05-20,2025-01-01T00:00:00
C02456,Maria,Brown,maria.brown2456@example.com,+971501518033,Dubai,Dubai,Bronze,true,2024-04-25,2025-01-01T00:00:00
C01831,Zainab,Reyes,zainab.reyes1831@example.com,+971504112344,Al Ain,Abu Dhabi,Bronze,true,2023-01-23,2025-01-01T00:00:00
C01418,Ravi,Nasser,ravi.nasser1418@example.com,+971506459256,Fujairah,Fujairah,Silver,true,2024-04-13,2025-01-01T00:00:00
C00228,Dina,Iyer,dina.iyer228@example.com,+971501263935,Abu Dhabi,Abu Dhabi,Bronze,true,2020-05-03,2025-01-01T00:00:00
C02138,Farhan,Saleh,farhan.saleh2138@example.com,+971501426069,Umm Al Quwain,Umm Al Quwain,Gold,true,2020-06-18,2025-01-01T00:00:00
C01368,Dina,Saleh,dina.saleh1368@example.com,+971501958290,Ajman,Ajman,Silver,false,2024-08-25,2025-01-01T00:00:00
C02301,Ayesha,Al Suwaidi,ayesha.alsuwaidi2301@example.com,+971504771441,Sharjah,Sharjah,Bronze,true,2020-06-26,2025-01-01T00:00:00
C02287,Liam,Haddad,liam.haddad2287@example.com,+971503936508,Sharjah,Sharjah,Bronze,true,2020-07-02,2025-01-01T00:00:00
C00779,Aisha,Cruz,aisha.cruz779@example.com,+971502288937,Dubai,Dubai,Silver,true,2021-12-30,2025-01-01T00:00:00
C01384,Liam,Sheikh,liam.sheikh1384@example.com,+971502316088,Abu Dhabi,Abu Dhabi,Platinum,false,2023-09-07,2025-01-01T00:00:00
C01722,Angela,Hussain,angela.hussain1722@example.com,+971508878038,Al Ain,Abu Dhabi,Platinum,false,2023-06-20,2025-01-01T00:00:00
C01901,Meera,D'Souza,meera.dsouza1901@example.com,+971505115393,Sharjah,Sharjah,Silver,true,2023-09-29,2025-01-01T00:00:00
C01130,Reem,Al Falasi,reem.alfalasi1130@example.com,+971509105487,Dubai,Dubai,Bronze,true,2023-10-22,2025-01-01T00:00:00
C02176,Layla,Al Shamsi,layla.alshamsi2176@example.com,+971501535484,Dubai,Dubai,Bronze,true,2020-09-22,2025-01-01T00:00:00
C00542,Karim,Saleh,karim.saleh542@example.com,+971509955411,Abu Dhabi,Abu Dhabi,Gold,true,2022-07-24,2025-01-01T00:00:00
C01674,Khalid,Wilson,khalid.wilson1674@example.com,+971509698799,Sharjah,Sharjah,Gold,true,2021-08-19,2025-01-01T00:00:00
C01889,Yasmin,Saleh,yasmin.saleh1889@example.com,+971505931680,Dubai,Dubai,Gold,true,2022-03-02,2025-01-01T00:00:00
C02382,Yousef,Al Hashmi,yousef.alhashmi2382@example.com,+971504254164,Dubai,Dubai,Gold,false,2024-10-07,2025-01-01T00:00:00
C00734,Hamdan,Brown,hamdan.brown734@example.com,+971502000789,Dubai,Dubai,Bronze,false,2021-07-06,2025-01-01T00:00:00
C01837,Aisha,Saleh,aisha.saleh1837@example.com,+971506376889,Dubai,Dubai,Bronze,false,2022-04-12,2025-01-01T00:00:00
C00342,Hassan,Sheikh,hassan.sheikh342@example.com,+971504158036,Abu Dhabi,Abu Dhabi,Bronze,true,2023-03-08,2025-01-01T00:00:00
C00563,Emma,Farouk,emma.farouk563@example.com,+971509222379,Abu Dhabi,Abu Dhabi,Silver,true,2020-03-21,2025-01-01T00:00:00
C00060,Meera,Khan,meera.khan60@example.com,+971501661401,Abu Dhabi,Abu Dhabi,Silver,true,2023-09-12,2025-01-01T00:00:00
C01180,Omar,Brown,omar.brown1180@example.com,+971502422780,Dubai,Dubai,Silver,true,2022-01-01,2025-01-01T00:00:00
C00723,Farhan,Khan,farhan.khan723@example.com,+971505545782,Dubai,Dubai,Bronze,false,2022-09-01,2025-01-01T00:00:00
C02423,Omar,Garcia,omar.garcia2423@example.com,+971508769775,Dubai,Dubai,Bronze,true,2020-09-19,2025-01-01T00:00:00
C01994,Fatima,Al Falasi,fatima.alfalasi1994@example.com,+971504425296,Sharjah,Sharjah,Silver,false,2020-10-02,2025-01-01T00:00:00
C00292,Yousef,Sharma,yousef.sharma292@example.com,+971508466983,Abu Dhabi,Abu Dhabi,Bronze,true,2020-06-08,2025-01-01T00:00:00
C00229,Sophie,Santos,sophie.santos229@example.com,+971505809835,Abu Dhabi,Abu Dhabi,Bronze,false,2020-02-04,2025-01-01T00:00:00
C02342,Layla,Hussain,layla.hussain2342@example.com,+971507813611,Al Ain,Abu Dhabi,Silver,false,2023-12-10,2025-01-01T00:00:00
C01485,James,Khoury,james.khoury1485@example.com,+971504930952,Dubai,Dubai,Bronze,false,2021-11-22,2025-01-01T00:00:00
C01478,Fatima,Haddad,fatima.haddad1478@example.com,+971504534335,Dubai,Dubai,Bronze,false,2020-12-15,2025-01-01T00:00:00
C02380,Hassan,Nair,hassan.nair2380@example.com,+971503122871,Sharjah,Sharjah,Bronze,false,2022-01-07,2025-01-01T00:00:00
C02076,Jose,Haddad,jose.haddad2076@example.com,+971501925278,Dubai,Dubai,Gold,false,2023-05-14,2025-01-01T00:00:00
C00386,Priya,Menon,priya.menon386@example.com,+971509734854,Al Ain,Abu Dhabi,Bronze,true,2022-07-29,2025-01-01T00:00:00
C00678,Layla,Saleh,layla.saleh678@example.com,+971509357686,Al Ain,Abu Dhabi,Bronze,true,2021-04-07,2025-01-01T00:00:00
C01824,Noura,Sheikh,noura.sheikh1824@example.com,+971502288836,Fujairah,Fujairah,Bronze,true,2022-05-23,2025-01-01T00:00:00
C01904,Khalid,Fernandes,khalid.fernandes1904@example.com,+971507708381,Dubai,Dubai,Silver,true,2020-11-09,2025-01-01T00:00:00
C02579,Chloe,Khoury,chloe.khoury2579@example.com,+971507278457,Sharjah,Sharjah,Bronze,true,2022-05-14,2025-01-01T00:00:00
C01007,Khalid,Brown,khalid.brown1007@example.com,+971508575505,Al Ain,Abu Dhabi,Gold,true,2022-08-30,2025-01-01T00:00:00
C01538,Yasmin,Farouk,yasmin.farouk1538@example.com,+971503081328,Abu Dhabi,Abu Dhabi,Bronze,true,2023-07-12,2025-01-01T00:00:00
C00459,Mark,Al Hashmi,mark.alhashmi459@example.com,+971508302077,Dubai,Dubai,Silver,true,2023-11-04,2025-01-01T00:00:00
C01689,Anjali,Menon,anjali.menon1689@example.com,+971505573719,Fujairah,Fujairah,Silver,true,2023-07-06,2025-01-01T00:00:00
C00477,Rania,Menon,rania.menon477@example.com,+971505372416,Ras Al Khaimah,Ras Al Khaimah,Silver,true,2024-04-24,2025-01-01T00:00:00
C01402,Imran,Al Hashmi,imran.alhashmi1402@example.com,+971503778181,Dubai,Dubai,Bronze,true,2023-06-14,2025-01-01T00:00:00
C01377,Imran,Al Shamsi,imran.alshamsi1377@example.com,+971504824407,Abu Dhabi,Abu Dhabi,Platinum,false,2023-04-02,2025-01-01T00:00:00
C01407,Noura,Farouk,noura.farouk1407@example.com,+971509275454,Ajman,Ajman,Bronze,true,2024-09-26,2025-01-01T00:00:00
C01401,Layla,Sheikh,layla.sheikh1401@example.com,+971504534635,Dubai,Dubai,Bronze,true,2024-03-30,2025-01-01T00:00:00
C01581,Oliver,Smith,oliver.smith1581@example.com,+971509254549,Sharjah,Sharjah,Silver,false,2020-03-06,2025-01-01T00:00:00
C00543,Mariam,Farouk,mariam.farouk543@example.com,+971507915632,Dubai,Dubai,Bronze,true,2021-04-10,2025-01-01T00:00:00
C01222,Mark,Iyer,mark.iyer1222@example.com,+971504548261,Dubai,Dubai,Platinum,false,2024-06-05,2025-01-01T00:00:00
C00951,Mohammed,Khan,mohammed.khan951@example.com,+971501034351,Al Ain,Abu Dhabi,Bronze,false,2021-11-03,2025-01-01T00:00:00
C02452,Lucas,Mansour,lucas.mansour2452@example.com,+971509778172,Abu Dhabi,Abu Dhabi,Bronze,true,2022-08-05,2025-01-01T00:00:00
C00133,Ayesha,Mansour,ayesha.mansour133@example.com,+971504382135,Dubai,Dubai,Silver,false,2020-05-09,2025-01-01T00:00:00
C00465,James,Hussain,james.hussain465@example.com,+971503288101,Al Ain,Abu Dhabi,Bronze,false,2020-03-04,2025-01-01T00:00:00
C01783,Hamdan,Reyes,hamdan.reyes1783@example.com,+971506487124,Dubai,Dubai,Bronze,false,2020-11-23,2025-01-01T00:00:00
C00430,Saeed,Mansour,saeed.mansour430@example.com,+971508937865,Dubai,Dubai,Silver,true,2020-04-21,2025-01-01T00:00:00
C02290,Hassan,Menon,hassan.menon2290@example.com,+971509675181,Umm Al Quwain,Umm Al Quwain,Silver,true,2024-12-10,2025-01-01T00:00:00
C00193,Yousef,Iyer,yousef.iyer193@example.com,+971505161539,Dubai,Dubai,Bronze,true,2021-01-13,2025-01-01T00:00:00
C01801,Liam,Sheikh,liam.sheikh1801@example.com,+971506818132,Dubai,Dubai,Bronze,true,2022-01-30,2025-01-01T00:00:00
C00379,Hamdan,Al Ketbi,hamdan.alketbi379@example.com,+971508657937,Dubai,Dubai,Gold,false,2024-09-01,2025-01-01T00:00:00
C01348,Noura,Iyer,noura.iyer1348@example.com,+971505413298,Ras Al Khaimah,Ras Al Khaimah,Bronze,true,2023-11-29,2025-01-01T00:00:00
C02043,Zainab,Wilson,zainab.wilson2043@example.com,+971501972156,Dubai,Dubai,Bronze,true,2022-03-13,2025-01-01T00:00:00
C00704,Dina,Al Hashmi,dina.alhashmi704@example.com,+971505345236,Ras Al Khaimah,Ras Al Khaimah,Bronze,true,2021-03-23,2025-01-01T00:00:00
C02055,Reem,Garcia,reem.garcia2055@example.com,+971501083198,Ras Al Khaimah,Ras Al Khaimah,Silver,true,2020-08-25,2025-01-01T00:00:00
C01803,Priya,Khan,priya.khan1803@example.com,+971507017462,Dubai,Dubai,Bronze,true,2023-05-18,2025-01-01T00:00:00
C02116,Rashid,Santos,rashid.santos2116@example.com,+971503951233,Ras Al Khaimah,Ras Al Khaimah,Gold,true,2020-09-12,2025-01-01T00:00:00
C01820,Ayesha,Farouk,ayesha.farouk1820@example.com,+971507888843,Dubai,Dubai,Bronze,true,2024-05-10,2025-01-01T00:00:00
C01412,Meera,Nair,meera.nair1412@example.com,+971503540625,Dubai,Dubai,Silver,false,2021-03-26,2025-01-01T00:00:00
C00272,Imran,Farouk,imran.farouk272@example.com,+971507023677,Abu Dhabi,Abu Dhabi,Bronze,true,2021-01-18,2025-01-01T00:00:00
C01386,Sophie,D'Souza,sophie.dsouza1386@example.com,+971505516136,Abu Dhabi,Abu Dhabi,Gold,true,2023-09-12,2025-01-01T00:00:00
C00079,Meera,Al Hashmi,meera.alhashmi79@example.com,+971508441741,Abu Dhabi,Abu Dhabi,Gold,true,2022-05-23,2025-01-01T00:00:00
C00726,Dina,Taylor,dina.taylor726@example.com,+971509515120,Ajman,Ajman,Bronze,false,2020-07-14,2025-01-01T00:00:00
C00226,Lucas,Al Ketbi,lucas.alketbi226@example.com,+971502247057,Al Ain,Abu Dhabi,Bronze,true,2021-01-11,2025-01-01T00:00:00
C00720,Arjun,Sheikh,arjun.sheikh720@example.com,+971503819425,Sharjah,Sharjah,Silver,true,2020-09-04,2025-01-01T00:00:00
C01146,Mark,Al Nuaimi,mark.alnuaimi1146@example.com,+971502525643,Abu Dhabi,Abu Dhabi,Bronze,true,2020-10-26,2025-01-01T00:00:00
C00687,Priya,Patel,priya.patel687@example.com,+971509848116,Abu Dhabi,Abu Dhabi,Bronze,true,2020-12-25,2025-01-01T00:00:00
C00283,Ali,Khoury,ali.khoury283@example.com,+971505508325,Al Ain,Abu Dhabi,Bronze,true,2021-05-21,2025-01-01T00:00:00
C00864,Emma,Mansour,emma.mansour864@example.com,+971503483929,Abu Dhabi,Abu Dhabi,Bronze,true,2023-02-22,2025-01-01T00:00:00
C00130,Karim,Haddad,karim.haddad130@example.com,+971505255545,Umm Al Quwain,Umm Al Quwain,Bronze,true,2020-03-30,2025-01-01T00:00:00
C00059,Saeed,Wilson,saeed.wilson59@example.com,+971504189885,Dubai,Dubai,Silver,false,2024-05-07,2025-01-01T00:00:00
C01152,Maria,Al Suwaidi,maria.alsuwaidi1152@example.com,+971503189181,Ajman,Ajman,Bronze,false,2023-04-11,2025-01-01T00:00:00
C00495,Lucas,Al Mansoori,lucas.almansoori495@example.com,+971508239315,Ras Al Khaimah,Ras Al Khaimah,Bronze,true,2023-05-20,2025-01-01T00:00:00
C02585,Yousef,Cruz,yousef.cruz2585@example.com,+971506833407,Dubai,Dubai,Bronze,false,2020-06-16,2025-01-01T00:00:00
C01405,Lucas,Nair,lucas.nair1405@example.com,+971501432471,Dubai,Dubai,Bronze,false,2024-12-29,2025-01-01T00:00:00
C01288,Grace,Santos,grace.santos1288@example.com,+971501824338,Dubai,Dubai,Silver,true,2020-04-18,2025-01-01T00:00:00
C01366,Lucas,Al Ketbi,lucas.alketbi1366@example.com,+971501525229,Al Ain,Abu Dhabi,Silver,false,2022-06-01,2025-01-01T00:00:00
C00708,Salma,Iyer,salma.iyer708@example.com,+971509980912,Dubai,Dubai,Bronze,true,2023-11-12,2025-01-01T00:00:00
C01615,Sana,Pillai,sana.pillai1615@example.com,+971508655712,Sharjah,Sharjah,Silver,true,2021-06-06,2025-01-01T00:00:00
C01989,Rashid,Al Mansoori,rashid.almansoori1989@example.com,+971509213276,Ras Al Khaimah,Ras Al Khaimah,Silver,false,2023-01-13,2025-01-01T00:00:00
C00553,Mariam,Sheikh,mariam.sheikh553@example.com,+971507583744,Dubai,Dubai,Bronze,true,2021-11-07,2025-01-01T00:00:00
C00645,Bilal,Al Zaabi,bilal.alzaabi645@example.com,+971505705338,Fujairah,Fujairah,Bronze,true,2024-06-25,2025-01-01T00:00:00
C01209,Zainab,Saleh,zainab.saleh1209@example.com,+971507503423,Dubai,Dubai,Bronze,true,2021-08-18,2025-01-01T00:00:00
C02166,Meera,Mansour,meera.mansour2166@example.com,+971509487851,Al Ain,Abu Dhabi,Bronze,false,2024-07-18,2025-01-01T00:00:00
C00291,Farhan,Sharma,farhan.sharma291@example.com,+971502530068,Al Ain,Abu Dhabi,Bronze,true,2024-01-26,2025-01-01T00:00:00
C01004,Anjali,Al Mansoori,anjali.almansoori1004@example.com,+971506950248,Abu Dhabi,Abu Dhabi,Bronze,true,2020-09-19,2025-01-01T00:00:00
C02100,Hessa,Al Mansoori,hessa.almansoori2100@example.com,+971501037773,Dubai,Dubai,Bronze,true,2024-07-11,2025-01-01T00:00:00
C02034,Sophie,Reyes,sophie.reyes2034@example.com,+971503049847,Abu Dhabi,Abu Dhabi,Silver,false,2021-02-01,2025-01-01T00:00:00
C00916,Priya,Patel,priya.patel916@example.com,+971506099302,Ajman,Ajman,Platinum,true,2023-04-28,2025-01-01T00:00:00
C00958,Rashid,Nair,rashid.nair958@example.com,+971503944885,Abu Dhabi,Abu Dhabi,Silver,false,2022-10-08,2025-01-01T00:00:00
C02594,Hassan,Mansour,hassan.mansour2594@example.com,+971505855073,Dubai,Dubai,Bronze,true,2024-07-08,2025-01-01T00:00:00
C02547,Khalid,Al Mansoori,khalid.almansoori2547@example.com,+971504185522,Umm Al Quwain,Umm Al Quwain,Silver,false,2024-05-10,2025-01-01T00:00:00
C02481,Priya,Taylor,priya.taylor2481@example.com,+971504173453,Abu Dhabi,Abu Dhabi,Silver,true,2020-05-20,2025-01-01T00:00:00
C00402,Meera,Al Mansoori,meera.almansoori402@example.com,+971505174559,Abu Dhabi,Abu Dhabi,Silver,true,2020-02-06,2025-01-01T00:00:00
C01554,Yousef,D'Souza,yousef.dsouza1554@example.com,+971504485165,Dubai,Dubai,Bronze,false,2020-05-10,2025-01-01T00:00:00
C01236,Mohammed,Nasser,mohammed.nasser1236@example.com,+971502672723,Dubai,Dubai,Bronze,false,2023-08-23,2025-01-01T00:00:00
C01553,Fatima,Santos,fatima.santos1553@example.com,+971502532752,Al Ain,Abu Dhabi,Bronze,false,2020-12-29,2025-01-01T00:00:00
C02256,Hassan,Farouk,hassan.farouk2256@example.com,+971506176130,Sharjah,Sharjah,Platinum,true,2020-02-29,2025-01-01T00:00:00
C01941,Salma,Mansour,salma.mansour1941@example.com,+971509073898,Al Ain,Abu Dhabi,Silver,false,2024-09-06,2025-01-01T00:00:00
C00404,Rodel,D'Souza,rodel.dsouza404@example.com,+971506667933,Abu Dhabi,Abu Dhabi,Gold,false,2021-08-18,2025-01-01T00:00:00
C00938,Mariam,Al Falasi,mariam.alfalasi938@example.com,+971503821189,Umm Al Quwain,Umm Al Quwain,Bronze,true,2021-06-10,2025-01-01T00:00:00
C00105,Anjali,Santos,anjali.santos105@example.com,+971506904610,Al Ain,Abu Dhabi,Bronze,true,2023-07-17,2025-01-01T00:00:00
C00017,Hamdan,Smith,hamdan.smith17@example.com,+971509990305,Dubai,Dubai,Bronze,false,2024-01-17,2025-01-01T00:00:00
C02433,Maria,Al Shamsi,maria.alshamsi2433@example.com,+971509244193,Dubai,Dubai,Bronze,true,2021-02-13,2025-01-01T00:00:00
C01501,Tariq,Farouk,tariq.farouk1501@example.com,+971508944805,Al Ain,Abu Dhabi,Bronze,true,2020-08-25,2025-01-01T00:00:00
C02337,Arjun,Al Ketbi,arjun.alketbi2337@example.com,+971508532729,Al Ain,Abu Dhabi,Bronze,true,2022-06-28,2025-01-01T00:00:00
C00950,Priya,Farouk,priya.farouk950@example.com,+971506396194,Dubai,Dubai,Bronze,false,2023-07-24,2025-01-01T00:00:00
C00822,Anjali,Saleh,anjali.saleh822@example.com,+971506257190,Abu Dhabi,Abu Dhabi,Bronze,true,2024-07-04,2025-01-01T00:00:00
C02324,Saeed,Farouk,saeed.farouk2324@example.com,+971503284457,Dubai,Dubai,Bronze,true,2022-01-12,2025-01-01T00:00:00
C02369,Bilal,Hussain,bilal.hussain2369@example.com,+971501102663,Dubai,Dubai,Bronze,false,2020-07-05,2025-01-01T00:00:00
C00359,Emma,Sheikh,emma.sheikh359@example.com,+971501064014,Dubai,Dubai,Bronze,false,2023-01-30,2025-01-01T00:00:00
C01221,Karim,Menon,karim.menon1221@example.com,+971501525516,Dubai,Dubai,Bronze,false,2020-10-25,2025-01-01T00:00:00
C02368,Priya,Mansour,priya.mansour2368@example.com,+971501413795,Umm Al Quwain,Umm Al Quwain,Bronze,true,2020-06-08,2025-01-01T00:00:00
C01477,Zainab,Wilson,zainab.wilson1477@example.com,+971509775200,Sharjah,Sharjah,Gold,false,2023-03-31,2025-01-01T00:00:00
C00740,Farhan,Al Hashmi,farhan.alhashmi740@example.com,+971505035113,Abu Dhabi,Abu Dhabi,Silver,true,2024-07-16,2025-01-01T00:00:00
C00123,Zainab,Sharma,zainab.sharma123@example.com,+971502662338,Dubai,Dubai,Silver,true,2020-06-16,2025-01-01T00:00:00
C01638,Zainab,Nasser,zainab.nasser1638@example.com,+971501668822,Sharjah,Sharjah,Silver,true,2021-05-03,2025-01-01T00:00:00
C00654,Lucas,Smith,lucas.smith654@example.com,+971502973853,Sharjah,Sharjah,Bronze,true,2021-07-20,2025-01-01T00:00:00
C00626,Vikram,Sheikh,vikram.sheikh626@example.com,+971503426109,Dubai,Dubai,Silver,true,2023-03-04,2025-01-01T00:00:00
C02280,Mark,Wilson,mark.wilson2280@example.com,+971505678396,Umm Al Quwain,Umm Al Quwain,Bronze,false,2020-05-17,2025-01-01T00:00:00
C02347,Emma,Al Hashmi,emma.alhashmi2347@example.com,+971504208857,Sharjah,Sharjah,Bronze,true,2024-09-05,2025-01-01T00:00:00
C02240,Ali,Garcia,ali.garcia2240@example.com,+971505398696,Abu Dhabi,Abu Dhabi,Silver,true,2021-07-24,2025-01-01T00:00:00
C00049,Sana,Haddad,sana.haddad49@example.com,+971509186400,Fujairah,Fujairah,Silver,true,2020-06-13,2025-01-01T00:00:00
C00730,Noura,Al Zaabi,noura.alzaabi730@example.com,+971508462856,Ras Al Khaimah,Ras Al Khaimah,Bronze,false,2022-11-20,2025-01-01T00:00:00
C00065,Noura,Mansour,noura.mansour65@example.com,+971505398338,Dubai,Dubai,Gold,false,2023-01-03,2025-01-01T00:00:00
C02476,Angela,Taylor,angela.taylor2476@example.com,+971503213110,Dubai,Dubai,Bronze,true,2024-05-25,2025-01-01T00:00:00
C01775,Mariam,Nasser,mariam.nasser1775@example.com,+971502167300,Dubai,Dubai,Bronze,true,2021-11-23,2025-01-01T00:00:00
C00691,Saeed,Haddad,saeed.haddad691@example.com,+971507544296,Sharjah,Sharjah,Bronze,true,2022-12-26,2025-01-01T00:00:00
C01415,Dina,Haddad,dina.haddad1415@example.com,+971504937877,Al Ain,Abu Dhabi,Bronze,true,2021-06-22,2025-01-01T00:00:00
C01223,Priya,Qureshi,priya.qureshi1223@example.com,+971502161974,Dubai,Dubai,Bronze,true,2021-07-06,2025-01-01T00:00:00
C00882,Vikram,Farouk,vikram.farouk882@example.com,+971505447210,Abu Dhabi,Abu Dhabi,Platinum,false,2024-03-31,2025-01-01T00:00:00
C01493,Meera,Saleh,meera.saleh1493@example.com,+971509960965,Abu Dhabi,Abu Dhabi,Bronze,false,2024-08-05,2025-01-01T00:00:00
C01785,Khalid,Menon,khalid.menon1785@example.com,+971506009840,Dubai,Dubai,Gold,false,2022-03-04,2025-01-01T00:00:00
C02349,Jose,Cruz,jose.cruz2349@example.com,+971504627767,Fujairah,Fujairah,Silver,true,2020-01-20,2025-01-01T00:00:00
C00616,Dina,Pillai,dina.pillai616@example.com,+971508676330,Sharjah,Sharjah,Bronze,false,2022-06-18,2025-01-01T00:00:00
C02447,Sana,Brown,sana.brown2447@example.com,+971501283652,Al Ain,Abu Dhabi,Gold,true,2023-10-10,2025-01-01T00:00:00
C01329,Angela,Saleh,angela.saleh1329@example.com,+971505755035,Dubai,Dubai,Bronze,true,2022-08-08,2025-01-01T00:00:00
C01699,Aisha,Khoury,aisha.khoury1699@example.com,+971505895685,Al Ain,Abu Dhabi,Bronze,true,2023-08-12,2025-01-01T00:00:00
C01346,Tariq,Brown,tariq.brown1346@example.com,+971505863655,Dubai,Dubai,Bronze,true,2020-04-15,2025-01-01T00:00:00
C02092,Grace,Menon,grace.menon2092@example.com,+971502704824,Sharjah,Sharjah,Bronze,true,2021-04-29,2025-01-01T00:00:00
C02025,Yousef,Taylor,yousef.taylor2025@example.com,+971509863756,Sharjah,Sharjah,Bronze,true,2024-01-08,2025-01-01T00:00:00
C01250,Mariam,Al Zaabi,mariam.alzaabi1250@example.com,+971507063240,Abu Dhabi,Abu Dhabi,Bronze,true,2021-01-04,2025-01-01T00:00:00
C01647,Grace,Taylor,grace.taylor1647@example.com,+971503827685,Sharjah,Sharjah,Bronze,true,2021-11-21,2025-01-01T00:00:00
C01580,Emma,Al Ketbi,emma.alketbi1580@example.com,+971502011437,Ajman,Ajman,Bronze,true,2022-03-22,2025-01-01T00:00:00
C02546,Ali,Khoury,ali.khoury2546@example.com,+971508631549,Dubai,Dubai,Bronze,true,2023-01-15,2025-01-01T00:00:00
C01333,Hassan,Brown,hassan.brown1333@example.com,+971503349469,Abu Dhabi,Abu Dhabi,Silver,false,2024-01-12,2025-01-01T00:00:00
C02426,Ayesha,Sheikh,ayesha.sheikh2426@example.com,+971507555955,Abu Dhabi,Abu Dhabi,Gold,true,2021-12-19,2025-01-01T00:00:00
C01584,Rodel,Farouk,rodel.farouk1584@example.com,+971503553581,Ajman,Ajman,Bronze,false,2021-07-21,2025-01-01T00:00:00
C00326,Ayesha,Al Shamsi,ayesha.alshamsi326@example.com,+971506499465,Dubai,Dubai,Bronze,true,2021-09-15,2025-01-01T00:00:00
C00500,Rania,Reyes,rania.reyes500@example.com,+971509994347,Dubai,Dubai,Silver,true,2023-08-27,2025-01-01T00:00:00
C00596,Sana,Al Falasi,sana.alfalasi596@example.com,+971508905261,Dubai,Dubai,Bronze,false,2020-01-29,2025-01-01T00:00:00
C01248,Salma,Haddad,salma.haddad1248@example.com,+971501868201,Sharjah,Sharjah,Bronze,true,2024-01-27,2025-01-01T00:00:00
C01967,Olivia,Al Shamsi,olivia.alshamsi1967@example.com,+971507622282,Sharjah,Sharjah,Platinum,true,2021-05-26,2025-01-01T00:00:00
C01041,Sana,Brown,sana.brown1041@example.com,+971501907210,Dubai,Dubai,Silver,false,2024-02-09,2025-01-01T00:00:00
C00010,Dina,Iyer,dina.iyer10@example.com,+971505502929,Abu Dhabi,Abu Dhabi,Gold,false,2021-07-07,2025-01-01T00:00:00
C00965,Karim,Al Hashmi,karim.alhashmi965@example.com,+971508246900,Dubai,Dubai,Silver,false,2023-07-06,2025-01-01T00:00:00
C02571,Chloe,Wilson,chloe.wilson2571@example.com,+971504968858,Abu Dhabi,Abu Dhabi,Bronze,false,2020-08-05,2025-01-01T00:00:00
C00748,Yasmin,Iyer,yasmin.iyer748@example.com,+971504519758,Sharjah,Sharjah,Bronze,false,2020-08-20,2025-01-01T00:00:00
C00969,Anjali,Saleh,anjali.saleh969@example.com,+971501936000,Dubai,Dubai,Bronze,true,2020-04-22,2025-01-01T00:00:00
C00944,Anjali,Nasser,anjali.nasser944@example.com,+971509395862,Abu Dhabi,Abu Dhabi,Silver,true,2020-09-14,2025-01-01T00:00:00
C02159,Jose,Cruz,jose.cruz2159@example.com,+971501328167,Dubai,Dubai,Bronze,true,2020-11-26,2025-01-01T00:00:00
C02300,Mark,Santos,mark.santos2300@example.com,+971501218806,Dubai,Dubai,Gold,true,2022-03-09,2025-01-01T00:00:00
C01763,Zainab,Al Ketbi,zainab.alketbi1763@example.com,+971504746911,Al Ain,Abu Dhabi,Bronze,true,2020-10-20,2025-01-01T00:00:00
C00061,Liam,Khan,liam.khan61@example.com,+971505951131,Dubai,Dubai,Silver,true,2022-01-17,2025-01-01T00:00:00
C00316,Zainab,Nair,zainab.nair316@example.com,+971506098752,Dubai,Dubai,Bronze,true,2020-01-17,2025-01-01T00:00:00
C02388,Arjun,Al Zaabi,arjun.alzaabi2388@example.com,+971507574689,Abu Dhabi,Abu Dhabi,Bronze,true,2023-01-13,2025-01-01T00:00:00
C00642,Mohammed,Qureshi,mohammed.qureshi642@example.com,+971506669639,Dubai,Dubai,Gold,false,2023-06-15,2025-01-01T00:00:00
C01061,Jose,Garcia,jose.garcia1061@example.com,+971503825261,Dubai,Dubai,Bronze,true,2024-03-12,2025-01-01T00:00:00
C00614,Yousef,Hussain,yousef.hussain614@example.com,+971501540722,Dubai,Dubai,Silver,true,2022-08-28,2025-01-01T00:00:00
C01700,Sana,Farouk,sana.farouk1700@example.com,+971508390875,Dubai,Dubai,Gold,true,2021-02-02,2025-01-01T00:00:00
C00803,Khalid,Al Falasi,khalid.alfalasi803@example.com,+971509342869,Dubai,Dubai,Silver,true,2022-07-20,2025-01-01T00:00:00
C02241,Fatima,Nair,fatima.nair2241@example.com,+971505590247,Sharjah,Sharjah,Silver,true,2023-08-24,2025-01-01T00:00:00
C00443,Rashid,Cruz,rashid.cruz443@example.com,+971503456660,Sharjah,Sharjah,Silver,true,2024-03-16,2025-01-01T00:00:00
C01013,Hamdan,Al Mansoori,hamdan.almansoori1013@example.com,+971508478135,Umm Al Quwain,Umm Al Quwain,Gold,true,2021-07-18,2025-01-01T00:00:00
C01705,Yasmin,Haddad,yasmin.haddad1705@example.com,+971507488875,Dubai,Dubai,Gold,true,2023-03-16,2025-01-01T00:00:00
C02471,Hassan,Santos,hassan.santos2471@example.com,+971505425734,Ajman,Ajman,Bronze,false,2021-04-08,2025-01-01T00:00:00
C01751,Zainab,Al Mansoori,zainab.almansoori1751@example.com,+971503898766,Abu Dhabi,Abu Dhabi,Silver,true,2022-03-29,2025-01-01T00:00:00
C00328,Grace,Patel,grace.patel328@example.com,+971502709721,Dubai,Dubai,Bronze,true,2022-04-08,2025-01-01T00:00:00
C01291,Reem,Al Zaabi,reem.alzaabi1291@example.com,+971505621443,Abu Dhabi,Abu Dhabi,Gold,false,2021-06-29,2025-01-01T00:00:00
C01972,Rashid,Al Ketbi,rashid.alketbi1972@example.com,+971501999793,Sharjah,Sharjah,Bronze,true,2022-08-07,2025-01-01T00:00:00
C01121,Ayesha,Patel,ayesha.patel1121@example.com,+971508016965,Al Ain,Abu Dhabi,Bronze,true,2022-01-28,2025-01-01T00:00:00
C01342,Khalid,Menon,khalid.menon1342@example.com,+971503358248,Dubai,Dubai,Bronze,true,2023-10-01,2025-01-01T00:00:00
C00724,Farhan,Al Shamsi,farhan.alshamsi724@example.com,+971509386722,Al Ain,Abu Dhabi,Platinum,false,2023-06-04,2025-01-01T00:00:00
C01899,Emma,Al Falasi,emma.alfalasi1899@example.com,+971508710913,Dubai,Dubai,Silver,false,2023-10-09,2025-01-01T00:00:00
C02272,Rodel,Brown,rodel.brown2272@example.com,+971504301912,Sharjah,Sharjah,Bronze,false,2023-08-28,2025-01-01T00:00:00
C02338,Rashid,Menon,rashid.menon2338@example.com,+971501163295,Al Ain,Abu Dhabi,Bronze,false,2022-03-24,2025-01-01T00:00:00
C01754,Emma,Al Ketbi,emma.alketbi1754@example.com,+971502778577,Dubai,Dubai,Platinum,false,2020-11-23,2025-01-01T00:00:00
C02445,James,Al Shamsi,james.alshamsi2445@example.com,+971505218246,Dubai,Dubai,Silver,false,2021-07-20,2025-01-01T00:00:00
C01151,Ahmed,Khan,ahmed.khan1151@example.com,+971507063033,Dubai,Dubai,Bronze,true,2023-10-02,2025-01-01T00:00:00
C00608,Hamdan,Khan,hamdan.khan608@example.com,+971509787997,Dubai,Dubai,Bronze,false,2023-11-01,2025-01-01T00:00:00
C01611,Rania,Al Shamsi,rania.alshamsi1611@example.com,+971507459731,Sharjah,Sharjah,Silver,false,2020-10-24,2025-01-01T00:00:00
C01927,Oliver,Nair,oliver.nair1927@example.com,+971506578724,Dubai,Dubai,Bronze,false,2024-08-15,2025-01-01T00:00:00
C01038,Emma,Cruz,emma.cruz1038@example.com,+971507304004,Dubai,Dubai,Silver,true,2022-02-06,2025-01-01T00:00:00
C00549,Yousef,Cruz,yousef.cruz549@example.com,+971508639388,Dubai,Dubai,Bronze,false,2021-01-08,2025-01-01T00:00:00
C01788,Maria,Smith,maria.smith1788@example.com,+971507555770,Al Ain,Abu Dhabi,Silver,false,2024-01-14,2025-01-01T00:00:00
C01531,Maria,Fernandes,maria.fernandes1531@example.com,+971503707494,Ajman,Ajman,Bronze,false,2023-09-01,2025-01-01T00:00:00
C02275,Chloe,Haddad,chloe.haddad2275@example.com,+971502220978,Sharjah,Sharjah,Bronze,true,2024-11-11,2025-01-01T00:00:00
C00407,Maria,Reyes,maria.reyes407@example.com,+971501815153,Sharjah,Sharjah,Silver,false,2020-03-17,2025-01-01T00:00:00
C01053,Fatima,Al Falasi,fatima.alfalasi1053@example.com,+971503723988,Abu Dhabi,Abu Dhabi,Silver,false,2024-12-17,2025-01-01T00:00:00
C01790,Mohammed,Al Ketbi,mohammed.alketbi1790@example.com,+971505600838,Ajman,Ajman,Bronze,true,2024-10-12,2025-01-01T00:00:00
C02119,Jose,Sharma,jose.sharma2119@example.com,+971504264306,Ajman,Ajman,Bronze,true,2021-07-05,2025-01-01T00:00:00
C00725,Anjali,Wilson,anjali.wilson725@example.com,+971504953366,Abu Dhabi,Abu Dhabi,Bronze,true,2024-05-21,2025-01-01T00:00:00
C00858,Yousef,Al Shamsi,yousef.alshamsi858@example.com,+971505366969,Abu Dhabi,Abu Dhabi,Bronze,false,2022-01-29,2025-01-01T00:00:00
C01685,Ayesha,Smith,ayesha.smith1685@example.com,+971504415979,Dubai,Dubai,Bronze,false,2021-03-29,2025-01-01T00:00:00
C01358,Yousef,Khoury,yousef.khoury1358@example.com,+971503053134,Al Ain,Abu Dhabi,Bronze,true,2021-08-21,2025-01-01T00:00:00
C01099,Layla,Haddad,layla.haddad1099@example.com,+971502503425,Sharjah,Sharjah,Gold,false,2023-05-05,2025-01-01T00:00:00
C02583,Anjali,Cruz,anjali.cruz2583@example.com,+971506464008,Sharjah,Sharjah,Silver,true,2022-03-07,2025-01-01T00:00:00
C01836,Omar,Hussain,omar.hussain1836@example.com,+971507937523,Dubai,Dubai,Gold,false,2022-11-17,2025-01-01T00:00:00
C00879,Hassan,Al Ketbi,hassan.alketbi879@example.com,+971501756566,Al Ain,Abu Dhabi,Bronze,true,2021-08-28,2025-01-01T00:00:00
C01343,Omar,Brown,omar.brown1343@example.com,+971509860962,Dubai,Dubai,Bronze,true,2023-01-24,2025-01-01T00:00:00
C01958,Yousef,Al Zaabi,yousef.alzaabi1958@example.com,+971501067267,Dubai,Dubai,Gold,true,2020-04-16,2025-01-01T00:00:00
C02514,Grace,Al Nuaimi,grace.alnuaimi2514@example.com,+971509700075,Dubai,Dubai,Bronze,true,2021-09-10,2025-01-01T00:00:00
C00135,Bilal,Al Ketbi,bilal.alketbi135@example.com,+971506568772,Ajman,Ajman,Bronze,true,2021-08-08,2025-01-01T00:00:00
C01484,Hassan,Saleh,hassan.saleh1484@example.com,+971508945220,Sharjah,Sharjah,Bronze,true,2023-04-30,2025-01-01T00:00:00
C00677,Dina,Qureshi,dina.qureshi677@example.com,+971508115631,Al Ain,Abu Dhabi,Gold,true,2022-05-21,2025-01-01T00:00:00
C02355,Chloe,Al Ketbi,chloe.alketbi2355@example.com,+971507490389,Dubai,Dubai,Bronze,true,2024-08-15,2025-01-01T00:00:00
C00449,Maria,Al Shamsi,maria.alshamsi449@example.com,+971505433204,Abu Dhabi,Abu Dhabi,Bronze,false,2020-09-01,2025-01-01T00:00:00
C00764,Yousef,Al Falasi,yousef.alfalasi764@example.com,+971507738231,Dubai,Dubai,Bronze,true,2020-03-23,2025-01-01T00:00:00
C01925,Tariq,Pillai,tariq.pillai1925@example.com,+971504393282,Fujairah,Fujairah,Bronze,false,2022-11-16,2025-01-01T00:00:00
C00519,Meera,Pillai,meera.pillai519@example.com,+971501709057,Abu Dhabi,Abu Dhabi,Bronze,true,2020-06-09,2025-01-01T00:00:00
C00623,Hamdan,Mansour,hamdan.mansour623@example.com,+971506437072,Dubai,Dubai,Silver,true,2023-12-30,2025-01-01T00:00:00
C01323,Emma,Nair,emma.nair1323@example.com,+971501000599,Dubai,Dubai,Silver,true,2020-01-14,2025-01-01T00:00:00
C02068,Reem,D'Souza,reem.dsouza2068@example.com,+971501293589,Dubai,Dubai,Gold,false,2023-08-24,2025-01-01T00:00:00
C00427,Hassan,Farouk,hassan.farouk427@example.com,+971509362706,Dubai,Dubai,Bronze,false,2022-06-28,2025-01-01T00:00:00
C01616,Priya,Al Zaabi,priya.alzaabi1616@example.com,+971508155726,Sharjah,Sharjah,Platinum,true,2022-11-29,2025-01-01T00:00:00
C01010,Rashid,Smith,rashid.smith1010@example.com,+971507893107,Ajman,Ajman,Bronze,true,2020-01-23,2025-01-01T00:00:00
C01850,Hassan,Mansour,hassan.mansour1850@example.com,+971503455176,Abu Dhabi,Abu Dhabi,Silver,true,2021-07-08,2025-01-01T00:00:00
C01112,Mariam,Reyes,mariam.reyes1112@example.com,+971503403234,Al Ain,Abu Dhabi,Bronze,false,2022-07-23,2025-01-01T00:00:00
C00780,Tariq,Hussain,tariq.hussain780@example.com,+971506305130,Al Ain,Abu Dhabi,Silver,true,2020-07-12,2025-01-01T00:00:00
C01476,Hamdan,Qureshi,hamdan.qureshi1476@example.com,+971505351239,Umm Al Quwain,Umm Al Quwain,Bronze,true,2024-12-14,2025-01-01T00:00:00
C02200,Anjali,Nair,anjali.nair2200@example.com,+971503935687,Sharjah,Sharjah,Silver,true,2022-10-04,2025-01-01T00:00:00
C00524,Chloe,Reyes,chloe.reyes524@example.com,+971508907862,Dubai,Dubai,Bronze,true,2021-01-18,2025-01-01T00:00:00
C01016,Angela,Patel,angela.patel1016@example.com,+971508249042,Dubai,Dubai,Bronze,false,2020-12-24,2025-01-01T00:00:00
C01861,Tariq,Haddad,tariq.haddad1861@example.com,+971504895346,Abu Dhabi,Abu Dhabi,Gold,true,2024-10-29,2025-01-01T00:00:00
C01592,Olivia,Menon,olivia.menon1592@example.com,+971508496267,Abu Dhabi,Abu Dhabi,Bronze,true,2022-06-28,2025-01-01T00:00:00
C01390,Lucas,Patel,lucas.patel1390@example.com,+971507838685,Sharjah,Sharjah,Silver,false,2020-09-13,2025-01-01T00:00:00
C02031,Farhan,Fernandes,farhan.fernandes2031@example.com,+971505621002,Abu Dhabi,Abu Dhabi,Silver,true,2023-02-12,2025-01-01T00:00:00
C01846,Sophie,Nasser,sophie.nasser1846@example.com,+971508110991,Dubai,Dubai,Silver,false,2021-11-17,2025-01-01T00:00:00
C02071,Mariam,Haddad,mariam.haddad2071@example.com,+971506783398,Abu Dhabi,Abu Dhabi,Silver,false,2021-06-28,2025-01-01T00:00:00
C01224,Grace,Nasser,grace.nasser1224@example.com,+971505352802,Abu Dhabi,Abu Dhabi,Gold,true,2023-12-29,2025-01-01T00:00:00
C01969,Grace,Sheikh,grace.sheikh1969@example.com,+971503067693,Dubai,Dubai,Bronze,true,2021-02-26,2025-01-01T00:00:00
C01359,Shamma,Pillai,shamma.pillai1359@example.com,+971506988766,Sharjah,Sharjah,Bronze,true,2023-01-18,2025-01-01T00:00:00
C01938,Rashid,Saleh,rashid.saleh1938@example.com,+971503749908,Dubai,Dubai,Bronze,false,2022-05-01,2025-01-01T00:00:00
C00801,Noura,Sharma,noura.sharma801@example.com,+971509373678,Ajman,Ajman,Silver,false,2022-04-07,2025-01-01T00:00:00
C00625,Dina,Hussain,dina.hussain625@example.com,+971507385526,Dubai,Dubai,Silver,false,2022-11-13,2025-01-01T00:00:00
C00568,Vikram,Al Zaabi,vikram.alzaabi568@example.com,+971503177250,Dubai,Dubai,Gold,true,2022-12-07,2025-01-01T00:00:00
C01562,Mark,Garcia,mark.garcia1562@example.com,+971508435634,Dubai,Dubai,Silver,true,2024-04-06,2025-01-01T00:00:00
C02517,Priya,Qureshi,priya.qureshi2517@example.com,+971504509845,Abu Dhabi,Abu Dhabi,Gold,true,2022-10-14,2025-01-01T00:00:00
C01653,Dina,Iyer,dina.iyer1653@example.com,+971507954589,Ajman,Ajman,Bronze,false,2020-02-12,2025-01-01T00:00:00
C00189,Sana,Cruz,sana.cruz189@example.com,+971509796605,Abu Dhabi,Abu Dhabi,Gold,true,2020-08-07,2025-01-01T00:00:00
C01414,Mark,Al Zaabi,mark.alzaabi1414@example.com,+971504498837,Al Ain,Abu Dhabi,Bronze,true,2020-01-07,2025-01-01T00:00:00
C01602,Karim,Taylor,karim.taylor1602@example.com,+971505449004,Ras Al Khaimah,Ras Al Khaimah,Bronze,true,2022-04-06,2025-01-01T00:00:00
C01811,Anjali,Patel,anjali.patel1811@example.com,+971506081107,Sharjah,Sharjah,Bronze,true,2023-11-24,2025-01-01T00:00:00
C02495,Yasmin,Taylor,yasmin.taylor2495@example.com,+971502312681,Dubai,Dubai,Gold,false,2021-07-23,2025-01-01T00:00:00
C02491,Mohammed,Khan,mohammed.khan2491@example.com,+971502808703,Dubai,Dubai,Bronze,true,2020-10-06,2025-01-01T00:00:00
C01657,Tariq,Sharma,tariq.sharma1657@example.com,+971504757489,Sharjah,Sharjah,Bronze,false,2024-08-19,2025-01-01T00:00:00
C02181,Yousef,Sheikh,yousef.sheikh2181@example.com,+971507301135,Abu Dhabi,Abu Dhabi,Bronze,false,2021-10-30,2025-01-01T00:00:00
C00051,Grace,Hussain,grace.hussain51@example.com,+971501485654,Sharjah,Sharjah,Bronze,true,2020-07-24,2025-01-01T00:00:00
C00591,Chloe,D'Souza,chloe.dsouza591@example.com,+971502201986,Dubai,Dubai,Silver,true,2021-02-05,2025-01-01T00:00:00
C01301,Karim,Al Nuaimi,karim.alnuaimi1301@example.com,+971507884009,Dubai,Dubai,Silver,true,2024-01-31,2025-01-01T00:00:00
C01505,Mohammed,Santos,mohammed.santos1505@example.com,+971506987542,Dubai,Dubai,Bronze,true,2024-04-19,2025-01-01T00:00:00
C02084,Hassan,Al Zaabi,hassan.alzaabi2084@example.com,+971505421566,Sharjah,Sharjah,Bronze,true,2020-11-25,2025-01-01T00:00:00
C01936,Yasmin,Nair,yasmin.nair1936@example.com,+971508205822,Dubai,Dubai,Bronze,true,2023-01-21,2025-01-01T00:00:00
C02231,Mark,Al Nuaimi,mark.alnuaimi2231@example.com,+971509584911,Dubai,Dubai,Bronze,true,2023-06-06,2025-01-01T00:00:00
C00490,Jose,Al Nuaimi,jose.alnuaimi490@example.com,+971505755579,Ajman,Ajman,Bronze,true,2022-11-24,2025-01-01T00:00:00
C00745,Dina,Menon,dina.menon745@example.com,+971502358267,Sharjah,Sharjah,Silver,true,2023-11-30,2025-01-01T00:00:00
C00925,Olivia,Hussain,olivia.hussain925@example.com,+971507196363,Fujairah,Fujairah,Silver,true,2020-03-07,2025-01-01T00:00:00
C01176,Farhan,Santos,farhan.santos1176@example.com,+971503064864,Abu Dhabi,Abu Dhabi,Gold,true,2023-01-18,2025-01-01T00:00:00
C01649,Mariam,Khoury,mariam.khoury1649@example.com,+971503445538,Ajman,Ajman,Bronze,true,2020-07-10,2025-01-01T00:00:00
C02083,Mohammed,Al Suwaidi,mohammed.alsuwaidi2083@example.com,+971509255969,Sharjah,Sharjah,Gold,false,2021-12-06,2025-01-01T00:00:00
C00532,Hassan,Qureshi,hassan.qureshi532@example.com,+971505774942,Umm Al Quwain,Umm Al Quwain,Bronze,true,2021-02-11,2025-01-01T00:00:00
C00285,Imran,Al Mansoori,imran.almansoori285@example.com,+971502562657,Ajman,Ajman,Silver,false,2022-09-26,2025-01-01T00:00:00
C00868,Imran,Sheikh,imran.sheikh868@example.com,+971508721431,Dubai,Dubai,Bronze,false,2020-08-05,2025-01-01T00:00:00
C01456,Ali,Al Falasi,ali.alfalasi1456@example.com,+971507597584,Dubai,Dubai,Silver,false,2022-10-21,2025-01-01T00:00:00
C01334,Omar,Iyer,omar.iyer1334@example.com,+971508914690,Dubai,Dubai,Silver,false,2022-03-17,2025-01-01T00:00:00
C00789,Vikram,Al Mansoori,vikram.almansoori789@example.com,+971503076911,Sharjah,Sharjah,Silver,true,2021-09-09,2025-01-01T00:00:00
C01853,Emma,Al Hashmi,emma.alhashmi1853@example.com,+971507490848,Abu Dhabi,Abu Dhabi,Bronze,true,2023-07-10,2025-01-01T00:00:00
C02261,James,Iyer,james.iyer2261@example.com,+971503253793,Dubai,Dubai,Silver,true,2022-05-26,2025-01-01T00:00:00
C01609,Priya,Qureshi,priya.qureshi1609@example.com,+971506051756,Sharjah,Sharjah,Silver,true,2021-04-08,2025-01-01T00:00:00
C00536,Olivia,D'Souza,olivia.dsouza536@example.com,+971507945583,Fujairah,Fujairah,Bronze,true,2022-01-13,2025-01-01T00:00:00
C01664,Liam,Nair,liam.nair1664@example.com,+971504008839,Dubai,Dubai,Bronze,false,2020-11-26,2025-01-01T00:00:00
C00279,Ayesha,Saleh,ayesha.saleh279@example.com,+971503335975,Dubai,Dubai,Silver,false,2021-12-19,2025-01-01T00:00:00
C02530,Meera,Al Mansoori,meera.almansoori2530@example.com,+971507514041,Dubai,Dubai,Silver,true,2020-09-30,2025-01-01T00:00:00
C00041,Rodel,Sheikh,rodel.sheikh41@example.com,+971509526867,Al Ain,Abu Dhabi,Gold,false,2021-05-14,2025-01-01T00:00:00
C00401,Lucas,Nair,lucas.nair401@example.com,+971501236174,Sharjah,Sharjah,Silver,true,2020-03-18,2025-01-01T00:00:00
C01309,Vikram,Al Mansoori,vikram.almansoori1309@example.com,+971503310537,Dubai,Dubai,Gold,false,2021-12-22,2025-01-01T00:00:00
C01021,Meera,Mansour,meera.mansour1021@example.com,+971507699844,Abu Dhabi,Abu Dhabi,Bronze,true,2023-11-23,2025-01-01T00:00:00
C01951,Ravi,Al Shamsi,ravi.alshamsi1951@example.com,+971501921287,Ajman,Ajman,Silver,false,2022-05-21,2025-01-01T00:00:00
C02263,Priya,D'Souza,priya.dsouza2263@example.com,+971502006106,Abu Dhabi,Abu Dhabi,Silver,false,2022-10-27,2025-01-01T00:00:00
C00028,Hamdan,Saleh,hamdan.saleh28@example.com,+971504771676,Dubai,Dubai,Gold,false,2023-09-16,2025-01-01T00:00:00
C02265,Hamdan,Al Suwaidi,hamdan.alsuwaidi2265@example.com,+971507012365,Dubai,Dubai,Gold,false,2020-09-18,2025-01-01T00:00:00
C01816,James,Haddad,james.haddad1816@example.com,+971502644281,Sharjah,Sharjah,Silver,false,2023-12-05,2025-01-01T00:00:00
C00345,Hessa,Al Falasi,hessa.alfalasi345@example.com,+971507121835,Ajman,Ajman,Bronze,false,2023-12-14,2025-01-01T00:00:00
C00788,Vikram,Fernandes,vikram.fernandes788@example.com,+971508869895,Abu Dhabi,Abu Dhabi,Gold,true,2024-06-12,2025-01-01T00:00:00
C02493,Mark,Mansour,mark.mansour2493@example.com,+971501179619,Dubai,Dubai,Gold,true,2023-10-04,2025-01-01T00:00:00
C01149,Layla,Al Shamsi,layla.alshamsi1149@example.com,+971506396217,Dubai,Dubai,Bronze,true,2020-04-07,2025-01-01T00:00:00
C02098,Grace,Al Nuaimi,grace.alnuaimi2098@example.com,+971508192211,Abu Dhabi,Abu Dhabi,Silver,false,2024-03-16,2025-01-01T00:00:00
C00244,Chloe,Fernandes,chloe.fernandes244@example.com,+971501440601,Abu Dhabi,Abu Dhabi,Bronze,true,2023-02-14,2025-01-01T00:00:00
C01682,Olivia,Qureshi,olivia.qureshi1682@example.com,+971501804568,Al Ain,Abu Dhabi,Bronze,false,2023-04-18,2025-01-01T00:00:00
C00432,Fatima,Hussain,fatima.hussain432@example.com,+971507865417,Abu Dhabi,Abu Dhabi,Bronze,true,2020-08-05,2025-01-01T00:00:00
C01239,Ravi,Santos,ravi.santos1239@example.com,+971505437558,Ajman,Ajman,Gold,false,2022-11-05,2025-01-01T00:00:00
C00836,James,Taylor,james.taylor836@example.com,+971501353566,Sharjah,Sharjah,Gold,false,2022-01-13,2025-01-01T00:00:00
C02170,Liam,Al Suwaidi,liam.alsuwaidi2170@example.com,+971503503418,Dubai,Dubai,Silver,false,2021-03-06,2025-01-01T00:00:00
C02475,Imran,Garcia,imran.garcia2475@example.com,+971509700196,Ras Al Khaimah,Ras Al Khaimah,Bronze,false,2022-09-07,2025-01-01T00:00:00
C00466,Ravi,Sheikh,ravi.sheikh466@example.com,+971507260091,Dubai,Dubai,Silver,true,2023-01-22,2025-01-01T00:00:00
C00332,Hassan,Saleh,hassan.saleh332@example.com,+971507626978,Sharjah,Sharjah,Bronze,false,2020-12-10,2025-01-01T00:00:00
C00372,Angela,Reyes,angela.reyes372@example.com,+971509146760,Al Ain,Abu Dhabi,Silver,true,2024-12-02,2025-01-01T00:00:00
C00306,Reem,Al Ketbi,reem.alketbi306@example.com,+971508289425,Dubai,Dubai,Bronze,true,2024-09-29,2025-01-01T00:00:00
C00706,Vikram,Haddad,vikram.haddad706@example.com,+971506533643,Dubai,Dubai,Silver,true,2020-03-18,2025-01-01T00:00:00
C01231,Hassan,Al Mansoori,hassan.almansoori1231@example.com,+971507103458,Dubai,Dubai,Bronze,true,2023-10-23,2025-01-01T00:00:00
C01318,Reem,Fernandes,reem.fernandes1318@example.com,+971505921482,Dubai,Dubai,Silver,true,2021-09-11,2025-01-01T00:00:00
C01355,Bilal,Nair,bilal.nair1355@example.com,+971501971778,Dubai,Dubai,Bronze,true,2022-01-23,2025-01-01T00:00:00
C02239,Imran,Fernandes,imran.fernandes2239@example.com,+971506577597,Dubai,Dubai,Gold,true,2021-06-05,2025-01-01T00:00:00
C00048,Hessa,Al Zaabi,hessa.alzaabi48@example.com,+971505446344,Abu Dhabi,Abu Dhabi,Silver,true,2023-09-02,2025-01-01T00:00:00
C01985,Saeed,Nasser,saeed.nasser1985@example.com,+971504438647,Ajman,Ajman,Bronze,false,2020-10-07,2025-01-01T00:00:00
C02259,Tariq,Wilson,tariq.wilson2259@example.com,+971501900920,Dubai,Dubai,Silver,false,2021-11-15,2025-01-01T00:00:00
C01171,Omar,Sheikh,omar.sheikh1171@example.com,+971505114676,Dubai,Dubai,Gold,false,2021-01-19,2025-01-01T00:00:00
C02125,Meera,Fernandes,meera.fernandes2125@example.com,+971502250064,Sharjah,Sharjah,Gold,true,2020-09-02,2025-01-01T00:00:00
C01128,Ali,D'Souza,ali.dsouza1128@example.com,+971503932895,Ras Al Khaimah,Ras Al Khaimah,Bronze,true,2023-10-13,2025-01-01T00:00:00
C02021,Yasmin,Qureshi,yasmin.qureshi2021@example.com,+971508946390,Abu Dhabi,Abu Dhabi,Gold,true,2024-10-21,2025-01-01T00:00:00
C02557,Shamma,Garcia,shamma.garcia2557@example.com,+971503726425,Abu Dhabi,Abu Dhabi,Bronze,true,2022-07-06,2025-01-01T00:00:00
C01604,Liam,D'Souza,liam.dsouza1604@example.com,+971502679655,Dubai,Dubai,Bronze,true,2023-05-10,2025-01-01T00:00:00
C02595,Lucas,Al Nuaimi,lucas.alnuaimi2595@example.com,+971503093993,Dubai,Dubai,Bronze,false,2022-11-11,2025-01-01T00:00:00
C02350,Rania,Al Falasi,rania.alfalasi2350@example.com,+971506841991,Dubai,Dubai,Gold,false,2023-11-14,2025-01-01T00:00:00
C02590,Noura,Fernandes,noura.fernandes2590@example.com,+971507178098,Dubai,Dubai,Bronze,true,2022-04-11,2025-01-01T00:00:00
C02501,Dina,Qureshi,dina.qureshi2501@example.com,+971501839639,Ras Al Khaimah,Ras Al Khaimah,Bronze,true,2020-08-04,2025-01-01T00:00:00
C00417,Arjun,Al Suwaidi,arjun.alsuwaidi417@example.com,+971506749933,Dubai,Dubai,Bronze,true,2023-06-27,2025-01-01T00:00:00
C00506,Jose,D'Souza,jose.dsouza506@example.com,+971501964069,Dubai,Dubai,Silver,true,2022-02-26,2025-01-01T00:00:00
C00074,Hessa,Al Mansoori,hessa.almansoori74@example.com,+971503427461,Dubai,Dubai,Bronze,false,2024-05-04,2025-01-01T00:00:00
C02359,Omar,Pillai,omar.pillai2359@example.com,+971507366667,Dubai,Dubai,Bronze,false,2020-01-23,2025-01-01T00:00:00
C02266,Arjun,Farouk,arjun.farouk2266@example.com,+971507854309,Dubai,Dubai,Gold,false,2024-06-30,2025-01-01T00:00:00
C00069,Farhan,Nasser,farhan.nasser69@example.com,+971503592464,Abu Dhabi,Abu Dhabi,Silver,false,2024-03-01,2025-01-01T00:00:00
C00955,Ahmed,Sharma,ahmed.sharma955@example.com,+971505716653,Sharjah,Sharjah,Bronze,false,2022-06-29,2025-01-01T00:00:00
C02262,Mariam,Qureshi,mariam.qureshi2262@example.com,+971502676290,Dubai,Dubai,Bronze,false,2020-07-31,2025-01-01T00:00:00
C01897,Hessa,Saleh,hessa.saleh1897@example.com,+971505280671,Abu Dhabi,Abu Dhabi,Bronze,true,2024-06-25,2025-01-01T00:00:00
C01432,Tariq,Garcia,tariq.garcia1432@example.com,+971508132878,Sharjah,Sharjah,Bronze,true,2021-02-01,2025-01-01T00:00:00
C02013,Oliver,Al Shamsi,oliver.alshamsi2013@example.com,+971508866406,Dubai,Dubai,Bronze,true,2021-08-14,2025-01-01T00:00:00
C02392,Zainab,Al Ketbi,zainab.alketbi2392@example.com,+971505814049,Dubai,Dubai,Bronze,true,2022-01-11,2025-01-01T00:00:00
C00742,Vikram,Garcia,vikram.garcia742@example.com,+971508705487,Dubai,Dubai,Platinum,true,2022-09-09,2025-01-01T00:00:00
C01105,Tariq,Qureshi,tariq.qureshi1105@example.com,+971508503322,Dubai,Dubai,Bronze,true,2021-01-05,2025-01-01T00:00:00
C01073,Imran,Al Nuaimi,imran.alnuaimi1073@example.com,+971501767629,Al Ain,Abu Dhabi,Bronze,true,2023-07-30,2025-01-01T00:00:00
C00753,Karim,Al Nuaimi,karim.alnuaimi753@example.com,+971503215051,Dubai,Dubai,Bronze,true,2022-12-02,2025-01-01T00:00:00
C02470,Jose,Patel,jose.patel2470@example.com,+971505067771,Sharjah,Sharjah,Bronze,true,2020-09-05,2025-01-01T00:00:00
C00179,Meera,Reyes,meera.reyes179@example.com,+971504225657,Abu Dhabi,Abu Dhabi,Bronze,true,2021-12-26,2025-01-01T00:00:00
C01479,Ravi,Menon,ravi.menon1479@example.com,+971509451778,Dubai,Dubai,Bronze,false,2024-06-18,2025-01-01T00:00:00
C00230,Layla,Al Hashmi,layla.alhashmi230@example.com,+971509797727,Ras Al Khaimah,Ras Al Khaimah,Bronze,true,2022-05-31,2025-01-01T00:00:00
C02268,Ali,Iyer,ali.iyer2268@example.com,+971508215607,Dubai,Dubai,Silver,false,2024-02-15,2025-01-01T00:00:00
C01756,Karim,Hussain,karim.hussain1756@example.com,+971506211203,Dubai,Dubai,Silver,true,2021-09-22,2025-01-01T00:00:00
C02168,Ali,Al Shamsi,ali.alshamsi2168@example.com,+971505666250,Dubai,Dubai,Bronze,true,2020-05-04,2025-01-01T00:00:00
C02341,Tariq,Al Nuaimi,tariq.alnuaimi2341@example.com,+971505948136,Dubai,Dubai,Silver,true,2020-07-13,2025-01-01T00:00:00
C00329,Saeed,Khan,saeed.khan329@example.com,+971507720647,Dubai,Dubai,Silver,false,2024-05-18,2025-01-01T00:00:00
C01808,Zainab,Khoury,zainab.khoury1808@example.com,+971507590085,Abu Dhabi,Abu Dhabi,Silver,false,2024-06-20,2025-01-01T00:00:00
C00381,Grace,Qureshi,grace.qureshi381@example.com,+971508962169,Fujairah,Fujairah,Bronze,false,2023-05-01,2025-01-01T00:00:00
C01438,Mariam,Sheikh,mariam.sheikh1438@example.com,+971508944257,Al Ain,Abu Dhabi,Silver,true,2021-05-26,2025-01-01T00:00:00
C01624,Ahmed,Al Zaabi,ahmed.alzaabi1624@example.com,+971506227870,Dubai,Dubai,Gold,true,2021-09-06,2025-01-01T00:00:00
C01444,Karim,D'Souza,karim.dsouza1444@example.com,+971508015348,Abu Dhabi,Abu Dhabi,Bronze,true,2020-12-15,2025-01-01T00:00:00
C00570,Aisha,Taylor,aisha.taylor570@example.com,+971502189067,Dubai,Dubai,Gold,true,2021-06-08,2025-01-01T00:00:00
C00287,Sana,Khan,sana.khan287@example.com,+971509142618,Abu Dhabi,Abu Dhabi,Gold,false,2021-08-03,2025-01-01T00:00:00
C00772,Ali,Khan,ali.khan772@example.com,+971507405029,Dubai,Dubai,Silver,true,2023-03-09,2025-01-01T00:00:00
C01978,Sophie,Garcia,sophie.garcia1978@example.com,+971501340570,Sharjah,Sharjah,Silver,false,2023-09-10,2025-01-01T00:00:00
C01351,Chloe,Iyer,chloe.iyer1351@example.com,+971505538377,Fujairah,Fujairah,Bronze,true,2020-06-14,2025-01-01T00:00:00
C01588,Hassan,Sheikh,hassan.sheikh1588@example.com,+971503487789,Dubai,Dubai,Bronze,true,2024-01-04,2025-01-01T00:00:00
C00448,Grace,Qureshi,grace.qureshi448@example.com,+971502249382,Umm Al Quwain,Umm Al Quwain,Platinum,false,2021-08-25,2025-01-01T00:00:00
C01806,Oliver,Al Shamsi,oliver.alshamsi1806@example.com,+971501067788,Abu Dhabi,Abu Dhabi,Gold,false,2020-08-17,2025-01-01T00:00:00
C02169,Hassan,Smith,hassan.smith2169@example.com,+971502114148,Dubai,Dubai,Gold,true,2020-06-16,2025-01-01T00:00:00
C01192,Zainab,Al Ketbi,zainab.alketbi1192@example.com,+971502237660,Sharjah,Sharjah,Gold,false,2022-05-19,2025-01-01T00:00:00
C00297,Noura,Haddad,noura.haddad297@example.com,+971508203947,Dubai,Dubai,Silver,true,2024-03-21,2025-01-01T00:00:00
C00121,Grace,Fernandes,grace.fernandes121@example.com,+971508339571,Dubai,Dubai,Gold,true,2021-07-12,2025-01-01T00:00:00
C01299,Grace,Pillai,grace.pillai1299@example.com,+971505317440,Sharjah,Sharjah,Bronze,true,2021-11-18,2025-01-01T00:00:00
C02144,Liam,Cruz,liam.cruz2144@example.com,+971503511627,Al Ain,Abu Dhabi,Bronze,true,2022-06-22,2025-01-01T00:00:00
C01513,Oliver,Al Shamsi,oliver.alshamsi1513@example.com,+971504041045,Al Ain,Abu Dhabi,Bronze,true,2021-07-20,2025-01-01T00:00:00
C00770,Hessa,Menon,hessa.menon770@example.com,+971509813089,Dubai,Dubai,Bronze,false,2020-06-25,2025-01-01T00:00:00
C00103,Ali,Al Zaabi,ali.alzaabi103@example.com,+971509289908,Dubai,Dubai,Silver,false,2024-04-05,2025-01-01T00:00:00
C01214,Ravi,Khoury,ravi.khoury1214@example.com,+971503163996,Abu Dhabi,Abu Dhabi,Bronze,false,2022-01-14,2025-01-01T00:00:00
C01558,Rania,Mansour,rania.mansour1558@example.com,+971505223626,Umm Al Quwain,Umm Al Quwain,Silver,true,2021-02-02,2025-01-01T00:00:00
C02032,Farhan,Al Ketbi,farhan.alketbi2032@example.com,+971506703062,Abu Dhabi,Abu Dhabi,Bronze,false,2023-06-03,2025-01-01T00:00:00
C01322,Olivia,Pillai,olivia.pillai1322@example.com,+971503596701,Dubai,Dubai,Silver,false,2023-02-25,2025-01-01T00:00:00
C01777,Priya,Sharma,priya.sharma1777@example.com,+971501406431,Dubai,Dubai,Silver,false,2024-11-14,2025-01-01T00:00:00
C02365,Sana,Mansour,sana.mansour2365@example.com,+971508569000,Dubai,Dubai,Gold,false,2023-10-21,2025-01-01T00:00:00
C01905,Rashid,Iyer,rashid.iyer1905@example.com,+971502112674,Fujairah,Fujairah,Gold,true,2021-05-11,2025-01-01T00:00:00
C01968,Hassan,Al Mansoori,hassan.almansoori1968@example.com,+971502858484,Al Ain,Abu Dhabi,Bronze,true,2020-08-18,2025-01-01T00:00:00
C01953,Zainab,Al Zaabi,zainab.alzaabi1953@example.com,+971506030147,Abu Dhabi,Abu Dhabi,Bronze,false,2022-12-23,2025-01-01T00:00:00
C01399,Grace,Qureshi,grace.qureshi1399@example.com,+971505685869,Abu Dhabi,Abu Dhabi,Bronze,true,2021-10-18,2025-01-01T00:00:00
C01325,Jose,Iyer,jose.iyer1325@example.com,+971504941435,Umm Al Quwain,Umm Al Quwain,Gold,false,2021-09-06,2025-01-01T00:00:00
C00556,Imran,Hussain,imran.hussain556@example.com,+971501707762,Al Ain,Abu Dhabi,Gold,true,2021-10-01,2025-01-01T00:00:00
C00435,Emma,Al Mansoori,emma.almansoori435@example.com,+971501814896,Al Ain,Abu Dhabi,Gold,false,2020-10-02,2025-01-01T00:00:00
C01303,Karim,Al Hashmi,karim.alhashmi1303@example.com,+971508537488,Fujairah,Fujairah,Bronze,false,2022-02-12,2025-01-01T00:00:00
C00991,Ayesha,Taylor,ayesha.taylor991@example.com,+971509108379,Al Ain,Abu Dhabi,Platinum,true,2021-10-21,2025-01-01T00:00:00
C01194,Hessa,Qureshi,hessa.qureshi1194@example.com,+971503350695,Al Ain,Abu Dhabi,Bronze,false,2022-05-02,2025-01-01T00:00:00
C01900,James,Reyes,james.reyes1900@example.com,+971506546545,Al Ain,Abu Dhabi,Silver,true,2024-10-08,2025-01-01T00:00:00
C00003,Fatima,Al Nuaimi,fatima.alnuaimi3@example.com,+971504344717,Fujairah,Fujairah,Silver,true,2023-08-27,2025-01-01T00:00:00
C00768,Bilal,Garcia,bilal.garcia768@example.com,+971502469661,Umm Al Quwain,Umm Al Quwain,Silver,true,2021-12-07,2025-01-01T00:00:00
C00693,Fatima,Al Hashmi,fatima.alhashmi693@example.com,+971506936250,Ras Al Khaimah,Ras Al Khaimah,Silver,false,2023-10-30,2025-01-01T00:00:00
C01331,Rodel,Mansour,rodel.mansour1331@example.com,+971503656077,Dubai,Dubai,Bronze,false,2020-10-12,2025-01-01T00:00:00
C01619,Hamdan,Sheikh,hamdan.sheikh1619@example.com,+971504722144,Ajman,Ajman,Bronze,false,2022-11-12,2025-01-01T00:00:00
C00351,Bilal,Smith,bilal.smith351@example.com,+971502488575,Dubai,Dubai,Bronze,true,2021-05-02,2025-01-01T00:00:00
C01627,Saeed,Santos,saeed.santos1627@example.com,+971507735054,Dubai,Dubai,Silver,true,2020-05-24,2025-01-01T00:00:00
C01834,Reem,Iyer,reem.iyer1834@example.com,+971504165307,Sharjah,Sharjah,Bronze,true,2021-10-16,2025-01-01T00:00:00
C02371,Ahmed,Taylor,ahmed.taylor2371@example.com,+971508276863,Abu Dhabi,Abu Dhabi,Silver,true,2024-01-20,2025-01-01T00:00:00
C00046,Yasmin,Sheikh,yasmin.sheikh46@example.com,+971501621086,Abu Dhabi,Abu Dhabi,Bronze,true,2024-08-07,2025-01-01T00:00:00
C02131,Salma,Wilson,salma.wilson2131@example.com,+971507424539,Dubai,Dubai,Silver,true,2020-03-13,2025-01-01T00:00:00
C02109,Reem,Khoury,reem.khoury2109@example.com,+971509012822,Abu Dhabi,Abu Dhabi,Bronze,false,2021-01-01,2025-01-01T00:00:00
C01819,Rodel,Haddad,rodel.haddad1819@example.com,+971505049661,Sharjah,Sharjah,Bronze,true,2020-07-11,2025-01-01T00:00:00
C01782,Shamma,Sheikh,shamma.sheikh1782@example.com,+971505721396,Abu Dhabi,Abu Dhabi,Silver,true,2022-03-24,2025-01-01T00:00:00
C01771,James,Taylor,james.taylor1771@example.com,+971507291943,Dubai,Dubai,Silver,false,2023-02-05,2025-01-01T00:00:00
C01742,Imran,Sharma,imran.sharma1742@example.com,+971505978127,Dubai,Dubai,Bronze,true,2021-01-18,2025-01-01T00:00:00
C00754,Mohammed,Cruz,mohammed.cruz754@example.com,+971501369713,Dubai,Dubai,Gold,true,2023-08-13,2025-01-01T00:00:00
C00651,Yousef,Menon,yousef.menon651@example.com,+971508706923,Sharjah,Sharjah,Silver,true,2023-10-17,2025-01-01T00:00:00
C00705,Priya,Farouk,priya.farouk705@example.com,+971509350043,Dubai,Dubai,Silver,true,2024-01-30,2025-01-01T00:00:00
C01645,Saeed,Smith,saeed.smith1645@example.com,+971502699501,Sharjah,Sharjah,Silver,true,2024-09-08,2025-01-01T00:00:00
C01884,Noura,Nasser,noura.nasser1884@example.com,+971506025077,Abu Dhabi,Abu Dhabi,Bronze,true,2021-09-03,2025-01-01T00:00:00
C02364,Maria,Khoury,maria.khoury2364@example.com,+971503283061,Al Ain,Abu Dhabi,Gold,true,2020-06-30,2025-01-01T00:00:00
C01625,Aisha,Nasser,aisha.nasser1625@example.com,+971509068702,Dubai,Dubai,Silver,false,2020-05-16,2025-01-01T00:00:00
C00360,Tariq,Iyer,tariq.iyer360@example.com,+971501431773,Dubai,Dubai,Bronze,true,2023-07-04,2025-01-01T00:00:00
C00101,Rashid,Al Zaabi,rashid.alzaabi101@example.com,+971502913049,Al Ain,Abu Dhabi,Bronze,false,2024-05-14,2025-01-01T00:00:00
C01465,Ali,Al Hashmi,ali.alhashmi1465@example.com,+971501483804,Dubai,Dubai,Silver,true,2023-08-19,2025-01-01T00:00:00
C01772,Layla,Smith,layla.smith1772@example.com,+971501579384,Al Ain,Abu Dhabi,Bronze,true,2022-03-21,2025-01-01T00:00:00
C00968,Aisha,Al Shamsi,aisha.alshamsi968@example.com,+971502090992,Dubai,Dubai,Bronze,false,2020-06-24,2025-01-01T00:00:00
C01676,Sana,Patel,sana.patel1676@example.com,+971505017327,Dubai,Dubai,Bronze,true,2020-05-14,2025-01-01T00:00:00
C02396,Olivia,Brown,olivia.brown2396@example.com,+971506378128,Fujairah,Fujairah,Silver,true,2020-10-08,2025-01-01T00:00:00
C00514,Noura,Reyes,noura.reyes514@example.com,+971504697401,Dubai,Dubai,Silver,true,2022-09-14,2025-01-01T00:00:00
C01631,Priya,Al Falasi,priya.alfalasi1631@example.com,+971508145593,Al Ain,Abu Dhabi,Bronze,false,2024-09-12,2025-01-01T00:00:00
C01961,Liam,Khan,liam.khan1961@example.com,+971509551086,Dubai,Dubai,Platinum,true,2021-03-23,2025-01-01T00:00:00
C02029,Mohammed,Al Suwaidi,mohammed.alsuwaidi2029@example.com,+971506162843,Abu Dhabi,Abu Dhabi,Silver,false,2024-02-02,2025-01-01T00:00:00
C02555,Mohammed,Sheikh,mohammed.sheikh2555@example.com,+971507322835,Sharjah,Sharjah,Silver,false,2023-10-15,2025-01-01T00:00:00
C00403,Khalid,Haddad,khalid.haddad403@example.com,+971506135759,Abu Dhabi,Abu Dhabi,Bronze,true,2020-09-21,2025-01-01T00:00:00
C02460,Mark,Pillai,mark.pillai2460@example.com,+971508513274,Al Ain,Abu Dhabi,Bronze,true,2024-04-10,2025-01-01T00:00:00
C02389,Hamdan,Al Falasi,hamdan.alfalasi2389@example.com,+971501234748,Al Ain,Abu Dhabi,Bronze,true,2024-11-13,2025-01-01T00:00:00
C01990,Mariam,Fernandes,mariam.fernandes1990@example.com,+971505658528,Abu Dhabi,Abu Dhabi,Bronze,true,2020-07-23,2025-01-01T00:00:00
C02593,Olivia,Cruz,olivia.cruz2593@example.com,+971508738391,Dubai,Dubai,Bronze,true,2024-02-07,2025-01-01T00:00:00
C00426,Aisha,Fernandes,aisha.fernandes426@example.com,+971507352484,Dubai,Dubai,Silver,true,2021-07-23,2025-01-01T00:00:00
C00118,James,Nair,james.nair118@example.com,+971508391997,Dubai,Dubai,Silver,false,2024-07-14,2025-01-01T00:00:00
C01459,Chloe,Saleh,chloe.saleh1459@example.com,+971503986552,Abu Dhabi,Abu Dhabi,Gold,false,2020-09-03,2025-01-01T00:00:00
C01672,Tariq,Taylor,tariq.taylor1672@example.com,+971508393678,Al Ain,Abu Dhabi,Gold,false,2020-11-12,2025-01-01T00:00:00
C01944,Lucas,Nair,lucas.nair1944@example.com,+971506895221,Abu Dhabi,Abu Dhabi,Bronze,true,2023-11-13,2025-01-01T00:00:00
C00954,Tariq,Wilson,tariq.wilson954@example.com,+971501141455,Abu Dhabi,Abu Dhabi,Bronze,false,2022-02-09,2025-01-01T00:00:00
C01730,Olivia,Mansour,olivia.mansour1730@example.com,+971506585451,Al Ain,Abu Dhabi,Bronze,false,2021-07-12,2025-01-01T00:00:00
C00574,Hassan,Qureshi,hassan.qureshi574@example.com,+971507965641,Al Ain,Abu Dhabi,Bronze,false,2021-05-24,2025-01-01T00:00:00
C01264,Ahmed,Smith,ahmed.smith1264@example.com,+971506517512,Sharjah,Sharjah,Bronze,false,2020-09-07,2025-01-01T00:00:00
C00512,Noura,Fernandes,noura.fernandes512@example.com,+971505196677,Fujairah,Fujairah,Platinum,true,2021-11-27,2025-01-01T00:00:00
C00388,Arjun,Smith,arjun.smith388@example.com,+971505381318,Ajman,Ajman,Bronze,true,2021-11-19,2025-01-01T00:00:00
C00572,Zainab,Al Ketbi,zainab.alketbi572@example.com,+971505459646,Sharjah,Sharjah,Silver,false,2022-05-01,2025-01-01T00:00:00
C02270,Layla,Garcia,layla.garcia2270@example.com,+971504901721,Dubai,Dubai,Gold,true,2022-11-18,2025-01-01T00:00:00
C02064,Saeed,Cruz,saeed.cruz2064@example.com,+971508212098,Sharjah,Sharjah,Silver,false,2024-08-05,2025-01-01T00:00:00
C01835,Maria,Al Zaabi,maria.alzaabi1835@example.com,+971503129961,Dubai,Dubai,Gold,true,2020-12-19,2025-01-01T00:00:00
C00831,Zainab,Al Suwaidi,zainab.alsuwaidi831@example.com,+971503358208,Abu Dhabi,Abu Dhabi,Bronze,false,2022-04-13,2025-01-01T00:00:00
C02037,Imran,Sharma,imran.sharma2037@example.com,+971507822403,Dubai,Dubai,Silver,false,2023-08-11,2025-01-01T00:00:00
C01773,Fatima,Fernandes,fatima.fernandes1773@example.com,+971503212357,Dubai,Dubai,Bronze,true,2023-03-10,2025-01-01T00:00:00
C00035,Farhan,Pillai,farhan.pillai35@example.com,+971507718473,Dubai,Dubai,Bronze,true,2022-04-23,2025-01-01T00:00:00
C01002,Ali,Mansour,ali.mansour1002@example.com,+971508741026,Sharjah,Sharjah,Silver,true,2023-02-05,2025-01-01T00:00:00
C00869,Vikram,Al Mansoori,vikram.almansoori869@example.com,+971501735630,Dubai,Dubai,Bronze,false,2023-05-01,2025-01-01T00:00:00
C02192,Omar,Taylor,omar.taylor2192@example.com,+971506839010,Abu Dhabi,Abu Dhabi,Bronze,false,2023-06-29,2025-01-01T00:00:00
C00149,Reem,Pillai,reem.pillai149@example.com,+971507189302,Dubai,Dubai,Silver,true,2020-10-11,2025-01-01T00:00:00
C02354,Aisha,Nasser,aisha.nasser2354@example.com,+971501218912,Fujairah,Fujairah,Bronze,true,2020-03-09,2025-01-01T00:00:00
C00302,Lucas,Qureshi,lucas.qureshi302@example.com,+971502224599,Sharjah,Sharjah,Silver,true,2022-01-18,2025-01-01T00:00:00
C00903,Zainab,Hussain,zainab.hussain903@example.com,+971508407441,Sharjah,Sharjah,Silver,true,2021-02-24,2025-01-01T00:00:00
C01424,Karim,Al Falasi,karim.alfalasi1424@example.com,+971506531182,Fujairah,Fujairah,Silver,true,2024-05-15,2025-01-01T00:00:00
C00016,Chloe,Brown,chloe.brown16@example.com,+971508612582,Dubai,Dubai,Bronze,true,2024-03-07,2025-01-01T00:00:00
C01876,Salma,Mansour,salma.mansour1876@example.com,+971507189628,Al Ain,Abu Dhabi,Bronze,true,2020-09-11,2025-01-01T00:00:00
C01051,Ahmed,Fernandes,ahmed.fernandes1051@example.com,+971507279004,Sharjah,Sharjah,Bronze,true,2020-01-09,2025-01-01T00:00:00
C02358,Maria,Hussain,maria.hussain2358@example.com,+971501135055,Dubai,Dubai,Bronze,true,2022-07-27,2025-01-01T00:00:00
C01242,Yasmin,Khoury,yasmin.khoury1242@example.com,+971508199144,Sharjah,Sharjah,Gold,true,2023-06-16,2025-01-01T00:00:00
C02322,Chloe,Al Ketbi,chloe.alketbi2322@example.com,+971507237794,Dubai,Dubai,Silver,false,2021-12-20,2025-01-01T00:00:00
C00274,Emma,Hussain,emma.hussain274@example.com,+971501517756,Dubai,Dubai,Bronze,true,2022-06-28,2025-01-01T00:00:00
C02130,Arjun,Sheikh,arjun.sheikh2130@example.com,+971502830473,Sharjah,Sharjah,Platinum,false,2023-06-25,2025-01-01T00:00:00
C01758,Grace,Taylor,grace.taylor1758@example.com,+971504514088,Abu Dhabi,Abu Dhabi,Silver,false,2020-02-06,2025-01-01T00:00:00
C00562,Grace,Nair,grace.nair562@example.com,+971507337911,Dubai,Dubai,Silver,true,2024-07-07,2025-01-01T00:00:00
C02418,Yasmin,Al Nuaimi,yasmin.alnuaimi2418@example.com,+971507894129,Sharjah,Sharjah,Gold,false,2020-12-01,2025-01-01T00:00:00
C00338,Salma,Santos,salma.santos338@example.com,+971508913550,Dubai,Dubai,Silver,false,2024-07-18,2025-01-01T00:00:00
C02097,Noura,Fernandes,noura.fernandes2097@example.com,+971506342564,Dubai,Dubai,Bronze,true,2024-11-30,2025-01-01T00:00:00
C00102,Bilal,Sheikh,bilal.sheikh102@example.com,+971503456926,Dubai,Dubai,Bronze,true,2021-12-16,2025-01-01T00:00:00
C02187,Mark,Al Falasi,mark.alfalasi2187@example.com,+971503717134,Dubai,Dubai,Bronze,true,2020-04-20,2025-01-01T00:00:00
C00698,Aisha,Menon,aisha.menon698@example.com,+971503043299,Fujairah,Fujairah,Bronze,true,2020-07-07,2025-01-01T00:00:00
C01614,Lucas,Farouk,lucas.farouk1614@example.com,+971505685963,Dubai,Dubai,Bronze,false,2021-06-22,2025-01-01T00:00:00
C01711,Jose,Khan,jose.khan1711@example.com,+971504454681,Sharjah,Sharjah,Bronze,true,2023-09-24,2025-01-01T00:00:00
C02321,Omar,Haddad,omar.haddad2321@example.com,+971507260277,Fujairah,Fujairah,Bronze,true,2022-05-09,2025-01-01T00:00:00
C00363,Rodel,Reyes,rodel.reyes363@example.com,+971505505722,Dubai,Dubai,Bronze,false,2022-06-19,2025-01-01T00:00:00
C01740,Tariq,Qureshi,tariq.qureshi1740@example.com,+971502027878,Abu Dhabi,Abu Dhabi,Bronze,true,2022-10-11,2025-01-01T00:00:00
C01709,Lucas,Sharma,lucas.sharma1709@example.com,+971503097558,Umm Al Quwain,Umm Al Quwain,Bronze,true,2024-12-06,2025-01-01T00:00:00
C02229,Salma,Mansour,salma.mansour2229@example.com,+971507679985,Abu Dhabi,Abu Dhabi,Bronze,true,2020-08-07,2025-01-01T00:00:00
C02313,Tariq,Iyer,tariq.iyer2313@example.com,+971502249032,Dubai,Dubai,Bronze,false,2020-10-15,2025-01-01T00:00:00
C01076,Hassan,Fernandes,hassan.fernandes1076@example.com,+971509353796,Dubai,Dubai,Bronze,false,2024-11-29,2025-01-01T00:00:00
C00203,Bilal,Al Zaabi,bilal.alzaabi203@example.com,+971502010921,Abu Dhabi,Abu Dhabi,Platinum,true,2022-05-17,2025-01-01T00:00:00
C00943,Saeed,Al Nuaimi,saeed.alnuaimi943@example.com,+971502703045,Dubai,Dubai,Silver,false,2023-07-21,2025-01-01T00:00:00
C00208,Liam,Al Falasi,liam.alfalasi208@example.com,+971508033690,Dubai,Dubai,Bronze,true,2021-01-21,2025-01-01T00:00:00
C00737,Shamma,Iyer,shamma.iyer737@example.com,+971505683710,Ajman,Ajman,Silver,false,2024-10-31,2025-01-01T00:00:00
C02482,Mariam,Al Zaabi,mariam.alzaabi2482@example.com,+971507224122,Dubai,Dubai,Gold,true,2021-03-29,2025-01-01T00:00:00
C00265,Layla,Saleh,layla.saleh265@example.com,+971504310554,Abu Dhabi,Abu Dhabi,Silver,true,2021-01-12,2025-01-01T00:00:00
C02402,Ayesha,Taylor,ayesha.taylor2402@example.com,+971509875180,Ajman,Ajman,Bronze,true,2020-06-10,2025-01-01T00:00:00
C01376,Yasmin,Al Ketbi,yasmin.alketbi1376@example.com,+971501645952,Dubai,Dubai,Silver,false,2023-06-19,2025-01-01T00:00:00
C00945,Rashid,Patel,rashid.patel945@example.com,+971508109386,Al Ain,Abu Dhabi,Bronze,true,2023-01-11,2025-01-01T00:00:00
C02158,Angela,Al Falasi,angela.alfalasi2158@example.com,+971508768311,Al Ain,Abu Dhabi,Silver,true,2021-06-30,2025-01-01T00:00:00
C00711,Khalid,Wilson,khalid.wilson711@example.com,+971508348147,Al Ain,Abu Dhabi,Bronze,true,2022-03-09,2025-01-01T00:00:00
C00184,Reem,Patel,reem.patel184@example.com,+971509909397,Dubai,Dubai,Silver,true,2023-04-16,2025-01-01T00:00:00
C02178,Maria,Brown,maria.brown2178@example.com,+971501224966,Dubai,Dubai,Bronze,false,2022-06-02,2025-01-01T00:00:00
C01269,Yasmin,Al Mansoori,yasmin.almansoori1269@example.com,+971505770866,Ras Al Khaimah,Ras Al Khaimah,Gold,true,2020-02-06,2025-01-01T00:00:00
C00015,Jose,Patel,jose.patel15@example.com,+971507191135,Dubai,Dubai,Silver,true,2021-03-29,2025-01-01T00:00:00
C00467,Fatima,Al Mansoori,fatima.almansoori467@example.com,+971507611593,Al Ain,Abu Dhabi,Bronze,true,2020-09-09,2025-01-01T00:00:00
C02135,Arjun,Garcia,arjun.garcia2135@example.com,+971503318931,Ajman,Ajman,Silver,true,2022-06-24,2025-01-01T00:00:00
C01817,Meera,Pillai,meera.pillai1817@example.com,+971507374793,Umm Al Quwain,Umm Al Quwain,Platinum,false,2021-12-19,2025-01-01T00:00:00
C00271,Mark,Qureshi,mark.qureshi271@example.com,+971503906397,Al Ain,Abu Dhabi,Bronze,true,2022-02-24,2025-01-01T00:00:00
C00962,Zainab,D'Souza,zainab.dsouza962@example.com,+971504767293,Sharjah,Sharjah,Bronze,true,2022-10-11,2025-01-01T00:00:00
C02156,Rania,Al Zaabi,rania.alzaabi2156@example.com,+971504963987,Al Ain,Abu Dhabi,Silver,true,2023-09-08,2025-01-01T00:00:00
C00215,James,Patel,james.patel215@example.com,+971506045519,Ajman,Ajman,Silver,false,2023-01-06,2025-01-01T00:00:00
C00155,Karim,Garcia,karim.garcia155@example.com,+971502567468,Al Ain,Abu Dhabi,Silver,true,2020-09-13,2025-01-01T00:00:00
C00233,James,Al Ketbi,james.alketbi233@example.com,+971503875339,Abu Dhabi,Abu Dhabi,Bronze,true,2023-02-05,2025-01-01T00:00:00
C00239,Omar,Brown,omar.brown239@example.com,+971507655572,Abu Dhabi,Abu Dhabi,Bronze,true,2024-09-13,2025-01-01T00:00:00
C00367,Ali,Farouk,ali.farouk367@example.com,+971503804559,Dubai,Dubai,Silver,true,2020-09-03,2025-01-01T00:00:00
C00053,Layla,Al Suwaidi,layla.alsuwaidi53@example.com,+971507418028,Al Ain,Abu Dhabi,Silver,true,2020-12-14,2025-01-01T00:00:00
C00823,Rodel,Qureshi,rodel.qureshi823@example.com,+971509660803,Ajman,Ajman,Silver,true,2022-11-21,2025-01-01T00:00:00
C02565,Rania,Al Nuaimi,rania.alnuaimi2565@example.com,+971506302222,Dubai,Dubai,Silver,true,2024-05-09,2025-01-01T00:00:00
C02581,Salma,Qureshi,salma.qureshi2581@example.com,+971504033321,Dubai,Dubai,Silver,true,2022-05-21,2025-01-01T00:00:00
C01724,James,Hussain,james.hussain1724@example.com,+971507079798,Sharjah,Sharjah,Silver,true,2022-02-15,2025-01-01T00:00:00
C01312,Mark,Khoury,mark.khoury1312@example.com,+971502646494,Fujairah,Fujairah,Gold,true,2022-03-02,2025-01-01T00:00:00
C02372,Lucas,Taylor,lucas.taylor2372@example.com,+971502368232,Dubai,Dubai,Silver,true,2021-03-09,2025-01-01T00:00:00
C00812,Imran,Al Ketbi,imran.alketbi812@example.com,+971501756962,Dubai,Dubai,Gold,true,2021-08-05,2025-01-01T00:00:00
C00234,Sana,Al Hashmi,sana.alhashmi234@example.com,+971501713900,Ras Al Khaimah,Ras Al Khaimah,Bronze,false,2024-05-25,2025-01-01T00:00:00
C00832,Sophie,D'Souza,sophie.dsouza832@example.com,+971502514123,Dubai,Dubai,Silver,false,2020-09-04,2025-01-01T00:00:00
C01642,Arjun,Farouk,arjun.farouk1642@example.com,+971506444414,Sharjah,Sharjah,Silver,false,2021-05-24,2025-01-01T00:00:00
C00470,Omar,Reyes,omar.reyes470@example.com,+971509173698,Dubai,Dubai,Bronze,false,2023-10-07,2025-01-01T00:00:00
C02030,Hassan,D'Souza,hassan.dsouza2030@example.com,+971501377352,Abu Dhabi,Abu Dhabi,Silver,true,2022-11-16,2025-01-01T00:00:00
C00587,Lucas,Sheikh,lucas.sheikh587@example.com,+971504704361,Dubai,Dubai,Bronze,false,2021-10-15,2025-01-01T00:00:00
C00854,Yasmin,Mansour,yasmin.mansour854@example.com,+971508866528,Dubai,Dubai,Gold,false,2023-11-02,2025-01-01T00:00:00
C01147,Karim,Sharma,karim.sharma1147@example.com,+971508148366,Dubai,Dubai,Bronze,true,2023-12-04,2025-01-01T00:00:00
C01385,Oliver,Nasser,oliver.nasser1385@example.com,+971503034109,Al Ain,Abu Dhabi,Silver,true,2023-03-03,2025-01-01T00:00:00
C00099,Rashid,Mansour,rashid.mansour99@example.com,+971507070880,Ajman,Ajman,Bronze,true,2021-10-27,2025-01-01T00:00:00
C00353,Rashid,Nasser,rashid.nasser353@example.com,+971507353742,Abu Dhabi,Abu Dhabi,Bronze,true,2022-05-09,2025-01-01T00:00:00
C02577,Noura,Menon,noura.menon2577@example.com,+971503061504,Abu Dhabi,Abu Dhabi,Bronze,false,2020-03-04,2025-01-01T00:00:00
C02367,Vikram,Qureshi,vikram.qureshi2367@example.com,+971503373393,Sharjah,Sharjah,Bronze,true,2022-05-08,2025-01-01T00:00:00
C01545,Shamma,Garcia,shamma.garcia1545@example.com,+971501202445,Dubai,Dubai,Bronze,true,2024-10-08,2025-01-01T00:00:00
C01246,Dina,Al Suwaidi,dina.alsuwaidi1246@example.com,+971501424293,Al Ain,Abu Dhabi,Silver,false,2020-02-26,2025-01-01T00:00:00
C00354,Hassan,Sharma,hassan.sharma354@example.com,+971502236638,Dubai,Dubai,Bronze,true,2022-09-08,2025-01-01T00:00:00
C00204,Angela,Qureshi,angela.qureshi204@example.com,+971508052503,Sharjah,Sharjah,Platinum,true,2021-08-10,2025-01-01T00:00:00
C01603,James,Al Shamsi,james.alshamsi1603@example.com,+971503421636,Sharjah,Sharjah,Bronze,true,2020-02-28,2025-01-01T00:00:00
C02237,Liam,Patel,liam.patel2237@example.com,+971503738798,Dubai,Dubai,Silver,true,2024-03-29,2025-01-01T00:00:00
C00086,Oliver,Menon,oliver.menon86@example.com,+971509089795,Dubai,Dubai,Gold,true,2023-03-29,2025-01-01T00:00:00
C00579,Ahmed,Al Shamsi,ahmed.alshamsi579@example.com,+971501273509,Umm Al Quwain,Umm Al Quwain,Platinum,true,2022-03-24,2025-01-01T00:00:00
C00141,Olivia,Hussain,olivia.hussain141@example.com,+971503395441,Fujairah,Fujairah,Bronze,true,2022-11-16,2025-01-01T00:00:00
C00162,Aisha,Cruz,aisha.cruz162@example.com,+971508015136,Fujairah,Fujairah,Platinum,false,2020-07-17,2025-01-01T00:00:00
C00011,Arjun,Farouk,arjun.farouk11@example.com,+971508796514,Dubai,Dubai,Bronze,true,2020-06-26,2025-01-01T00:00:00
C02398,Dina,Nasser,dina.nasser2398@example.com,+971505028244,Dubai,Dubai,Gold,false,2024-02-24,2025-01-01T00:00:00
C00527,Hessa,Sheikh,hessa.sheikh527@example.com,+971501163448,Abu Dhabi,Abu Dhabi,Bronze,true,2021-02-05,2025-01-01T00:00:00
C02041,Ahmed,Patel,ahmed.patel2041@example.com,+971506601106,Sharjah,Sharjah,Silver,true,2022-12-08,2025-01-01T00:00:00
C00682,Salma,Al Mansoori,salma.almansoori682@example.com,+971509601059,Abu Dhabi,Abu Dhabi,Silver,true,2022-12-31,2025-01-01T00:00:00
C01081,Omar,Brown,omar.brown1081@example.com,+971507403032,Dubai,Dubai,Silver,true,2023-05-15,2025-01-01T00:00:00
C01365,Mohammed,Haddad,mohammed.haddad1365@example.com,+971501745169,Abu Dhabi,Abu Dhabi,Bronze,true,2022-10-11,2025-01-01T00:00:00
C02207,Noura,Reyes,noura.reyes2207@example.com,+971505407277,Dubai,Dubai,Bronze,false,2022-08-15,2025-01-01T00:00:00
C01610,Sophie,D'Souza,sophie.dsouza1610@example.com,+971505474917,Abu Dhabi,Abu Dhabi,Bronze,true,2023-04-24,2025-01-01T00:00:00
C01272,Dina,Al Ketbi,dina.alketbi1272@example.com,+971508626616,Abu Dhabi,Abu Dhabi,Gold,false,2022-10-08,2025-01-01T00:00:00
C02486,Yasmin,Smith,yasmin.smith2486@example.com,+971503363377,Sharjah,Sharjah,Bronze,true,2024-06-08,2025-01-01T00:00:00
C02124,Emma,Cruz,emma.cruz2124@example.com,+971504761564,Sharjah,Sharjah,Bronze,false,2024-03-28,2025-01-01T00:00:00
C02406,Oliver,Haddad,oliver.haddad2406@example.com,+971502066731,Fujairah,Fujairah,Bronze,true,2024-05-10,2025-01-01T00:00:00
C02383,Mariam,Nasser,mariam.nasser2383@example.com,+971501789113,Dubai,Dubai,Bronze,true,2022-10-27,2025-01-01T00:00:00
C01734,Mariam,Smith,mariam.smith1734@example.com,+971502904638,Ajman,Ajman,Silver,false,2023-10-07,2025-01-01T00:00:00
C01670,Ahmed,Smith,ahmed.smith1670@example.com,+971501463949,Al Ain,Abu Dhabi,Silver,false,2020-01-26,2025-01-01T00:00:00
C00569,Hamdan,Al Hashmi,hamdan.alhashmi569@example.com,+971507519606,Dubai,Dubai,Bronze,false,2022-09-21,2025-01-01T00:00:00
C02027,Rashid,Wilson,rashid.wilson2027@example.com,+971507269057,Fujairah,Fujairah,Gold,true,2022-03-09,2025-01-01T00:00:00
C00376,Salma,Smith,salma.smith376@example.com,+971507992286,Dubai,Dubai,Bronze,true,2022-06-26,2025-01-01T00:00:00
C00851,Ayesha,Menon,ayesha.menon851@example.com,+971505466142,Dubai,Dubai,Silver,true,2021-04-04,2025-01-01T00:00:00
C00094,Vikram,Garcia,vikram.garcia94@example.com,+971507631419,Dubai,Dubai,Bronze,true,2022-12-15,2025-01-01T00:00:00
C00639,Olivia,Menon,olivia.menon639@example.com,+971507956372,Sharjah,Sharjah,Bronze,true,2020-08-29,2025-01-01T00:00:00
C00984,Khalid,Al Nuaimi,khalid.alnuaimi984@example.com,+971503302564,Ajman,Ajman,Silver,false,2021-06-20,2025-01-01T00:00:00
C02302,Khalid,Khoury,khalid.khoury2302@example.com,+971505510798,Al Ain,Abu Dhabi,Bronze,true,2021-10-25,2025-01-01T00:00:00
C01587,Meera,Smith,meera.smith1587@example.com,+971504361005,Al Ain,Abu Dhabi,Gold,false,2023-04-11,2025-01-01T00:00:00
C01693,Priya,Khoury,priya.khoury1693@example.com,+971505805648,Dubai,Dubai,Gold,true,2024-02-24,2025-01-01T00:00:00
C02070,Hessa,Khoury,hessa.khoury2070@example.com,+971507018359,Al Ain,Abu Dhabi,Silver,true,2024-05-24,2025-01-01T00:00:00
C00994,Ravi,Farouk,ravi.farouk994@example.com,+971504861738,Al Ain,Abu Dhabi,Bronze,true,2020-06-21,2025-01-01T00:00:00
C01575,Imran,Nasser,imran.nasser1575@example.com,+971503523621,Sharjah,Sharjah,Silver,true,2020-05-31,2025-01-01T00:00:00
C01033,Zainab,Al Shamsi,zainab.alshamsi1033@example.com,+971504666842,Dubai,Dubai,Bronze,true,2023-07-01,2025-01-01T00:00:00
C02556,Maria,Hussain,maria.hussain2556@example.com,+971506937488,Al Ain,Abu Dhabi,Gold,true,2022-12-29,2025-01-01T00:00:00
C01934,Lucas,Nasser,lucas.nasser1934@example.com,+971506137252,Dubai,Dubai,Bronze,true,2021-07-14,2025-01-01T00:00:00
C01651,Reem,Sheikh,reem.sheikh1651@example.com,+971505593405,Abu Dhabi,Abu Dhabi,Bronze,false,2020-03-24,2025-01-01T00:00:00
C01162,Ravi,Al Shamsi,ravi.alshamsi1162@example.com,+971505659980,Abu Dhabi,Abu Dhabi,Bronze,false,2021-05-02,2025-01-01T00:00:00
C00442,Sophie,Al Hashmi,sophie.alhashmi442@example.com,+971503438177,Dubai,Dubai,Silver,true,2020-01-27,2025-01-01T00:00:00
C00766,Grace,Al Suwaidi,grace.alsuwaidi766@example.com,+971507617330,Umm Al Quwain,Umm Al Quwain,Bronze,true,2024-10-05,2025-01-01T00:00:00
C00366,Ayesha,Al Shamsi,ayesha.alshamsi366@example.com,+971509670757,Al Ain,Abu Dhabi,Silver,false,2024-10-14,2025-01-01T00:00:00
C02016,Hessa,Santos,hessa.santos2016@example.com,+971506396230,Abu Dhabi,Abu Dhabi,Silver,true,2022-04-25,2025-01-01T00:00:00
C01468,Ayesha,Hussain,ayesha.hussain1468@example.com,+971507144765,Ras Al Khaimah,Ras Al Khaimah,Gold,true,2021-10-10,2025-01-01T00:00:00
C00848,Dina,Sharma,dina.sharma848@example.com,+971508758202,Ras Al Khaimah,Ras Al Khaimah,Bronze,false,2023-08-18,2025-01-01T00:00:00
C02050,Mohammed,Al Shamsi,mohammed.alshamsi2050@example.com,+971501929247,Fujairah,Fujairah,Bronze,true,2024-09-29,2025-01-01T00:00:00
C02080,Rania,Farouk,rania.farouk2080@example.com,+971503410015,Abu Dhabi,Abu Dhabi,Silver,true,2024-11-20,2025-01-01T00:00:00
C01184,James,Al Zaabi,james.alzaabi1184@example.com,+971508171473,Dubai,Dubai,Bronze,true,2024-01-17,2025-01-01T00:00:00
C01306,Noura,Al Mansoori,noura.almansoori1306@example.com,+971503468450,Abu Dhabi,Abu Dhabi,Silver,true,2021-08-13,2025-01-01T00:00:00
C00904,Zainab,Brown,zainab.brown904@example.com,+971503063320,Sharjah,Sharjah,Bronze,true,2023-08-18,2025-01-01T00:00:00
C00833,Sana,Haddad,sana.haddad833@example.com,+971504958384,Sharjah,Sharjah,Bronze,true,2021-10-03,2025-01-01T00:00:00
C02279,Farhan,Al Hashmi,farhan.alhashmi2279@example.com,+971507649465,Abu Dhabi,Abu Dhabi,Bronze,true,2024-11-02,2025-01-01T00:00:00
C01867,Reem,Al Zaabi,reem.alzaabi1867@example.com,+971501367073,Abu Dhabi,Abu Dhabi,Silver,true,2023-02-27,2025-01-01T00:00:00
C01378,Mohammed,Wilson,mohammed.wilson1378@example.com,+971501750496,Al Ain,Abu Dhabi,Bronze,true,2021-06-11,2025-01-01T00:00:00
C01920,Vikram,Garcia,vikram.garcia1920@example.com,+971504519388,Ras Al Khaimah,Ras Al Khaimah,Silver,true,2023-09-30,2025-01-01T00:00:00
C01072,Farhan,Patel,farhan.patel1072@example.com,+971508972523,Dubai,Dubai,Silver,true,2021-07-26,2025-01-01T00:00:00
C00856,Sana,Patel,sana.patel856@example.com,+971506944195,Al Ain,Abu Dhabi,Gold,false,2020-04-16,2025-01-01T00:00:00
C02296,Arjun,Nasser,arjun.nasser2296@example.com,+971503319495,Sharjah,Sharjah,Bronze,true,2022-09-15,2025-01-01T00:00:00
C02394,Yasmin,Haddad,yasmin.haddad2394@example.com,+971504183858,Dubai,Dubai,Gold,true,2021-09-11,2025-01-01T00:00:00
C01644,Layla,Pillai,layla.pillai1644@example.com,+971506599618,Ajman,Ajman,Silver,false,2024-07-28,2025-01-01T00:00:00
C00552,Angela,Garcia,angela.garcia552@example.com,+971509361693,Sharjah,Sharjah,Bronze,false,2021-12-01,2025-01-01T00:00:00
C00134,Anjali,Fernandes,anjali.fernandes134@example.com,+971508942330,Abu Dhabi,Abu Dhabi,Bronze,false,2021-10-08,2025-01-01T00:00:00
C02414,Mohammed,Al Falasi,mohammed.alfalasi2414@example.com,+971509905853,Abu Dhabi,Abu Dhabi,Gold,true,2020-02-07,2025-01-01T00:00:00
C00126,Noura,Al Ketbi,noura.alketbi126@example.com,+971508669093,Dubai,Dubai,Bronze,false,2021-09-08,2025-01-01T00:00:00
C00037,Dina,Pillai,dina.pillai37@example.com,+971501865901,Abu Dhabi,Abu Dhabi,Bronze,true,2022-01-10,2025-01-01T00:00:00
C01717,Angela,Smith,angela.smith1717@example.com,+971503190350,Abu Dhabi,Abu Dhabi,Bronze,false,2020-11-04,2025-01-01T00:00:00
C00621,Yasmin,Farouk,yasmin.farouk621@example.com,+971509399643,Dubai,Dubai,Bronze,true,2024-08-26,2025-01-01T00:00:00
C01626,Jose,Hussain,jose.hussain1626@example.com,+971507559885,Al Ain,Abu Dhabi,Bronze,false,2021-05-11,2025-01-01T00:00:00
C00284,Salma,Al Suwaidi,salma.alsuwaidi284@example.com,+971505667852,Al Ain,Abu Dhabi,Gold,true,2023-07-21,2025-01-01T00:00:00
C00180,Salma,Cruz,salma.cruz180@example.com,+971509204110,Sharjah,Sharjah,Bronze,true,2021-09-01,2025-01-01T00:00:00
C00394,Anjali,Nasser,anjali.nasser394@example.com,+971506558579,Sharjah,Sharjah,Bronze,true,2024-11-19,2025-01-01T00:00:00
C02554,Lucas,Patel,lucas.patel2554@example.com,+971506014853,Abu Dhabi,Abu Dhabi,Silver,true,2024-10-13,2025-01-01T00:00:00
C01347,Rashid,Cruz,rashid.cruz1347@example.com,+971505049993,Dubai,Dubai,Bronze,true,2024-11-21,2025-01-01T00:00:00
C00339,Khalid,Patel,khalid.patel339@example.com,+971505471581,Al Ain,Abu Dhabi,Silver,false,2020-11-22,2025-01-01T00:00:00
C00469,Priya,Nair,priya.nair469@example.com,+971501912484,Dubai,Dubai,Silver,true,2024-09-05,2025-01-01T00:00:00
C02019,Sophie,Qureshi,sophie.qureshi2019@example.com,+971502018574,Dubai,Dubai,Silver,false,2024-10-19,2025-01-01T00:00:00
C01371,Ravi,Brown,ravi.brown1371@example.com,+971501647704,Al Ain,Abu Dhabi,Bronze,true,2023-01-16,2025-01-01T00:00:00
C00468,Olivia,Wilson,olivia.wilson468@example.com,+971509599207,Dubai,Dubai,Bronze,true,2021-03-06,2025-01-01T00:00:00
C00206,Sophie,Khan,sophie.khan206@example.com,+971504736121,Sharjah,Sharjah,Silver,false,2022-03-15,2025-01-01T00:00:00
C01726,Meera,Khoury,meera.khoury1726@example.com,+971502861798,Ras Al Khaimah,Ras Al Khaimah,Platinum,true,2021-09-06,2025-01-01T00:00:00
C00997,Oliver,Fernandes,oliver.fernandes997@example.com,+971502311290,Abu Dhabi,Abu Dhabi,Gold,true,2021-08-26,2025-01-01T00:00:00
C01959,Zainab,Khoury,zainab.khoury1959@example.com,+971505433920,Abu Dhabi,Abu Dhabi,Silver,true,2024-07-15,2025-01-01T00:00:00
C01166,Vikram,Al Hashmi,vikram.alhashmi1166@example.com,+971507408577,Sharjah,Sharjah,Gold,false,2023-01-05,2025-01-01T00:00:00
C01483,Anjali,Hussain,anjali.hussain1483@example.com,+971504123258,Abu Dhabi,Abu Dhabi,Bronze,true,2022-01-03,2025-01-01T00:00:00
C00088,Dina,Al Nuaimi,dina.alnuaimi88@example.com,+971505487028,Abu Dhabi,Abu Dhabi,Bronze,false,2024-08-03,2025-01-01T00:00:00
C01879,Tariq,Taylor,tariq.taylor1879@example.com,+971505685491,Abu Dhabi,Abu Dhabi,Bronze,true,2024-10-30,2025-01-01T00:00:00
C00055,Rodel,Cruz,rodel.cruz55@example.com,+971503650391,Abu Dhabi,Abu Dhabi,Bronze,true,2024-07-05,2025-01-01T00:00:00
C00999,Salma,Santos,salma.santos999@example.com,+971503312992,Dubai,Dubai,Bronze,true,2024-03-06,2025-01-01T00:00:00
C01059,Priya,Garcia,priya.garcia1059@example.com,+971509945633,Al Ain,Abu Dhabi,Gold,true,2022-05-24,2025-01-01T00:00:00
C00312,Ahmed,Patel,ahmed.patel312@example.com,+971507106512,Dubai,Dubai,Gold,true,2024-10-24,2025-01-01T00:00:00
C00362,Yasmin,Haddad,yasmin.haddad362@example.com,+971507399588,Dubai,Dubai,Bronze,true,2020-07-05,2025-01-01T00:00:00
C00521,Aisha,D'Souza,aisha.dsouza521@example.com,+971509024879,Sharjah,Sharjah,Bronze,true,2020-09-19,2025-01-01T00:00:00
C00747,Yasmin,Al Zaabi,yasmin.alzaabi747@example.com,+971504434507,Abu Dhabi,Abu Dhabi,Platinum,true,2020-12-24,2025-01-01T00:00:00
C00821,Sophie,Iyer,sophie.iyer821@example.com,+971506827003,Abu Dhabi,Abu Dhabi,Silver,true,2023-03-06,2025-01-01T00:00:00
C01880,Ayesha,Patel,ayesha.patel1880@example.com,+971501709232,Dubai,Dubai,Platinum,true,2020-08-13,2025-01-01T00:00:00
C00804,Olivia,Al Ketbi,olivia.alketbi804@example.com,+971509357316,Ajman,Ajman,Platinum,true,2020-07-22,2025-01-01T00:00:00
C02497,Yousef,Al Shamsi,yousef.alshamsi2497@example.com,+971505966141,Dubai,Dubai,Bronze,false,2024-06-10,2025-01-01T00:00:00
C01556,Noura,Farouk,noura.farouk1556@example.com,+971504311759,Dubai,Dubai,Bronze,true,2022-09-06,2025-01-01T00:00:00
C00567,Chloe,Sheikh,chloe.sheikh567@example.com,+971506412330,Abu Dhabi,Abu Dhabi,Silver,true,2024-04-17,2025-01-01T00:00:00
C01154,Anjali,Iyer,anjali.iyer1154@example.com,+971504388982,Umm Al Quwain,Umm Al Quwain,Bronze,true,2021-12-03,2025-01-01T00:00:00
C00662,Imran,Mansour,imran.mansour662@example.com,+971502096646,Abu Dhabi,Abu Dhabi,Bronze,true,2024-06-03,2025-01-01T00:00:00
C00624,Ayesha,Farouk,ayesha.farouk624@example.com,+971502431206,Al Ain,Abu Dhabi,Silver,false,2020-08-21,2025-01-01T00:00:00
C01502,Noura,Qureshi,noura.qureshi1502@example.com,+971509920640,Umm Al Quwain,Umm Al Quwain,Gold,true,2022-01-17,2025-01-01T00:00:00
C00072,Rodel,Al Suwaidi,rodel.alsuwaidi72@example.com,+971501358318,Abu Dhabi,Abu Dhabi,Silver,true,2020-09-07,2025-01-01T00:00:00
C00066,Meera,Sharma,meera.sharma66@example.com,+971506503032,Al Ain,Abu Dhabi,Bronze,true,2020-08-09,2025-01-01T00:00:00
C01090,Salma,Qureshi,salma.qureshi1090@example.com,+971507573445,Ajman,Ajman,Platinum,false,2024-11-07,2025-01-01T00:00:00
C01178,Mark,Haddad,mark.haddad1178@example.com,+971505812480,Dubai,Dubai,Gold,false,2021-04-09,2025-01-01T00:00:00
C00798,Omar,Iyer,omar.iyer798@example.com,+971507164643,Ras Al Khaimah,Ras Al Khaimah,Bronze,false,2024-10-20,2025-01-01T00:00:00
C00961,Aisha,Smith,aisha.smith961@example.com,+971507826244,Abu Dhabi,Abu Dhabi,Bronze,true,2023-08-24,2025-01-01T00:00:00
C02147,Yasmin,Al Mansoori,yasmin.almansoori2147@example.com,+971502553638,Abu Dhabi,Abu Dhabi,Bronze,true,2024-12-04,2025-01-01T00:00:00
C01547,Imran,D'Souza,imran.dsouza1547@example.com,+971509141073,Dubai,Dubai,Gold,true,2022-10-23,2025-01-01T00:00:00
C00167,Hamdan,Taylor,hamdan.taylor167@example.com,+971502233658,Abu Dhabi,Abu Dhabi,Bronze,false,2023-02-24,2025-01-01T00:00:00
C01213,Priya,Farouk,priya.farouk1213@example.com,+971503356313,Abu Dhabi,Abu Dhabi,Platinum,true,2022-08-27,2025-01-01T00:00:00
C01666,Yousef,Brown,yousef.brown1666@example.com,+971506220992,Dubai,Dubai,Bronze,true,2022-08-29,2025-01-01T00:00:00
C01865,Meera,Haddad,meera.haddad1865@example.com,+971507778101,Dubai,Dubai,Bronze,true,2023-12-02,2025-01-01T00:00:00
C01650,Khalid,Cruz,khalid.cruz1650@example.com,+971502379281,Abu Dhabi,Abu Dhabi,Platinum,true,2022-02-27,2025-01-01T00:00:00
C01634,Salma,Santos,salma.santos1634@example.com,+971505628257,Ajman,Ajman,Silver,true,2024-11-06,2025-01-01T00:00:00
C01434,James,Cruz,james.cruz1434@example.com,+971509945677,Ras Al Khaimah,Ras Al Khaimah,Bronze,false,2021-07-24,2025-01-01T00:00:00
C01780,Vikram,Nasser,vikram.nasser1780@example.com,+971501673270,Abu Dhabi,Abu Dhabi,Silver,true,2020-02-18,2025-01-01T00:00:00
C01495,Ahmed,Khoury,ahmed.khoury1495@example.com,+971504859992,Ras Al Khaimah,Ras Al Khaimah,Bronze,true,2024-08-12,2025-01-01T00:00:00
C01541,Reem,Reyes,reem.reyes1541@example.com,+971508460359,Dubai,Dubai,Silver,false,2024-03-21,2025-01-01T00:00:00
C00444,Lucas,Al Shamsi,lucas.alshamsi444@example.com,+971508593275,Dubai,Dubai,Silver,false,2024-03-23,2025-01-01T00:00:00
C01945,Mark,Al Hashmi,mark.alhashmi1945@example.com,+971507752148,Sharjah,Sharjah,Bronze,false,2024-03-29,2025-01-01T00:00:00
C02375,Oliver,Iyer,oliver.iyer2375@example.com,+971509540685,Ras Al Khaimah,Ras Al Khaimah,Bronze,false,2020-11-12,2025-01-01T00:00:00
C00493,Maria,Khan,maria.khan493@example.com,+971504394845,Dubai,Dubai,Gold,true,2022-02-13,2025-01-01T00:00:00
C01750,Angela,Al Nuaimi,angela.alnuaimi1750@example.com,+971506313738,Ajman,Ajman,Platinum,false,2022-02-28,2025-01-01T00:00:00
C00385,Priya,Garcia,priya.garcia385@example.com,+971505620085,Sharjah,Sharjah,Gold,false,2021-04-03,2025-01-01T00:00:00
C01924,Angela,Al Suwaidi,angela.alsuwaidi1924@example.com,+971506612922,Abu Dhabi,Abu Dhabi,Bronze,true,2021-05-28,2025-01-01T00:00:00
C01832,Hamdan,Sheikh,hamdan.sheikh1832@example.com,+971507555022,Dubai,Dubai,Bronze,true,2021-04-20,2025-01-01T00:00:00
C01981,Liam,Garcia,liam.garcia1981@example.com,+971508127778,Sharjah,Sharjah,Silver,true,2020-08-10,2025-01-01T00:00:00
C01429,Rashid,Cruz,rashid.cruz1429@example.com,+971504858847,Dubai,Dubai,Bronze,false,2020-03-27,2025-01-01T00:00:00
C00213,Layla,Saleh,layla.saleh213@example.com,+971501786584,Abu Dhabi,Abu Dhabi,Gold,false,2024-02-14,2025-01-01T00:00:00
C00888,Mark,Al Nuaimi,mark.alnuaimi888@example.com,+971503557220,Dubai,Dubai,Platinum,true,2022-08-28,2025-01-01T00:00:00
C02003,Aisha,D'Souza,aisha.dsouza2003@example.com,+971504888965,Dubai,Dubai,Bronze,true,2020-10-03,2025-01-01T00:00:00
C01189,James,Khan,james.khan1189@example.com,+971501999542,Ras Al Khaimah,Ras Al Khaimah,Bronze,false,2023-02-17,2025-01-01T00:00:00
C01210,Hessa,Pillai,hessa.pillai1210@example.com,+971501250681,Dubai,Dubai,Silver,true,2020-06-02,2025-01-01T00:00:00
C00793,Oliver,Iyer,oliver.iyer793@example.com,+971504105895,Dubai,Dubai,Silver,true,2021-03-14,2025-01-01T00:00:00
C00577,Chloe,Smith,chloe.smith577@example.com,+971507917972,Ajman,Ajman,Gold,true,2021-10-07,2025-01-01T00:00:00
C01142,James,Cruz,james.cruz1142@example.com,+971502386047,Dubai,Dubai,Bronze,true,2022-06-08,2025-01-01T00:00:00
C00580,Saeed,Menon,saeed.menon580@example.com,+971501364088,Ajman,Ajman,Gold,true,2021-09-07,2025-01-01T00:00:00
C00197,James,Sheikh,james.sheikh197@example.com,+971507268384,Abu Dhabi,Abu Dhabi,Silver,false,2020-09-30,2025-01-01T00:00:00
C00300,Reem,Pillai,reem.pillai300@example.com,+971505044680,Abu Dhabi,Abu Dhabi,Silver,true,2020-04-21,2025-01-01T00:00:00
C00600,Vikram,Taylor,vikram.taylor600@example.com,+971501320081,Ajman,Ajman,Gold,false,2024-10-11,2025-01-01T00:00:00
C00340,Ali,Sharma,ali.sharma340@example.com,+971507516648,Abu Dhabi,Abu Dhabi,Gold,false,2020-04-24,2025-01-01T00:00:00
C01813,Omar,Al Zaabi,omar.alzaabi1813@example.com,+971502995699,Dubai,Dubai,Gold,false,2023-10-25,2025-01-01T00:00:00
C00036,Noura,Khoury,noura.khoury36@example.com,+971501019311,Ajman,Ajman,Bronze,true,2021-10-24,2025-01-01T00:00:00
C02598,Hamdan,Al Mansoori,hamdan.almansoori2598@example.com,+971508294648,Dubai,Dubai,Bronze,true,2022-08-31,2025-01-01T00:00:00
C00005,Tariq,Al Falasi,tariq.alfalasi5@example.com,+971503747534,Sharjah,Sharjah,Bronze,true,2020-12-09,2025-01-01T00:00:00
C00813,Rania,Al Nuaimi,rania.alnuaimi813@example.com,+971506725334,Sharjah,Sharjah,Bronze,true,2024-02-28,2025-01-01T00:00:00
C01598,Liam,Smith,liam.smith1598@example.com,+971505177495,Dubai,Dubai,Silver,true,2021-07-16,2025-01-01T00:00:00
C02065,Angela,Al Nuaimi,angela.alnuaimi2065@example.com,+971508935246,Umm Al Quwain,Umm Al Quwain,Bronze,true,2020-04-22,2025-01-01T00:00:00
C01970,Sophie,Santos,sophie.santos1970@example.com,+971504381430,Al Ain,Abu Dhabi,Bronze,true,2023-09-12,2025-01-01T00:00:00
C00526,Meera,Sharma,meera.sharma526@example.com,+971505528994,Sharjah,Sharjah,Silver,false,2023-03-25,2025-01-01T00:00:00
C01307,Dina,Hussain,dina.hussain1307@example.com,+971505836199,Dubai,Dubai,Silver,true,2021-08-16,2025-01-01T00:00:00
C00575,Meera,Mansour,meera.mansour575@example.com,+971508165129,Sharjah,Sharjah,Bronze,true,2022-01-03,2025-01-01T00:00:00
C01199,Jose,Qureshi,jose.qureshi1199@example.com,+971502295356,Sharjah,Sharjah,Bronze,false,2021-03-24,2025-01-01T00:00:00
C02054,Yasmin,Sheikh,yasmin.sheikh2054@example.com,+971509799517,Abu Dhabi,Abu Dhabi,Bronze,false,2023-02-23,2025-01-01T00:00:00
C00496,Mark,Sharma,mark.sharma496@example.com,+971509088689,Ras Al Khaimah,Ras Al Khaimah,Bronze,false,2022-12-21,2025-01-01T00:00:00
C00475,Tariq,Al Suwaidi,tariq.alsuwaidi475@example.com,+971503348838,Ajman,Ajman,Bronze,false,2023-08-15,2025-01-01T00:00:00
C01868,Emma,Saleh,emma.saleh1868@example.com,+971508115851,Sharjah,Sharjah,Bronze,true,2020-02-11,2025-01-01T00:00:00
C01922,Vikram,Khoury,vikram.khoury1922@example.com,+971506428764,Sharjah,Sharjah,Bronze,true,2022-08-07,2025-01-01T00:00:00
C01947,Yasmin,Taylor,yasmin.taylor1947@example.com,+971501704049,Dubai,Dubai,Bronze,true,2021-10-21,2025-01-01T00:00:00
C02545,James,Nasser,james.nasser2545@example.com,+971502397572,Ras Al Khaimah,Ras Al Khaimah,Silver,false,2021-03-15,2025-01-01T00:00:00
C00684,Hassan,Al Ketbi,hassan.alketbi684@example.com,+971505894806,Al Ain,Abu Dhabi,Silver,true,2020-12-12,2025-01-01T00:00:00
C02276,Aisha,Al Zaabi,aisha.alzaabi2276@example.com,+971507493199,Abu Dhabi,Abu Dhabi,Gold,true,2023-01-16,2025-01-01T00:00:00
C00917,Zainab,Reyes,zainab.reyes917@example.com,+971506947075,Abu Dhabi,Abu Dhabi,Bronze,false,2020-05-02,2025-01-01T00:00:00
C01871,Rashid,Al Suwaidi,rashid.alsuwaidi1871@example.com,+971501839952,Abu Dhabi,Abu Dhabi,Bronze,false,2023-12-19,2025-01-01T00:00:00
C00033,Yasmin,Farouk,yasmin.farouk33@example.com,+971504044882,Ras Al Khaimah,Ras Al Khaimah,Silver,true,2022-11-28,2025-01-01T00:00:00
C00513,Reem,Brown,reem.brown513@example.com,+971508698199,Fujairah,Fujairah,Gold,false,2024-04-25,2025-01-01T00:00:00
C01933,Grace,Patel,grace.patel1933@example.com,+971508214383,Abu Dhabi,Abu Dhabi,Platinum,false,2024-08-09,2025-01-01T00:00:00
C02312,Meera,Sheikh,meera.sheikh2312@example.com,+971507758079,Dubai,Dubai,Bronze,true,2023-01-14,2025-01-01T00:00:00
C02193,Priya,Iyer,priya.iyer2193@example.com,+971503296115,Ajman,Ajman,Bronze,true,2021-05-19,2025-01-01T00:00:00
C00032,Hassan,Al Nuaimi,hassan.alnuaimi32@example.com,+971505521644,Umm Al Quwain,Umm Al Quwain,Silver,true,2024-10-28,2025-01-01T00:00:00
C00781,Farhan,Taylor,farhan.taylor781@example.com,+971506899361,Dubai,Dubai,Bronze,true,2023-11-30,2025-01-01T00:00:00
C01914,Rodel,Reyes,rodel.reyes1914@example.com,+971509638445,Dubai,Dubai,Bronze,true,2020-05-13,2025-01-01T00:00:00
C02230,Angela,Cruz,angela.cruz2230@example.com,+971507313511,Ajman,Ajman,Bronze,false,2023-05-23,2025-01-01T00:00:00
C00019,Ahmed,Khan,ahmed.khan19@example.com,+971501914794,Dubai,Dubai,Silver,true,2021-09-11,2025-01-01T00:00:00
C00978,Tariq,Brown,tariq.brown978@example.com,+971506631448,Ajman,Ajman,Bronze,true,2022-08-15,2025-01-01T00:00:00
C00437,Imran,Fernandes,imran.fernandes437@example.com,+971508024028,Ajman,Ajman,Bronze,false,2023-05-26,2025-01-01T00:00:00
C01747,Olivia,Iyer,olivia.iyer1747@example.com,+971506037311,Dubai,Dubai,Bronze,false,2022-01-03,2025-01-01T00:00:00
C01229,Yousef,Farouk,yousef.farouk1229@example.com,+971502634873,Abu Dhabi,Abu Dhabi,Bronze,false,2022-07-11,2025-01-01T00:00:00
C01519,Karim,Pillai,karim.pillai1519@example.com,+971506793159,Abu Dhabi,Abu Dhabi,Bronze,false,2020-06-09,2025-01-01T00:00:00
C02122,Meera,Taylor,meera.taylor2122@example.com,+971509463790,Dubai,Dubai,Silver,true,2024-05-19,2025-01-01T00:00:00
C00516,Sana,Al Zaabi,sana.alzaabi516@example.com,+971503994493,Abu Dhabi,Abu Dhabi,Bronze,true,2024-03-13,2025-01-01T00:00:00
C01311,Mariam,Cruz,mariam.cruz1311@example.com,+971508938605,Dubai,Dubai,Bronze,false,2023-04-13,2025-01-01T00:00:00
C00675,Vikram,Khan,vikram.khan675@example.com,+971502203698,Dubai,Dubai,Bronze,false,2024-11-22,2025-01-01T00:00:00
C02600,Liam,Sharma,liam.sharma2600@example.com,+971509587550,Abu Dhabi,Abu Dhabi,Bronze,true,2021-11-01,2025-01-01T00:00:00
C01520,Anjali,Cruz,anjali.cruz1520@example.com,+971508574899,Sharjah,Sharjah,Bronze,false,2022-01-26,2025-01-01T00:00:00
C00286,Omar,Khoury,omar.khoury286@example.com,+971508208215,Dubai,Dubai,Bronze,true,2024-10-07,2025-01-01T00:00:00
C01298,Saeed,D'Souza,saeed.dsouza1298@example.com,+971503459253,Abu Dhabi,Abu Dhabi,Bronze,false,2024-09-06,2025-01-01T00:00:00
C01045,Reem,Saleh,reem.saleh1045@example.com,+971505177013,Dubai,Dubai,Bronze,true,2021-02-08,2025-01-01T00:00:00
C00910,Vikram,Sheikh,vikram.sheikh910@example.com,+971501969887,Ras Al Khaimah,Ras Al Khaimah,Bronze,false,2020-03-16,2025-01-01T00:00:00
C02295,Ravi,Smith,ravi.smith2295@example.com,+971502426942,Al Ain,Abu Dhabi,Bronze,true,2023-02-06,2025-01-01T00:00:00
C02427,Layla,Pillai,layla.pillai2427@example.com,+971506770848,Sharjah,Sharjah,Silver,false,2023-08-13,2025-01-01T00:00:00
C01762,Rodel,Santos,rodel.santos1762@example.com,+971507536008,Dubai,Dubai,Silver,true,2022-10-02,2025-01-01T00:00:00
C01574,Lucas,Taylor,lucas.taylor1574@example.com,+971505768677,Abu Dhabi,Abu Dhabi,Bronze,false,2021-07-19,2025-01-01T00:00:00
C01962,Arjun,Nair,arjun.nair1962@example.com,+971504991496,Abu Dhabi,Abu Dhabi,Bronze,true,2022-12-07,2025-01-01T00:00:00
C00733,Rodel,Qureshi,rodel.qureshi733@example.com,+971503288489,Abu Dhabi,Abu Dhabi,Silver,false,2023-06-02,2025-01-01T00:00:00
C01893,Sophie,Al Falasi,sophie.alfalasi1893@example.com,+971509179175,Ajman,Ajman,Silver,true,2020-04-14,2025-01-01T00:00:00
C00646,Rashid,Haddad,rashid.haddad646@example.com,+971502960327,Dubai,Dubai,Silver,true,2022-12-30,2025-01-01T00:00:00
C00838,Meera,Al Falasi,meera.alfalasi838@example.com,+971504965830,Abu Dhabi,Abu Dhabi,Bronze,false,2024-07-21,2025-01-01T00:00:00
C01397,Angela,Farouk,angela.farouk1397@example.com,+971508309667,Sharjah,Sharjah,Silver,false,2022-07-08,2025-01-01T00:00:00
C02112,Ayesha,Sheikh,ayesha.sheikh2112@example.com,+971503172440,Ajman,Ajman,Bronze,true,2022-10-15,2025-01-01T00:00:00
C00622,Lucas,Khan,lucas.khan622@example.com,+971506426773,Abu Dhabi,Abu Dhabi,Bronze,true,2023-11-26,2025-01-01T00:00:00
C00027,Farhan,Mansour,farhan.mansour27@example.com,+971504916201,Dubai,Dubai,Silver,false,2021-08-02,2025-01-01T00:00:00
C00830,Emma,Al Nuaimi,emma.alnuaimi830@example.com,+971502408104,Dubai,Dubai,Silver,false,2024-01-19,2025-01-01T00:00:00
C00018,Liam,D'Souza,liam.dsouza18@example.com,+971502686548,Abu Dhabi,Abu Dhabi,Bronze,true,2021-07-20,2025-01-01T00:00:00
C00853,Mohammed,Cruz,mohammed.cruz853@example.com,+971504950793,Umm Al Quwain,Umm Al Quwain,Gold,true,2020-10-25,2025-01-01T00:00:00
C01987,Ahmed,Nasser,ahmed.nasser1987@example.com,+971505704514,Dubai,Dubai,Gold,true,2021-06-09,2025-01-01T00:00:00
C02245,Imran,Qureshi,imran.qureshi2245@example.com,+971507317154,Ras Al Khaimah,Ras Al Khaimah,Bronze,true,2021-04-08,2025-01-01T00:00:00
C01753,Anjali,Santos,anjali.santos1753@example.com,+971509162698,Dubai,Dubai,Bronze,false,2020-11-20,2025-01-01T00:00:00
C01743,Priya,Wilson,priya.wilson1743@example.com,+971509901166,Sharjah,Sharjah,Silver,false,2022-05-23,2025-01-01T00:00:00
C01097,Layla,Al Ketbi,layla.alketbi1097@example.com,+971509647567,Dubai,Dubai,Silver,false,2022-08-28,2025-01-01T00:00:00
C02210,Tariq,Pillai,tariq.pillai2210@example.com,+971507627003,Ras Al Khaimah,Ras Al Khaimah,Silver,false,2024-08-27,2025-01-01T00:00:00
C02587,Omar,Iyer,omar.iyer2587@example.com,+971503402268,Dubai,Dubai,Bronze,true,2020-07-06,2025-01-01T00:00:00
C00273,Chloe,Fernandes,chloe.fernandes273@example.com,+971507864135,Al Ain,Abu Dhabi,Bronze,false,2022-02-25,2025-01-01T00:00:00
C00178,James,D'Souza,james.dsouza178@example.com,+971503905518,Dubai,Dubai,Gold,true,2023-09-18,2025-01-01T00:00:00
C02292,Mohammed,Al Zaabi,mohammed.alzaabi2292@example.com,+971507474995,Sharjah,Sharjah,Bronze,true,2020-01-05,2025-01-01T00:00:00
C01373,Grace,Al Mansoori,grace.almansoori1373@example.com,+971507018384,Abu Dhabi,Abu Dhabi,Silver,true,2020-02-05,2025-01-01T00:00:00
C01975,Arjun,Iyer,arjun.iyer1975@example.com,+971505523800,Fujairah,Fujairah,Bronze,true,2023-11-10,2025-01-01T00:00:00
C01918,Rania,Al Falasi,rania.alfalasi1918@example.com,+971508531631,Dubai,Dubai,Bronze,true,2020-04-30,2025-01-01T00:00:00
C00387,Vikram,Taylor,vikram.taylor387@example.com,+971505742531,Abu Dhabi,Abu Dhabi,Silver,true,2022-11-13,2025-01-01T00:00:00
C00582,Rania,Patel,rania.patel582@example.com,+971506038238,Dubai,Dubai,Silver,true,2024-12-26,2025-01-01T00:00:00
C01640,Layla,Al Nuaimi,layla.alnuaimi1640@example.com,+971506519070,Abu Dhabi,Abu Dhabi,Bronze,true,2023-03-07,2025-01-01T00:00:00
C01589,Tariq,Al Shamsi,tariq.alshamsi1589@example.com,+971506847188,Sharjah,Sharjah,Bronze,true,2022-12-28,2025-01-01T00:00:00
C00653,Salma,Garcia,salma.garcia653@example.com,+971506236888,Dubai,Dubai,Bronze,true,2022-12-02,2025-01-01T00:00:00
C01157,Ravi,Al Shamsi,ravi.alshamsi1157@example.com,+971502019943,Fujairah,Fujairah,Silver,true,2020-09-21,2025-01-01T00:00:00
C00669,Mariam,Menon,mariam.menon669@example.com,+971501003092,Sharjah,Sharjah,Silver,true,2020-05-05,2025-01-01T00:00:00
C02086,Imran,Wilson,imran.wilson2086@example.com,+971503873072,Sharjah,Sharjah,Bronze,false,2020-09-28,2025-01-01T00:00:00
C02431,Bilal,Al Shamsi,bilal.alshamsi2431@example.com,+971502537431,Abu Dhabi,Abu Dhabi,Silver,true,2022-11-04,2025-01-01T00:00:00
C02370,Khalid,Hussain,khalid.hussain2370@example.com,+971509798524,Dubai,Dubai,Bronze,false,2020-12-10,2025-01-01T00:00:00
C01014,Sophie,Brown,sophie.brown1014@example.com,+971509236918,Ras Al Khaimah,Ras Al Khaimah,Bronze,true,2021-05-20,2025-01-01T00:00:00
C00981,Zainab,Al Mansoori,zainab.almansoori981@example.com,+971501503611,Dubai,Dubai,Bronze,true,2020-01-14,2025-01-01T00:00:00
C01494,Mohammed,Sharma,mohammed.sharma1494@example.com,+971503989029,Ajman,Ajman,Bronze,true,2023-04-16,2025-01-01T00:00:00
C01012,Ayesha,Iyer,ayesha.iyer1012@example.com,+971506206200,Dubai,Dubai,Bronze,false,2022-06-04,2025-01-01T00:00:00
C01514,Mohammed,Nasser,mohammed.nasser1514@example.com,+971505609853,Abu Dhabi,Abu Dhabi,Bronze,false,2021-02-28,2025-01-01T00:00:00
C02235,Priya,Khoury,priya.khoury2235@example.com,+971509845104,Abu Dhabi,Abu Dhabi,Silver,true,2020-10-08,2025-01-01T00:00:00
C00615,Angela,Sharma,angela.sharma615@example.com,+971504402982,Sharjah,Sharjah,Bronze,false,2021-07-06,2025-01-01T00:00:00
C01802,Bilal,Cruz,bilal.cruz1802@example.com,+971509296512,Dubai,Dubai,Bronze,true,2022-08-15,2025-01-01T00:00:00
C01341,Rashid,Saleh,rashid.saleh1341@example.com,+971504226188,Sharjah,Sharjah,Silver,false,2024-02-28,2025-01-01T00:00:00
C01729,Yasmin,Patel,yasmin.patel1729@example.com,+971505414310,Sharjah,Sharjah,Platinum,true,2020-04-16,2025-01-01T00:00:00
C01425,Mohammed,Haddad,mohammed.haddad1425@example.com,+971506591646,Dubai,Dubai,Silver,true,2024-01-19,2025-01-01T00:00:00
C02409,Zainab,Haddad,zainab.haddad2409@example.com,+971508494118,Abu Dhabi,Abu Dhabi,Bronze,false,2021-10-23,2025-01-01T00:00:00
C00275,Ravi,Hussain,ravi.hussain275@example.com,+971509309978,Sharjah,Sharjah,Silver,true,2023-01-06,2025-01-01T00:00:00
C02209,Layla,Al Shamsi,layla.alshamsi2209@example.com,+971509419411,Dubai,Dubai,Silver,true,2021-10-10,2025-01-01T00:00:00
C01461,Ahmed,Nair,ahmed.nair1461@example.com,+971509824859,Abu Dhabi,Abu Dhabi,Bronze,true,2024-03-11,2025-01-01T00:00:00
C01047,Rashid,Iyer,rashid.iyer1047@example.com,+971509477402,Al Ain,Abu Dhabi,Silver,false,2022-02-12,2025-01-01T00:00:00
C00777,Noura,Taylor,noura.taylor777@example.com,+971501294357,Abu Dhabi,Abu Dhabi,Bronze,true,2024-08-02,2025-01-01T00:00:00
C01536,Priya,Al Falasi,priya.alfalasi1536@example.com,+971509961899,Sharjah,Sharjah,Bronze,false,2022-05-04,2025-01-01T00:00:00
C00850,Noura,Al Mansoori,noura.almansoori850@example.com,+971508300752,Sharjah,Sharjah,Gold,true,2023-03-07,2025-01-01T00:00:00
C02197,Khalid,Sheikh,khalid.sheikh2197@example.com,+971502814986,Abu Dhabi,Abu Dhabi,Silver,true,2022-07-06,2025-01-01T00:00:00
C01364,Arjun,Haddad,arjun.haddad1364@example.com,+971502417562,Dubai,Dubai,Bronze,true,2021-07-07,2025-01-01T00:00:00
C00116,Farhan,Hussain,farhan.hussain116@example.com,+971501733037,Sharjah,Sharjah,Bronze,false,2021-01-05,2025-01-01T00:00:00
C01315,Rodel,Qureshi,rodel.qureshi1315@example.com,+971508329845,Dubai,Dubai,Bronze,true,2023-07-10,2025-01-01T00:00:00
C00171,Imran,Smith,imran.smith171@example.com,+971506020319,Dubai,Dubai,Bronze,true,2020-10-13,2025-01-01T00:00:00
C01952,Priya,Haddad,priya.haddad1952@example.com,+971505708829,Umm Al Quwain,Umm Al Quwain,Gold,false,2023-11-26,2025-01-01T00:00:00
C00269,Meera,Garcia,meera.garcia269@example.com,+971502421902,Ras Al Khaimah,Ras Al Khaimah,Bronze,true,2020-12-19,2025-01-01T00:00:00
C01696,Mariam,Al Zaabi,mariam.alzaabi1696@example.com,+971507222701,Dubai,Dubai,Silver,true,2021-01-12,2025-01-01T00:00:00
C00655,Dina,Fernandes,dina.fernandes655@example.com,+971506877363,Dubai,Dubai,Bronze,false,2020-02-01,2025-01-01T00:00:00
C00816,Rodel,Saleh,rodel.saleh816@example.com,+971508066104,Abu Dhabi,Abu Dhabi,Bronze,true,2020-03-17,2025-01-01T00:00:00
C00828,Reem,Garcia,reem.garcia828@example.com,+971508317096,Abu Dhabi,Abu Dhabi,Silver,true,2020-02-26,2025-01-01T00:00:00
C02136,Vikram,Santos,vikram.santos2136@example.com,+971506696472,Al Ain,Abu Dhabi,Silver,false,2024-02-26,2025-01-01T00:00:00
C02373,Rashid,Al Hashmi,rashid.alhashmi2373@example.com,+971509669861,Abu Dhabi,Abu Dhabi,Silver,false,2022-08-21,2025-01-01T00:00:00
C01460,Vikram,Wilson,vikram.wilson1460@example.com,+971504586632,Sharjah,Sharjah,Bronze,true,2024-04-27,2025-01-01T00:00:00
C01797,Hassan,Al Shamsi,hassan.alshamsi1797@example.com,+971505711426,Al Ain,Abu Dhabi,Bronze,true,2020-01-28,2025-01-01T00:00:00
C01579,Priya,Reyes,priya.reyes1579@example.com,+971501388196,Abu Dhabi,Abu Dhabi,Bronze,true,2023-12-12,2025-01-01T00:00:00
C01926,Zainab,Brown,zainab.brown1926@example.com,+971507258302,Sharjah,Sharjah,Bronze,true,2023-07-17,2025-01-01T00:00:00
C02340,Saeed,Al Hashmi,saeed.alhashmi2340@example.com,+971502679685,Fujairah,Fujairah,Silver,false,2024-12-26,2025-01-01T00:00:00
C02330,Lucas,Al Suwaidi,lucas.alsuwaidi2330@example.com,+971502186539,Dubai,Dubai,Bronze,true,2021-09-28,2025-01-01T00:00:00
C00349,Layla,Al Mansoori,layla.almansoori349@example.com,+971507569981,Fujairah,Fujairah,Bronze,true,2020-09-17,2025-01-01T00:00:00
C00463,Olivia,Al Shamsi,olivia.alshamsi463@example.com,+971502217848,Sharjah,Sharjah,Gold,true,2024-03-28,2025-01-01T00:00:00
C01731,Ahmed,Al Nuaimi,ahmed.alnuaimi1731@example.com,+971504349443,Dubai,Dubai,Bronze,true,2023-07-02,2025-01-01T00:00:00
C02120,Meera,Smith,meera.smith2120@example.com,+971506668818,Dubai,Dubai,Bronze,false,2020-06-12,2025-01-01T00:00:00
C01738,Mariam,Qureshi,mariam.qureshi1738@example.com,+971502536556,Dubai,Dubai,Bronze,false,2024-03-07,2025-01-01T00:00:00
C01595,Oliver,Taylor,oliver.taylor1595@example.com,+971509535161,Abu Dhabi,Abu Dhabi,Gold,true,2024-06-25,2025-01-01T00:00:00
C02114,Reem,Taylor,reem.taylor2114@example.com,+971505518560,Dubai,Dubai,Silver,false,2024-06-10,2025-01-01T00:00:00
C01499,Ahmed,Hussain,ahmed.hussain1499@example.com,+971509505552,Dubai,Dubai,Silver,true,2024-07-10,2025-01-01T00:00:00
C00438,Grace,Khan,grace.khan438@example.com,+971509594877,Dubai,Dubai,Gold,true,2021-08-25,2025-01-01T00:00:00
C00383,Saeed,Sharma,saeed.sharma383@example.com,+971505514473,Al Ain,Abu Dhabi,Bronze,true,2021-03-14,2025-01-01T00:00:00
C01786,Rodel,Al Ketbi,rodel.alketbi1786@example.com,+971504855572,Al Ain,Abu Dhabi,Gold,false,2022-01-09,2025-01-01T00:00:00
C00422,Priya,Smith,priya.smith422@example.com,+971509804983,Dubai,Dubai,Platinum,false,2020-05-09,2025-01-01T00:00:00
C01982,Karim,Khoury,karim.khoury1982@example.com,+971506987578,Abu Dhabi,Abu Dhabi,Bronze,false,2021-02-12,2025-01-01T00:00:00
C00837,Farhan,Patel,farhan.patel837@example.com,+971507454030,Dubai,Dubai,Silver,false,2020-04-21,2025-01-01T00:00:00
C02289,Hessa,Al Falasi,hessa.alfalasi2289@example.com,+971509388090,Umm Al Quwain,Umm Al Quwain,Bronze,false,2020-07-30,2025-01-01T00:00:00
C02160,Salma,Pillai,salma.pillai2160@example.com,+971502954191,Abu Dhabi,Abu Dhabi,Gold,true,2024-07-18,2025-01-01T00:00:00
C02484,Ravi,Qureshi,ravi.qureshi2484@example.com,+971504488189,Dubai,Dubai,Bronze,true,2022-07-25,2025-01-01T00:00:00
C01659,Grace,Al Ketbi,grace.alketbi1659@example.com,+971508996464,Ras Al Khaimah,Ras Al Khaimah,Bronze,true,2023-02-20,2025-01-01T00:00:00
C00421,Liam,Khan,liam.khan421@example.com,+971509189341,Abu Dhabi,Abu Dhabi,Gold,true,2024-12-07,2025-01-01T00:00:00
C01895,Liam,Santos,liam.santos1895@example.com,+971504293942,Dubai,Dubai,Silver,true,2024-02-07,2025-01-01T00:00:00
C00634,Mark,Al Zaabi,mark.alzaabi634@example.com,+971503257303,Dubai,Dubai,Silver,true,2024-04-02,2025-01-01T00:00:00
C00153,Noura,D'Souza,noura.dsouza153@example.com,+971503762487,Dubai,Dubai,Bronze,false,2024-08-29,2025-01-01T00:00:00
C02492,Saeed,Nair,saeed.nair2492@example.com,+971508859220,Dubai,Dubai,Bronze,false,2020-02-14,2025-01-01T00:00:00
C00374,Reem,Al Ketbi,reem.alketbi374@example.com,+971505506097,Sharjah,Sharjah,Bronze,false,2023-11-15,2025-01-01T00:00:00
C00148,Karim,Qureshi,karim.qureshi148@example.com,+971509535505,Sharjah,Sharjah,Bronze,true,2023-12-05,2025-01-01T00:00:00
C01075,Vikram,Al Hashmi,vikram.alhashmi1075@example.com,+971505930202,Sharjah,Sharjah,Silver,false,2022-09-02,2025-01-01T00:00:00
C02249,Reem,Haddad,reem.haddad2249@example.com,+971501746392,Ajman,Ajman,Bronze,true,2022-01-09,2025-01-01T00:00:00
C01847,Salma,Cruz,salma.cruz1847@example.com,+971507064744,Dubai,Dubai,Bronze,true,2020-10-12,2025-01-01T00:00:00
C01995,Meera,Saleh,meera.saleh1995@example.com,+971502061460,Dubai,Dubai,Bronze,true,2021-09-05,2025-01-01T00:00:00
C00451,Salma,Garcia,salma.garcia451@example.com,+971507007679,Abu Dhabi,Abu Dhabi,Silver,true,2020-04-14,2025-01-01T00:00:00
C01833,Noura,D'Souza,noura.dsouza1833@example.com,+971509900636,Abu Dhabi,Abu Dhabi,Bronze,false,2020-01-25,2025-01-01T00:00:00
C02599,Noura,Farouk,noura.farouk2599@example.com,+971507855064,Sharjah,Sharjah,Gold,true,2021-01-06,2025-01-01T00:00:00
C01563,Hamdan,Al Hashmi,hamdan.alhashmi1563@example.com,+971504577178,Sharjah,Sharjah,Bronze,true,2021-01-09,2025-01-01T00:00:00
C01302,Mohammed,Patel,mohammed.patel1302@example.com,+971508226291,Abu Dhabi,Abu Dhabi,Bronze,true,2022-10-16,2025-01-01T00:00:00
C02115,Maria,Haddad,maria.haddad2115@example.com,+971506567970,Sharjah,Sharjah,Silver,true,2024-03-27,2025-01-01T00:00:00
C01652,Reem,Sharma,reem.sharma1652@example.com,+971504623343,Abu Dhabi,Abu Dhabi,Bronze,true,2021-03-24,2025-01-01T00:00:00
C02584,Rashid,Al Hashmi,rashid.alhashmi2584@example.com,+971504888291,Ajman,Ajman,Bronze,true,2021-10-30,2025-01-01T00:00:00
C00050,Ravi,Sharma,ravi.sharma50@example.com,+971508280833,Sharjah,Sharjah,Silver,false,2023-11-02,2025-01-01T00:00:00
C02558,Mark,Al Mansoori,mark.almansoori2558@example.com,+971505997287,Sharjah,Sharjah,Silver,true,2023-10-06,2025-01-01T00:00:00
C00173,Rania,Garcia,rania.garcia173@example.com,+971501447065,Sharjah,Sharjah,Bronze,false,2022-05-03,2025-01-01T00:00:00
C00808,Imran,Haddad,imran.haddad808@example.com,+971501603663,Abu Dhabi,Abu Dhabi,Bronze,false,2022-07-10,2025-01-01T00:00:00
C00205,Maria,Haddad,maria.haddad205@example.com,+971503231198,Dubai,Dubai,Bronze,false,2024-11-15,2025-01-01T00:00:00
C02072,Ahmed,Iyer,ahmed.iyer2072@example.com,+971502648408,Sharjah,Sharjah,Silver,false,2021-03-19,2025-01-01T00:00:00
C01443,Sophie,Al Falasi,sophie.alfalasi1443@example.com,+971508341730,Dubai,Dubai,Bronze,true,2020-11-27,2025-01-01T00:00:00
C01310,Vikram,Sheikh,vikram.sheikh1310@example.com,+971505541070,Fujairah,Fujairah,Platinum,true,2022-10-25,2025-01-01T00:00:00
C01877,Reem,Al Mansoori,reem.almansoori1877@example.com,+971503882234,Dubai,Dubai,Bronze,true,2021-01-17,2025-01-01T00:00:00
C01271,Liam,Garcia,liam.garcia1271@example.com,+971506801971,Dubai,Dubai,Bronze,false,2022-04-30,2025-01-01T00:00:00
C01956,Saeed,Al Ketbi,saeed.alketbi1956@example.com,+971502336525,Dubai,Dubai,Gold,false,2020-06-10,2025-01-01T00:00:00
C00890,Ayesha,Saleh,ayesha.saleh890@example.com,+971509316519,Umm Al Quwain,Umm Al Quwain,Bronze,true,2024-10-01,2025-01-01T00:00:00
C02110,Mohammed,Farouk,mohammed.farouk2110@example.com,+971502308486,Dubai,Dubai,Silver,false,2021-01-17,2025-01-01T00:00:00
C01125,Meera,Fernandes,meera.fernandes1125@example.com,+971503288888,Ras Al Khaimah,Ras Al Khaimah,Bronze,false,2022-05-18,2025-01-01T00:00:00
C00423,Sophie,D'Souza,sophie.dsouza423@example.com,+971502597897,Sharjah,Sharjah,Silver,true,2021-11-23,2025-01-01T00:00:00
C02140,Reem,Khan,reem.khan2140@example.com,+971502941686,Abu Dhabi,Abu Dhabi,Gold,true,2020-05-28,2025-01-01T00:00:00
C00783,Hamdan,D'Souza,hamdan.dsouza783@example.com,+971502912044,Ajman,Ajman,Bronze,true,2024-08-30,2025-01-01T00:00:00
C01353,Hamdan,Haddad,hamdan.haddad1353@example.com,+971501303581,Sharjah,Sharjah,Bronze,false,2024-05-03,2025-01-01T00:00:00
C00875,Maria,Iyer,maria.iyer875@example.com,+971508097946,Dubai,Dubai,Silver,false,2024-12-18,2025-01-01T00:00:00
C00311,Priya,Al Hashmi,priya.alhashmi311@example.com,+971502934976,Ras Al Khaimah,Ras Al Khaimah,Silver,true,2020-11-18,2025-01-01T00:00:00
C01393,Ayesha,Iyer,ayesha.iyer1393@example.com,+971503120605,Sharjah,Sharjah,Gold,true,2023-02-09,2025-01-01T00:00:00
C02085,Priya,Al Zaabi,priya.alzaabi2085@example.com,+971504329258,Umm Al Quwain,Umm Al Quwain,Bronze,true,2022-12-28,2025-01-01T00:00:00
C01577,Yousef,Al Zaabi,yousef.alzaabi1577@example.com,+971506267395,Ajman,Ajman,Gold,true,2020-02-14,2025-01-01T00:00:00
C01662,Hassan,Fernandes,hassan.fernandes1662@example.com,+971503419829,Fujairah,Fujairah,Gold,false,2021-04-21,2025-01-01T00:00:00
C01428,Reem,Al Mansoori,reem.almansoori1428@example.com,+971501336020,Dubai,Dubai,Bronze,false,2024-02-10,2025-01-01T00:00:00
C00262,James,Al Hashmi,james.alhashmi262@example.com,+971508590804,Abu Dhabi,Abu Dhabi,Bronze,true,2021-12-14,2025-01-01T00:00:00
C00992,Jose,Al Shamsi,jose.alshamsi992@example.com,+971504405783,Dubai,Dubai,Gold,true,2023-04-05,2025-01-01T00:00:00
C01114,Mark,Haddad,mark.haddad1114@example.com,+971505152322,Dubai,Dubai,Bronze,true,2024-06-01,2025-01-01T00:00:00
C00252,Zainab,Al Falasi,zainab.alfalasi252@example.com,+971504352088,Ras Al Khaimah,Ras Al Khaimah,Silver,true,2022-03-15,2025-01-01T00:00:00
C01155,Ayesha,Reyes,ayesha.reyes1155@example.com,+971506827390,Ras Al Khaimah,Ras Al Khaimah,Bronze,false,2023-02-01,2025-01-01T00:00:00
C00251,Ravi,Pillai,ravi.pillai251@example.com,+971505067204,Fujairah,Fujairah,Bronze,false,2021-10-15,2025-01-01T00:00:00
